solid OpenSCAD_Model
  facet normal 1 0 0
    outer loop
      vertex 12 29.6 9.99
      vertex 12 34 10
      vertex 12 29.6 10
    endloop
  endfacet
  facet normal 1 0 0
    outer loop
      vertex 12 34 10
      vertex 12 29.6 9.99
      vertex 12 34 0
    endloop
  endfacet
  facet normal 1 0 0
    outer loop
      vertex 12 6 0
      vertex 12 29.6 9.99
      vertex 12 6 9.99
    endloop
  endfacet
  facet normal 1 0 0
    outer loop
      vertex 12 29.6 9.99
      vertex 12 6 0
      vertex 12 34 0
    endloop
  endfacet
  facet normal 0 0 -1
    outer loop
      vertex 48 0 10
      vertex 43.6 4.4 10
      vertex 48 6 10
    endloop
  endfacet
  facet normal 0 0 -1
    outer loop
      vertex 48 0 10
      vertex 4.4 4.4 10
      vertex 43.6 4.4 10
    endloop
  endfacet
  facet normal 0 0 -1
    outer loop
      vertex 0 0 10
      vertex 4.4 4.4 10
      vertex 48 0 10
    endloop
  endfacet
  facet normal 0 0 -1
    outer loop
      vertex 0 6 10
      vertex 4.4 4.4 10
      vertex 0 0 10
    endloop
  endfacet
  facet normal 0 0 -1
    outer loop
      vertex 4.4 4.4 10
      vertex 0 6 10
      vertex 4.4 6 10
    endloop
  endfacet
  facet normal -0 0 -1
    outer loop
      vertex 48 6 10
      vertex 43.6 4.4 10
      vertex 43.6 6 10
    endloop
  endfacet
  facet normal 0 0 -1
    outer loop
      vertex 12 29.6 10
      vertex 36 34 10
      vertex 36 29.6 10
    endloop
  endfacet
  facet normal -0 0 -1
    outer loop
      vertex 36 34 10
      vertex 12 29.6 10
      vertex 12 34 10
    endloop
  endfacet
  facet normal 0 0 -1
    outer loop
      vertex 0 6 0
      vertex 12 34 0
      vertex 12 6 0
    endloop
  endfacet
  facet normal -0 0 -1
    outer loop
      vertex 12 34 0
      vertex 0 6 0
      vertex 0 34 0
    endloop
  endfacet
  facet normal -1 0 0
    outer loop
      vertex 0 6 10
      vertex 0 34 0
      vertex 0 6 0
    endloop
  endfacet
  facet normal -1 0 0
    outer loop
      vertex 0 34 0
      vertex 0 6 10
      vertex 0 34 300
    endloop
  endfacet
  facet normal -1 0 0
    outer loop
      vertex 0 0 300
      vertex 0 6 10
      vertex 0 0 10
    endloop
  endfacet
  facet normal -1 0 0
    outer loop
      vertex 0 6 10
      vertex 0 0 300
      vertex 0 34 300
    endloop
  endfacet
  facet normal 0 1 0
    outer loop
      vertex 13.6488 34 99.5863
      vertex 13.6488 34 210.414
      vertex 34.3512 34 99.5863
    endloop
  endfacet
  facet normal 0 1 0
    outer loop
      vertex 13.6488 34 210.414
      vertex 13.6488 34 99.5863
      vertex 13.44 34 99.6
    endloop
  endfacet
  facet normal 0 1 -0
    outer loop
      vertex 34.1459 34 99.5455
      vertex 13.6488 34 99.5863
      vertex 34.3512 34 99.5863
    endloop
  endfacet
  facet normal 0 1 0
    outer loop
      vertex 34.1459 34 99.5455
      vertex 13.8541 34 99.5455
      vertex 13.6488 34 99.5863
    endloop
  endfacet
  facet normal 0 1 -0
    outer loop
      vertex 33.9477 34 99.4782
      vertex 13.8541 34 99.5455
      vertex 34.1459 34 99.5455
    endloop
  endfacet
  facet normal 0 1 0
    outer loop
      vertex 33.9477 34 99.4782
      vertex 14.0523 34 99.4782
      vertex 13.8541 34 99.5455
    endloop
  endfacet
  facet normal 0 1 -0
    outer loop
      vertex 33.76 34 99.3856
      vertex 14.0523 34 99.4782
      vertex 33.9477 34 99.4782
    endloop
  endfacet
  facet normal 0 1 0
    outer loop
      vertex 33.76 34 99.3856
      vertex 14.24 34 99.3856
      vertex 14.0523 34 99.4782
    endloop
  endfacet
  facet normal 0 1 -0
    outer loop
      vertex 33.586 34 99.2694
      vertex 14.24 34 99.3856
      vertex 33.76 34 99.3856
    endloop
  endfacet
  facet normal 0 1 0
    outer loop
      vertex 33.586 34 99.2694
      vertex 14.414 34 99.2694
      vertex 14.24 34 99.3856
    endloop
  endfacet
  facet normal 0 1 -0
    outer loop
      vertex 33.4286 34 99.1314
      vertex 14.414 34 99.2694
      vertex 33.586 34 99.2694
    endloop
  endfacet
  facet normal 0 1 0
    outer loop
      vertex 33.4286 34 99.1314
      vertex 14.5714 34 99.1314
      vertex 14.414 34 99.2694
    endloop
  endfacet
  facet normal 0 1 -0
    outer loop
      vertex 33.2906 34 98.974
      vertex 14.5714 34 99.1314
      vertex 33.4286 34 99.1314
    endloop
  endfacet
  facet normal 0 1 0
    outer loop
      vertex 33.2906 34 98.974
      vertex 14.7094 34 98.974
      vertex 14.5714 34 99.1314
    endloop
  endfacet
  facet normal 0 1 -0
    outer loop
      vertex 33.1744 34 98.8
      vertex 14.7094 34 98.974
      vertex 33.2906 34 98.974
    endloop
  endfacet
  facet normal 0 1 0
    outer loop
      vertex 33.1744 34 98.8
      vertex 14.8256 34 98.8
      vertex 14.7094 34 98.974
    endloop
  endfacet
  facet normal 0 1 -0
    outer loop
      vertex 33.0818 34 98.6123
      vertex 14.8256 34 98.8
      vertex 33.1744 34 98.8
    endloop
  endfacet
  facet normal 0 1 0
    outer loop
      vertex 33.0818 34 98.6123
      vertex 14.9182 34 98.6123
      vertex 14.8256 34 98.8
    endloop
  endfacet
  facet normal 0 1 -0
    outer loop
      vertex 33.0145 34 98.4141
      vertex 14.9182 34 98.6123
      vertex 33.0818 34 98.6123
    endloop
  endfacet
  facet normal 0 1 0
    outer loop
      vertex 33.0145 34 98.4141
      vertex 14.9855 34 98.4141
      vertex 14.9182 34 98.6123
    endloop
  endfacet
  facet normal 0 1 -0
    outer loop
      vertex 32.9737 34 98.2088
      vertex 14.9855 34 98.4141
      vertex 33.0145 34 98.4141
    endloop
  endfacet
  facet normal 0 1 0
    outer loop
      vertex 32.9737 34 98.2088
      vertex 15.0263 34 98.2088
      vertex 14.9855 34 98.4141
    endloop
  endfacet
  facet normal 0 1 -0
    outer loop
      vertex 32.96 34 98
      vertex 15.0263 34 98.2088
      vertex 32.9737 34 98.2088
    endloop
  endfacet
  facet normal 0 1 0
    outer loop
      vertex 32.96 34 98
      vertex 15.04 34 98
      vertex 15.0263 34 98.2088
    endloop
  endfacet
  facet normal 0 1 0
    outer loop
      vertex 32.9737 34 97.7912
      vertex 15.04 34 98
      vertex 32.96 34 98
    endloop
  endfacet
  facet normal 0 1 0
    outer loop
      vertex 32.9737 34 97.7912
      vertex 15.0263 34 97.7912
      vertex 15.04 34 98
    endloop
  endfacet
  facet normal 0 1 0
    outer loop
      vertex 33.0145 34 97.5859
      vertex 15.0263 34 97.7912
      vertex 32.9737 34 97.7912
    endloop
  endfacet
  facet normal 0 1 0
    outer loop
      vertex 33.0145 34 97.5859
      vertex 14.9855 34 97.5859
      vertex 15.0263 34 97.7912
    endloop
  endfacet
  facet normal 0 1 0
    outer loop
      vertex 33.0818 34 97.3877
      vertex 14.9855 34 97.5859
      vertex 33.0145 34 97.5859
    endloop
  endfacet
  facet normal 0 1 0
    outer loop
      vertex 33.0818 34 97.3877
      vertex 14.9182 34 97.3877
      vertex 14.9855 34 97.5859
    endloop
  endfacet
  facet normal 0 1 0
    outer loop
      vertex 33.1744 34 97.2
      vertex 14.9182 34 97.3877
      vertex 33.0818 34 97.3877
    endloop
  endfacet
  facet normal 0 1 0
    outer loop
      vertex 33.1744 34 97.2
      vertex 14.8256 34 97.2
      vertex 14.9182 34 97.3877
    endloop
  endfacet
  facet normal 0 1 0
    outer loop
      vertex 33.2906 34 97.026
      vertex 14.8256 34 97.2
      vertex 33.1744 34 97.2
    endloop
  endfacet
  facet normal 0 1 0
    outer loop
      vertex 33.2906 34 97.026
      vertex 14.7094 34 97.026
      vertex 14.8256 34 97.2
    endloop
  endfacet
  facet normal 0 1 0
    outer loop
      vertex 33.4286 34 96.8686
      vertex 14.7094 34 97.026
      vertex 33.2906 34 97.026
    endloop
  endfacet
  facet normal 0 1 0
    outer loop
      vertex 33.4286 34 96.8686
      vertex 14.5714 34 96.8686
      vertex 14.7094 34 97.026
    endloop
  endfacet
  facet normal 0 1 0
    outer loop
      vertex 33.586 34 96.7306
      vertex 14.5714 34 96.8686
      vertex 33.4286 34 96.8686
    endloop
  endfacet
  facet normal 0 1 0
    outer loop
      vertex 33.586 34 96.7306
      vertex 14.414 34 96.7306
      vertex 14.5714 34 96.8686
    endloop
  endfacet
  facet normal 0 1 0
    outer loop
      vertex 33.76 34 96.6144
      vertex 14.414 34 96.7306
      vertex 33.586 34 96.7306
    endloop
  endfacet
  facet normal 0 1 0
    outer loop
      vertex 33.76 34 96.6144
      vertex 14.24 34 96.6144
      vertex 14.414 34 96.7306
    endloop
  endfacet
  facet normal 0 1 0
    outer loop
      vertex 33.9477 34 96.5218
      vertex 14.24 34 96.6144
      vertex 33.76 34 96.6144
    endloop
  endfacet
  facet normal 0 1 0
    outer loop
      vertex 33.9477 34 96.5218
      vertex 14.0523 34 96.5218
      vertex 14.24 34 96.6144
    endloop
  endfacet
  facet normal 0 1 0
    outer loop
      vertex 34.1459 34 96.4545
      vertex 14.0523 34 96.5218
      vertex 33.9477 34 96.5218
    endloop
  endfacet
  facet normal 0 1 0
    outer loop
      vertex 34.1459 34 96.4545
      vertex 13.8541 34 96.4545
      vertex 14.0523 34 96.5218
    endloop
  endfacet
  facet normal 0 1 0
    outer loop
      vertex 24 34 19.5
      vertex 34.1459 34 96.4545
      vertex 34.3512 34 96.4137
    endloop
  endfacet
  facet normal 0 1 0
    outer loop
      vertex 34.1459 34 96.4545
      vertex 24 34 19.5
      vertex 13.8541 34 96.4545
    endloop
  endfacet
  facet normal 0 1 0
    outer loop
      vertex 24.4568 34 19.4701
      vertex 34.3512 34 96.4137
      vertex 34.56 34 96.4
    endloop
  endfacet
  facet normal 0 1 0
    outer loop
      vertex 13.8541 34 96.4545
      vertex 24 34 19.5
      vertex 13.6488 34 96.4137
    endloop
  endfacet
  facet normal 0 1 0
    outer loop
      vertex 48 34 300
      vertex 34.1459 34 213.545
      vertex 0 34 300
    endloop
  endfacet
  facet normal 0 1 0
    outer loop
      vertex 0 34 300
      vertex 13.6488 34 213.586
      vertex 13.44 34 213.6
    endloop
  endfacet
  facet normal 0 1 -0
    outer loop
      vertex 13.8541 34 213.545
      vertex 0 34 300
      vertex 34.1459 34 213.545
    endloop
  endfacet
  facet normal 0 1 0
    outer loop
      vertex 0 34 300
      vertex 13.8541 34 213.545
      vertex 13.6488 34 213.586
    endloop
  endfacet
  facet normal 0 1 -0
    outer loop
      vertex 33.9477 34 213.478
      vertex 13.8541 34 213.545
      vertex 34.1459 34 213.545
    endloop
  endfacet
  facet normal 0 1 0
    outer loop
      vertex 33.9477 34 213.478
      vertex 14.0523 34 213.478
      vertex 13.8541 34 213.545
    endloop
  endfacet
  facet normal 0 1 -0
    outer loop
      vertex 33.76 34 213.386
      vertex 14.0523 34 213.478
      vertex 33.9477 34 213.478
    endloop
  endfacet
  facet normal 0 1 0
    outer loop
      vertex 33.76 34 213.386
      vertex 14.24 34 213.386
      vertex 14.0523 34 213.478
    endloop
  endfacet
  facet normal 0 1 -0
    outer loop
      vertex 33.586 34 213.269
      vertex 14.24 34 213.386
      vertex 33.76 34 213.386
    endloop
  endfacet
  facet normal 0 1 0
    outer loop
      vertex 33.586 34 213.269
      vertex 14.414 34 213.269
      vertex 14.24 34 213.386
    endloop
  endfacet
  facet normal 0 1 -0
    outer loop
      vertex 33.4286 34 213.131
      vertex 14.414 34 213.269
      vertex 33.586 34 213.269
    endloop
  endfacet
  facet normal 0 1 0
    outer loop
      vertex 33.4286 34 213.131
      vertex 14.5714 34 213.131
      vertex 14.414 34 213.269
    endloop
  endfacet
  facet normal 0 1 -0
    outer loop
      vertex 33.2906 34 212.974
      vertex 14.5714 34 213.131
      vertex 33.4286 34 213.131
    endloop
  endfacet
  facet normal 0 1 0
    outer loop
      vertex 33.2906 34 212.974
      vertex 14.7094 34 212.974
      vertex 14.5714 34 213.131
    endloop
  endfacet
  facet normal 0 1 -0
    outer loop
      vertex 33.1744 34 212.8
      vertex 14.7094 34 212.974
      vertex 33.2906 34 212.974
    endloop
  endfacet
  facet normal 0 1 0
    outer loop
      vertex 33.1744 34 212.8
      vertex 14.8256 34 212.8
      vertex 14.7094 34 212.974
    endloop
  endfacet
  facet normal 0 1 -0
    outer loop
      vertex 33.0818 34 212.612
      vertex 14.8256 34 212.8
      vertex 33.1744 34 212.8
    endloop
  endfacet
  facet normal 0 1 0
    outer loop
      vertex 33.0818 34 212.612
      vertex 14.9182 34 212.612
      vertex 14.8256 34 212.8
    endloop
  endfacet
  facet normal 0 1 -0
    outer loop
      vertex 33.0145 34 212.414
      vertex 14.9182 34 212.612
      vertex 33.0818 34 212.612
    endloop
  endfacet
  facet normal 0 1 0
    outer loop
      vertex 33.0145 34 212.414
      vertex 14.9855 34 212.414
      vertex 14.9182 34 212.612
    endloop
  endfacet
  facet normal 0 1 -0
    outer loop
      vertex 32.9737 34 212.209
      vertex 14.9855 34 212.414
      vertex 33.0145 34 212.414
    endloop
  endfacet
  facet normal 0 1 0
    outer loop
      vertex 32.9737 34 212.209
      vertex 15.0263 34 212.209
      vertex 14.9855 34 212.414
    endloop
  endfacet
  facet normal 0 1 -0
    outer loop
      vertex 32.96 34 212
      vertex 15.0263 34 212.209
      vertex 32.9737 34 212.209
    endloop
  endfacet
  facet normal 0 1 0
    outer loop
      vertex 32.96 34 212
      vertex 15.04 34 212
      vertex 15.0263 34 212.209
    endloop
  endfacet
  facet normal 0 1 0
    outer loop
      vertex 32.9737 34 211.791
      vertex 15.04 34 212
      vertex 32.96 34 212
    endloop
  endfacet
  facet normal 0 1 0
    outer loop
      vertex 32.9737 34 211.791
      vertex 15.0263 34 211.791
      vertex 15.04 34 212
    endloop
  endfacet
  facet normal 0 1 0
    outer loop
      vertex 33.0145 34 211.586
      vertex 15.0263 34 211.791
      vertex 32.9737 34 211.791
    endloop
  endfacet
  facet normal 0 1 0
    outer loop
      vertex 33.0145 34 211.586
      vertex 14.9855 34 211.586
      vertex 15.0263 34 211.791
    endloop
  endfacet
  facet normal 0 1 0
    outer loop
      vertex 33.0818 34 211.388
      vertex 14.9855 34 211.586
      vertex 33.0145 34 211.586
    endloop
  endfacet
  facet normal 0 1 0
    outer loop
      vertex 33.0818 34 211.388
      vertex 14.9182 34 211.388
      vertex 14.9855 34 211.586
    endloop
  endfacet
  facet normal 0 1 0
    outer loop
      vertex 33.1744 34 211.2
      vertex 14.9182 34 211.388
      vertex 33.0818 34 211.388
    endloop
  endfacet
  facet normal 0 1 0
    outer loop
      vertex 33.1744 34 211.2
      vertex 14.8256 34 211.2
      vertex 14.9182 34 211.388
    endloop
  endfacet
  facet normal 0 1 0
    outer loop
      vertex 33.2906 34 211.026
      vertex 14.8256 34 211.2
      vertex 33.1744 34 211.2
    endloop
  endfacet
  facet normal 0 1 0
    outer loop
      vertex 33.2906 34 211.026
      vertex 14.7094 34 211.026
      vertex 14.8256 34 211.2
    endloop
  endfacet
  facet normal 0 1 0
    outer loop
      vertex 33.4286 34 210.869
      vertex 14.7094 34 211.026
      vertex 33.2906 34 211.026
    endloop
  endfacet
  facet normal 0 1 0
    outer loop
      vertex 33.4286 34 210.869
      vertex 14.5714 34 210.869
      vertex 14.7094 34 211.026
    endloop
  endfacet
  facet normal 0 1 0
    outer loop
      vertex 33.586 34 210.731
      vertex 14.5714 34 210.869
      vertex 33.4286 34 210.869
    endloop
  endfacet
  facet normal 0 1 0
    outer loop
      vertex 33.586 34 210.731
      vertex 14.414 34 210.731
      vertex 14.5714 34 210.869
    endloop
  endfacet
  facet normal 0 1 0
    outer loop
      vertex 33.76 34 210.614
      vertex 14.414 34 210.731
      vertex 33.586 34 210.731
    endloop
  endfacet
  facet normal 0 1 0
    outer loop
      vertex 33.76 34 210.614
      vertex 14.24 34 210.614
      vertex 14.414 34 210.731
    endloop
  endfacet
  facet normal 0 1 0
    outer loop
      vertex 33.9477 34 210.522
      vertex 14.24 34 210.614
      vertex 33.76 34 210.614
    endloop
  endfacet
  facet normal 0 1 0
    outer loop
      vertex 33.9477 34 210.522
      vertex 14.0523 34 210.522
      vertex 14.24 34 210.614
    endloop
  endfacet
  facet normal 0 1 0
    outer loop
      vertex 34.1459 34 210.455
      vertex 14.0523 34 210.522
      vertex 33.9477 34 210.522
    endloop
  endfacet
  facet normal 0 1 0
    outer loop
      vertex 34.1459 34 210.455
      vertex 13.8541 34 210.455
      vertex 14.0523 34 210.522
    endloop
  endfacet
  facet normal 0 1 0
    outer loop
      vertex 34.3512 34 210.414
      vertex 13.8541 34 210.455
      vertex 34.1459 34 210.455
    endloop
  endfacet
  facet normal 0 1 0
    outer loop
      vertex 34.3512 34 210.414
      vertex 13.6488 34 210.414
      vertex 13.8541 34 210.455
    endloop
  endfacet
  facet normal 0 1 -0
    outer loop
      vertex 34.56 34 99.6
      vertex 34.3512 34 210.414
      vertex 34.56 34 210.4
    endloop
  endfacet
  facet normal 0 1 0
    outer loop
      vertex 34.3512 34 99.5863
      vertex 34.3512 34 210.414
      vertex 34.56 34 99.6
    endloop
  endfacet
  facet normal 0 1 0
    outer loop
      vertex 34.3512 34 213.586
      vertex 48 34 300
      vertex 34.56 34 213.6
    endloop
  endfacet
  facet normal 0 1 0
    outer loop
      vertex 48 34 300
      vertex 34.7688 34 213.586
      vertex 34.56 34 213.6
    endloop
  endfacet
  facet normal 0 1 0
    outer loop
      vertex 48 34 300
      vertex 34.9741 34 213.545
      vertex 34.7688 34 213.586
    endloop
  endfacet
  facet normal 0 1 0
    outer loop
      vertex 48 34 300
      vertex 35.1723 34 213.478
      vertex 34.9741 34 213.545
    endloop
  endfacet
  facet normal 0 1 0
    outer loop
      vertex 48 34 300
      vertex 35.36 34 213.386
      vertex 35.1723 34 213.478
    endloop
  endfacet
  facet normal 0 1 0
    outer loop
      vertex 48 34 300
      vertex 35.534 34 213.269
      vertex 35.36 34 213.386
    endloop
  endfacet
  facet normal 0 1 0
    outer loop
      vertex 48 34 300
      vertex 35.6914 34 213.131
      vertex 35.534 34 213.269
    endloop
  endfacet
  facet normal 0 1 0
    outer loop
      vertex 48 34 300
      vertex 35.8294 34 212.974
      vertex 35.6914 34 213.131
    endloop
  endfacet
  facet normal 0 1 0
    outer loop
      vertex 48 34 300
      vertex 35.9456 34 212.8
      vertex 35.8294 34 212.974
    endloop
  endfacet
  facet normal 0 1 0
    outer loop
      vertex 48 34 300
      vertex 36.0382 34 212.612
      vertex 35.9456 34 212.8
    endloop
  endfacet
  facet normal 0 1 0
    outer loop
      vertex 48 34 300
      vertex 36.1055 34 212.414
      vertex 36.0382 34 212.612
    endloop
  endfacet
  facet normal 0 1 0
    outer loop
      vertex 48 34 300
      vertex 36.1463 34 212.209
      vertex 36.1055 34 212.414
    endloop
  endfacet
  facet normal 0 1 0
    outer loop
      vertex 48 34 300
      vertex 36.16 34 212
      vertex 36.1463 34 212.209
    endloop
  endfacet
  facet normal 0 1 0
    outer loop
      vertex 48 34 300
      vertex 36.1463 34 211.791
      vertex 36.16 34 212
    endloop
  endfacet
  facet normal 0 1 0
    outer loop
      vertex 34.3512 34 210.414
      vertex 34.3512 34 99.5863
      vertex 13.6488 34 210.414
    endloop
  endfacet
  facet normal 0 1 0
    outer loop
      vertex 34.7688 34 210.414
      vertex 34.56 34 99.6
      vertex 34.56 34 210.4
    endloop
  endfacet
  facet normal 0 1 0
    outer loop
      vertex 34.7688 34 99.5863
      vertex 34.7688 34 210.414
      vertex 34.9741 34 210.455
    endloop
  endfacet
  facet normal 0 1 0
    outer loop
      vertex 34.9741 34 99.5455
      vertex 34.9741 34 210.455
      vertex 35.1723 34 210.522
    endloop
  endfacet
  facet normal 0 1 0
    outer loop
      vertex 35.1723 34 99.4782
      vertex 35.1723 34 210.522
      vertex 35.36 34 210.614
    endloop
  endfacet
  facet normal 0 1 0
    outer loop
      vertex 35.36 34 99.3856
      vertex 35.36 34 210.614
      vertex 35.534 34 210.731
    endloop
  endfacet
  facet normal 0 1 0
    outer loop
      vertex 35.534 34 99.2694
      vertex 35.534 34 210.731
      vertex 35.6914 34 210.869
    endloop
  endfacet
  facet normal 0 1 0
    outer loop
      vertex 35.6914 34 99.1314
      vertex 35.6914 34 210.869
      vertex 35.8294 34 211.026
    endloop
  endfacet
  facet normal 0 1 0
    outer loop
      vertex 35.8294 34 98.974
      vertex 35.8294 34 211.026
      vertex 35.9456 34 211.2
    endloop
  endfacet
  facet normal 0 1 0
    outer loop
      vertex 35.9456 34 98.8
      vertex 35.9456 34 211.2
      vertex 36.0382 34 211.388
    endloop
  endfacet
  facet normal 0 1 0
    outer loop
      vertex 36.0382 34 98.6123
      vertex 36.0382 34 211.388
      vertex 36.1055 34 211.586
    endloop
  endfacet
  facet normal 0 1 0
    outer loop
      vertex 36.1055 34 98.4141
      vertex 36.1055 34 211.586
      vertex 36.1463 34 211.791
    endloop
  endfacet
  facet normal 0 1 0
    outer loop
      vertex 36.1463 34 98.2088
      vertex 36.1463 34 211.791
      vertex 48 34 300
    endloop
  endfacet
  facet normal 0 1 0
    outer loop
      vertex 34.7688 34 210.414
      vertex 34.7688 34 99.5863
      vertex 34.56 34 99.6
    endloop
  endfacet
  facet normal 0 1 0
    outer loop
      vertex 34.9741 34 210.455
      vertex 34.9741 34 99.5455
      vertex 34.7688 34 99.5863
    endloop
  endfacet
  facet normal 0 1 0
    outer loop
      vertex 35.1723 34 210.522
      vertex 35.1723 34 99.4782
      vertex 34.9741 34 99.5455
    endloop
  endfacet
  facet normal 0 1 0
    outer loop
      vertex 35.36 34 210.614
      vertex 35.36 34 99.3856
      vertex 35.1723 34 99.4782
    endloop
  endfacet
  facet normal 0 1 0
    outer loop
      vertex 35.534 34 210.731
      vertex 35.534 34 99.2694
      vertex 35.36 34 99.3856
    endloop
  endfacet
  facet normal 0 1 0
    outer loop
      vertex 35.6914 34 210.869
      vertex 35.6914 34 99.1314
      vertex 35.534 34 99.2694
    endloop
  endfacet
  facet normal 0 1 0
    outer loop
      vertex 35.8294 34 211.026
      vertex 35.8294 34 98.974
      vertex 35.6914 34 99.1314
    endloop
  endfacet
  facet normal 0 1 0
    outer loop
      vertex 35.9456 34 211.2
      vertex 35.9456 34 98.8
      vertex 35.8294 34 98.974
    endloop
  endfacet
  facet normal 0 1 0
    outer loop
      vertex 36.0382 34 211.388
      vertex 36.0382 34 98.6123
      vertex 35.9456 34 98.8
    endloop
  endfacet
  facet normal 0 1 0
    outer loop
      vertex 36.1055 34 211.586
      vertex 36.1055 34 98.4141
      vertex 36.0382 34 98.6123
    endloop
  endfacet
  facet normal 0 1 0
    outer loop
      vertex 36.1463 34 211.791
      vertex 36.1463 34 98.2088
      vertex 36.1055 34 98.4141
    endloop
  endfacet
  facet normal 0 1 0
    outer loop
      vertex 48 34 300
      vertex 36.16 34 98
      vertex 36.1463 34 98.2088
    endloop
  endfacet
  facet normal 0 1 -0
    outer loop
      vertex 23.5432 34 19.4701
      vertex 13.6488 34 96.4137
      vertex 24 34 19.5
    endloop
  endfacet
  facet normal 0 1 0
    outer loop
      vertex 24.9059 34 19.3807
      vertex 34.56 34 96.4
      vertex 34.7688 34 96.4137
    endloop
  endfacet
  facet normal 0 1 0
    outer loop
      vertex 25.3394 34 19.2336
      vertex 34.7688 34 96.4137
      vertex 34.9741 34 96.4545
    endloop
  endfacet
  facet normal 0 1 0
    outer loop
      vertex 25.75 34 19.0311
      vertex 34.9741 34 96.4545
      vertex 35.1723 34 96.5218
    endloop
  endfacet
  facet normal 0 1 0
    outer loop
      vertex 26.1307 34 18.7767
      vertex 35.1723 34 96.5218
      vertex 35.36 34 96.6144
    endloop
  endfacet
  facet normal 0 1 0
    outer loop
      vertex 26.4749 34 18.4749
      vertex 35.36 34 96.6144
      vertex 35.534 34 96.7306
    endloop
  endfacet
  facet normal 0 1 0
    outer loop
      vertex 36 34 10
      vertex 35.534 34 96.7306
      vertex 35.6914 34 96.8686
    endloop
  endfacet
  facet normal 0 1 0
    outer loop
      vertex 48 34 0
      vertex 35.6914 34 96.8686
      vertex 35.8294 34 97.026
    endloop
  endfacet
  facet normal 0 1 0
    outer loop
      vertex 48 34 0
      vertex 35.8294 34 97.026
      vertex 35.9456 34 97.2
    endloop
  endfacet
  facet normal 0 1 0
    outer loop
      vertex 48 34 0
      vertex 35.9456 34 97.2
      vertex 36.0382 34 97.3877
    endloop
  endfacet
  facet normal 0 1 0
    outer loop
      vertex 48 34 0
      vertex 36.0382 34 97.3877
      vertex 36.1055 34 97.5859
    endloop
  endfacet
  facet normal 0 1 0
    outer loop
      vertex 48 34 0
      vertex 36.1055 34 97.5859
      vertex 36.1463 34 97.7912
    endloop
  endfacet
  facet normal 0 1 0
    outer loop
      vertex 34.3512 34 96.4137
      vertex 24.4568 34 19.4701
      vertex 24 34 19.5
    endloop
  endfacet
  facet normal 0 1 0
    outer loop
      vertex 34.56 34 96.4
      vertex 24.9059 34 19.3807
      vertex 24.4568 34 19.4701
    endloop
  endfacet
  facet normal 0 1 0
    outer loop
      vertex 34.7688 34 96.4137
      vertex 25.3394 34 19.2336
      vertex 24.9059 34 19.3807
    endloop
  endfacet
  facet normal 0 1 0
    outer loop
      vertex 34.9741 34 96.4545
      vertex 25.75 34 19.0311
      vertex 25.3394 34 19.2336
    endloop
  endfacet
  facet normal 0 1 0
    outer loop
      vertex 35.1723 34 96.5218
      vertex 26.1307 34 18.7767
      vertex 25.75 34 19.0311
    endloop
  endfacet
  facet normal 0 1 0
    outer loop
      vertex 35.36 34 96.6144
      vertex 26.4749 34 18.4749
      vertex 26.1307 34 18.7767
    endloop
  endfacet
  facet normal 0 1 0
    outer loop
      vertex 35.534 34 96.7306
      vertex 26.7767 34 18.1307
      vertex 26.4749 34 18.4749
    endloop
  endfacet
  facet normal 0 1 0
    outer loop
      vertex 35.534 34 96.7306
      vertex 36 34 10
      vertex 26.7767 34 18.1307
    endloop
  endfacet
  facet normal 0 1 0
    outer loop
      vertex 26.7767 34 18.1307
      vertex 36 34 10
      vertex 27.0311 34 17.75
    endloop
  endfacet
  facet normal 0 1 0
    outer loop
      vertex 27.0311 34 17.75
      vertex 36 34 10
      vertex 27.2336 34 17.3394
    endloop
  endfacet
  facet normal 0 1 0
    outer loop
      vertex 27.2336 34 17.3394
      vertex 36 34 10
      vertex 27.3807 34 16.9059
    endloop
  endfacet
  facet normal 0 1 0
    outer loop
      vertex 27.3807 34 16.9059
      vertex 36 34 10
      vertex 27.4701 34 16.4568
    endloop
  endfacet
  facet normal 0 1 0
    outer loop
      vertex 27.4701 34 16.4568
      vertex 36 34 10
      vertex 27.5 34 16
    endloop
  endfacet
  facet normal 0 1 0
    outer loop
      vertex 24.4568 34 12.5299
      vertex 36 34 10
      vertex 24 34 12.5
    endloop
  endfacet
  facet normal 0 1 0
    outer loop
      vertex 24.9059 34 12.6193
      vertex 36 34 10
      vertex 24.4568 34 12.5299
    endloop
  endfacet
  facet normal 0 1 0
    outer loop
      vertex 25.3394 34 12.7664
      vertex 36 34 10
      vertex 24.9059 34 12.6193
    endloop
  endfacet
  facet normal 0 1 0
    outer loop
      vertex 25.75 34 12.9689
      vertex 36 34 10
      vertex 25.3394 34 12.7664
    endloop
  endfacet
  facet normal 0 1 0
    outer loop
      vertex 26.1307 34 13.2233
      vertex 36 34 10
      vertex 25.75 34 12.9689
    endloop
  endfacet
  facet normal 0 1 0
    outer loop
      vertex 26.4749 34 13.5251
      vertex 36 34 10
      vertex 26.1307 34 13.2233
    endloop
  endfacet
  facet normal 0 1 0
    outer loop
      vertex 26.7767 34 13.8693
      vertex 36 34 10
      vertex 26.4749 34 13.5251
    endloop
  endfacet
  facet normal 0 1 0
    outer loop
      vertex 27.0311 34 14.25
      vertex 36 34 10
      vertex 26.7767 34 13.8693
    endloop
  endfacet
  facet normal 0 1 0
    outer loop
      vertex 27.2336 34 14.6606
      vertex 36 34 10
      vertex 27.0311 34 14.25
    endloop
  endfacet
  facet normal 0 1 0
    outer loop
      vertex 27.3807 34 15.0941
      vertex 36 34 10
      vertex 27.2336 34 14.6606
    endloop
  endfacet
  facet normal 0 1 0
    outer loop
      vertex 27.4701 34 15.5432
      vertex 36 34 10
      vertex 27.3807 34 15.0941
    endloop
  endfacet
  facet normal 0 1 0
    outer loop
      vertex 27.5 34 16
      vertex 36 34 10
      vertex 27.4701 34 15.5432
    endloop
  endfacet
  facet normal 0 1 0
    outer loop
      vertex 48 34 0
      vertex 36.1463 34 97.7912
      vertex 36.16 34 98
    endloop
  endfacet
  facet normal 0 1 -0
    outer loop
      vertex 48 34 0
      vertex 36.16 34 98
      vertex 48 34 300
    endloop
  endfacet
  facet normal 0 1 0
    outer loop
      vertex 35.6914 34 96.8686
      vertex 48 34 0
      vertex 36 34 10
    endloop
  endfacet
  facet normal 0 1 0
    outer loop
      vertex 36 34 10
      vertex 48 34 0
      vertex 36 34 0
    endloop
  endfacet
  facet normal 0 1 0
    outer loop
      vertex 34.1459 34 213.545
      vertex 48 34 300
      vertex 34.3512 34 213.586
    endloop
  endfacet
  facet normal 0 1 -0
    outer loop
      vertex 13.2312 34 213.586
      vertex 0 34 300
      vertex 13.44 34 213.6
    endloop
  endfacet
  facet normal 0 1 -0
    outer loop
      vertex 13.0259 34 213.545
      vertex 0 34 300
      vertex 13.2312 34 213.586
    endloop
  endfacet
  facet normal 0 1 -0
    outer loop
      vertex 12.8277 34 213.478
      vertex 0 34 300
      vertex 13.0259 34 213.545
    endloop
  endfacet
  facet normal 0 1 -0
    outer loop
      vertex 12.64 34 213.386
      vertex 0 34 300
      vertex 12.8277 34 213.478
    endloop
  endfacet
  facet normal 0 1 -0
    outer loop
      vertex 12.466 34 213.269
      vertex 0 34 300
      vertex 12.64 34 213.386
    endloop
  endfacet
  facet normal 0 1 -0
    outer loop
      vertex 12.3086 34 213.131
      vertex 0 34 300
      vertex 12.466 34 213.269
    endloop
  endfacet
  facet normal 0 1 -0
    outer loop
      vertex 12.1706 34 212.974
      vertex 0 34 300
      vertex 12.3086 34 213.131
    endloop
  endfacet
  facet normal 0 1 -0
    outer loop
      vertex 12.0544 34 212.8
      vertex 0 34 300
      vertex 12.1706 34 212.974
    endloop
  endfacet
  facet normal 0 1 -0
    outer loop
      vertex 11.9618 34 212.612
      vertex 0 34 300
      vertex 12.0544 34 212.8
    endloop
  endfacet
  facet normal 0 1 -0
    outer loop
      vertex 11.8945 34 212.414
      vertex 0 34 300
      vertex 11.9618 34 212.612
    endloop
  endfacet
  facet normal 0 1 -0
    outer loop
      vertex 11.8537 34 212.209
      vertex 0 34 300
      vertex 11.8945 34 212.414
    endloop
  endfacet
  facet normal 0 1 -0
    outer loop
      vertex 11.84 34 212
      vertex 0 34 300
      vertex 11.8537 34 212.209
    endloop
  endfacet
  facet normal 0 1 0
    outer loop
      vertex 11.8537 34 211.791
      vertex 0 34 300
      vertex 11.84 34 212
    endloop
  endfacet
  facet normal 0 1 0
    outer loop
      vertex 13.6488 34 210.414
      vertex 13.44 34 99.6
      vertex 13.44 34 210.4
    endloop
  endfacet
  facet normal 0 1 0
    outer loop
      vertex 13.44 34 210.4
      vertex 13.44 34 99.6
      vertex 13.2312 34 210.414
    endloop
  endfacet
  facet normal 0 1 0
    outer loop
      vertex 13.2312 34 99.5863
      vertex 13.2312 34 210.414
      vertex 13.44 34 99.6
    endloop
  endfacet
  facet normal 0 1 0
    outer loop
      vertex 13.2312 34 210.414
      vertex 13.2312 34 99.5863
      vertex 13.0259 34 210.455
    endloop
  endfacet
  facet normal 0 1 0
    outer loop
      vertex 13.0259 34 99.5455
      vertex 13.0259 34 210.455
      vertex 13.2312 34 99.5863
    endloop
  endfacet
  facet normal 0 1 0
    outer loop
      vertex 13.0259 34 210.455
      vertex 13.0259 34 99.5455
      vertex 12.8277 34 210.522
    endloop
  endfacet
  facet normal 0 1 0
    outer loop
      vertex 12.8277 34 99.4782
      vertex 12.8277 34 210.522
      vertex 13.0259 34 99.5455
    endloop
  endfacet
  facet normal 0 1 0
    outer loop
      vertex 12.8277 34 210.522
      vertex 12.8277 34 99.4782
      vertex 12.64 34 210.614
    endloop
  endfacet
  facet normal 0 1 0
    outer loop
      vertex 12.64 34 99.3856
      vertex 12.64 34 210.614
      vertex 12.8277 34 99.4782
    endloop
  endfacet
  facet normal 0 1 0
    outer loop
      vertex 12.64 34 210.614
      vertex 12.64 34 99.3856
      vertex 12.466 34 210.731
    endloop
  endfacet
  facet normal 0 1 0
    outer loop
      vertex 12.466 34 99.2694
      vertex 12.466 34 210.731
      vertex 12.64 34 99.3856
    endloop
  endfacet
  facet normal 0 1 0
    outer loop
      vertex 12.466 34 210.731
      vertex 12.466 34 99.2694
      vertex 12.3086 34 210.869
    endloop
  endfacet
  facet normal 0 1 0
    outer loop
      vertex 12.3086 34 99.1314
      vertex 12.3086 34 210.869
      vertex 12.466 34 99.2694
    endloop
  endfacet
  facet normal 0 1 0
    outer loop
      vertex 12.3086 34 210.869
      vertex 12.3086 34 99.1314
      vertex 12.1706 34 211.026
    endloop
  endfacet
  facet normal 0 1 0
    outer loop
      vertex 12.1706 34 98.974
      vertex 12.1706 34 211.026
      vertex 12.3086 34 99.1314
    endloop
  endfacet
  facet normal 0 1 0
    outer loop
      vertex 12.1706 34 211.026
      vertex 12.1706 34 98.974
      vertex 12.0544 34 211.2
    endloop
  endfacet
  facet normal 0 1 0
    outer loop
      vertex 12.0544 34 98.8
      vertex 12.0544 34 211.2
      vertex 12.1706 34 98.974
    endloop
  endfacet
  facet normal 0 1 0
    outer loop
      vertex 12.0544 34 211.2
      vertex 12.0544 34 98.8
      vertex 11.9618 34 211.388
    endloop
  endfacet
  facet normal 0 1 0
    outer loop
      vertex 11.9618 34 98.6123
      vertex 11.9618 34 211.388
      vertex 12.0544 34 98.8
    endloop
  endfacet
  facet normal 0 1 0
    outer loop
      vertex 11.9618 34 211.388
      vertex 11.9618 34 98.6123
      vertex 11.8945 34 211.586
    endloop
  endfacet
  facet normal 0 1 0
    outer loop
      vertex 11.8945 34 98.4141
      vertex 11.8945 34 211.586
      vertex 11.9618 34 98.6123
    endloop
  endfacet
  facet normal 0 1 0
    outer loop
      vertex 11.8945 34 211.586
      vertex 11.8945 34 98.4141
      vertex 11.8537 34 211.791
    endloop
  endfacet
  facet normal 0 1 0
    outer loop
      vertex 11.8537 34 98.2088
      vertex 11.8537 34 211.791
      vertex 11.8945 34 98.4141
    endloop
  endfacet
  facet normal 0 1 0
    outer loop
      vertex 11.8537 34 211.791
      vertex 11.8537 34 98.2088
      vertex 0 34 300
    endloop
  endfacet
  facet normal 0 1 -0
    outer loop
      vertex 11.84 34 98
      vertex 0 34 300
      vertex 11.8537 34 98.2088
    endloop
  endfacet
  facet normal 0 1 0
    outer loop
      vertex 13.6488 34 96.4137
      vertex 23.5432 34 19.4701
      vertex 13.44 34 96.4
    endloop
  endfacet
  facet normal 0 1 -0
    outer loop
      vertex 23.0941 34 19.3807
      vertex 13.44 34 96.4
      vertex 23.5432 34 19.4701
    endloop
  endfacet
  facet normal 0 1 0
    outer loop
      vertex 13.44 34 96.4
      vertex 23.0941 34 19.3807
      vertex 13.2312 34 96.4137
    endloop
  endfacet
  facet normal 0 1 -0
    outer loop
      vertex 22.6606 34 19.2336
      vertex 13.2312 34 96.4137
      vertex 23.0941 34 19.3807
    endloop
  endfacet
  facet normal 0 1 0
    outer loop
      vertex 13.2312 34 96.4137
      vertex 22.6606 34 19.2336
      vertex 13.0259 34 96.4545
    endloop
  endfacet
  facet normal 0 1 -0
    outer loop
      vertex 22.25 34 19.0311
      vertex 13.0259 34 96.4545
      vertex 22.6606 34 19.2336
    endloop
  endfacet
  facet normal 0 1 0
    outer loop
      vertex 13.0259 34 96.4545
      vertex 22.25 34 19.0311
      vertex 12.8277 34 96.5218
    endloop
  endfacet
  facet normal 0 1 -0
    outer loop
      vertex 21.8693 34 18.7767
      vertex 12.8277 34 96.5218
      vertex 22.25 34 19.0311
    endloop
  endfacet
  facet normal 0 1 0
    outer loop
      vertex 12.8277 34 96.5218
      vertex 21.8693 34 18.7767
      vertex 12.64 34 96.6144
    endloop
  endfacet
  facet normal 0 1 -0
    outer loop
      vertex 21.5251 34 18.4749
      vertex 12.64 34 96.6144
      vertex 21.8693 34 18.7767
    endloop
  endfacet
  facet normal 0 1 0
    outer loop
      vertex 12.64 34 96.6144
      vertex 21.5251 34 18.4749
      vertex 12.466 34 96.7306
    endloop
  endfacet
  facet normal 0 1 -0
    outer loop
      vertex 21.2233 34 18.1307
      vertex 12.466 34 96.7306
      vertex 21.5251 34 18.4749
    endloop
  endfacet
  facet normal 0 1 0
    outer loop
      vertex 12 34 10
      vertex 12.466 34 96.7306
      vertex 21.2233 34 18.1307
    endloop
  endfacet
  facet normal 0 1 0
    outer loop
      vertex 12.466 34 96.7306
      vertex 12 34 10
      vertex 12.3086 34 96.8686
    endloop
  endfacet
  facet normal 0 1 0
    outer loop
      vertex 0 34 0
      vertex 12.3086 34 96.8686
      vertex 12 34 10
    endloop
  endfacet
  facet normal 0 1 0
    outer loop
      vertex 12.3086 34 96.8686
      vertex 0 34 0
      vertex 12.1706 34 97.026
    endloop
  endfacet
  facet normal 0 1 0
    outer loop
      vertex 12.1706 34 97.026
      vertex 0 34 0
      vertex 12.0544 34 97.2
    endloop
  endfacet
  facet normal 0 1 0
    outer loop
      vertex 12.0544 34 97.2
      vertex 0 34 0
      vertex 11.9618 34 97.3877
    endloop
  endfacet
  facet normal 0 1 0
    outer loop
      vertex 12 34 10
      vertex 21.2233 34 18.1307
      vertex 20.9689 34 17.75
    endloop
  endfacet
  facet normal 0 1 0
    outer loop
      vertex 12 34 10
      vertex 20.9689 34 17.75
      vertex 20.7664 34 17.3394
    endloop
  endfacet
  facet normal 0 1 0
    outer loop
      vertex 12 34 10
      vertex 20.7664 34 17.3394
      vertex 20.6193 34 16.9059
    endloop
  endfacet
  facet normal 0 1 0
    outer loop
      vertex 12 34 10
      vertex 20.6193 34 16.9059
      vertex 20.5299 34 16.4568
    endloop
  endfacet
  facet normal 0 1 0
    outer loop
      vertex 12 34 10
      vertex 20.5299 34 16.4568
      vertex 20.5 34 16
    endloop
  endfacet
  facet normal 0 1 0
    outer loop
      vertex 12 34 10
      vertex 20.5 34 16
      vertex 20.5299 34 15.5432
    endloop
  endfacet
  facet normal 0 1 0
    outer loop
      vertex 12 34 10
      vertex 24 34 12.5
      vertex 36 34 10
    endloop
  endfacet
  facet normal 0 1 0
    outer loop
      vertex 24 34 12.5
      vertex 12 34 10
      vertex 23.5432 34 12.5299
    endloop
  endfacet
  facet normal 0 1 0
    outer loop
      vertex 23.5432 34 12.5299
      vertex 12 34 10
      vertex 23.0941 34 12.6193
    endloop
  endfacet
  facet normal 0 1 0
    outer loop
      vertex 12 34 10
      vertex 22.6606 34 12.7664
      vertex 23.0941 34 12.6193
    endloop
  endfacet
  facet normal 0 1 0
    outer loop
      vertex 12 34 10
      vertex 22.25 34 12.9689
      vertex 22.6606 34 12.7664
    endloop
  endfacet
  facet normal 0 1 0
    outer loop
      vertex 12 34 10
      vertex 21.8693 34 13.2233
      vertex 22.25 34 12.9689
    endloop
  endfacet
  facet normal 0 1 0
    outer loop
      vertex 12 34 10
      vertex 21.5251 34 13.5251
      vertex 21.8693 34 13.2233
    endloop
  endfacet
  facet normal 0 1 0
    outer loop
      vertex 12 34 10
      vertex 21.2233 34 13.8693
      vertex 21.5251 34 13.5251
    endloop
  endfacet
  facet normal 0 1 0
    outer loop
      vertex 12 34 10
      vertex 20.9689 34 14.25
      vertex 21.2233 34 13.8693
    endloop
  endfacet
  facet normal 0 1 0
    outer loop
      vertex 12 34 10
      vertex 20.7664 34 14.6606
      vertex 20.9689 34 14.25
    endloop
  endfacet
  facet normal 0 1 0
    outer loop
      vertex 12 34 10
      vertex 20.6193 34 15.0941
      vertex 20.7664 34 14.6606
    endloop
  endfacet
  facet normal 0 1 0
    outer loop
      vertex 12 34 10
      vertex 20.5299 34 15.5432
      vertex 20.6193 34 15.0941
    endloop
  endfacet
  facet normal 0 1 0
    outer loop
      vertex 11.9618 34 97.3877
      vertex 0 34 0
      vertex 11.8945 34 97.5859
    endloop
  endfacet
  facet normal 0 1 0
    outer loop
      vertex 11.8945 34 97.5859
      vertex 0 34 0
      vertex 11.8537 34 97.7912
    endloop
  endfacet
  facet normal 0 1 0
    outer loop
      vertex 11.8537 34 97.7912
      vertex 0 34 0
      vertex 11.84 34 98
    endloop
  endfacet
  facet normal 0 1 0
    outer loop
      vertex 0 34 0
      vertex 12 34 10
      vertex 12 34 0
    endloop
  endfacet
  facet normal 0 1 0
    outer loop
      vertex 11.84 34 98
      vertex 0 34 0
      vertex 0 34 300
    endloop
  endfacet
  facet normal 0 -1 0
    outer loop
      vertex 0 6 10
      vertex 4.4 6 9.99
      vertex 4.4 6 10
    endloop
  endfacet
  facet normal 0 -1 0
    outer loop
      vertex 0 6 0
      vertex 4.4 6 9.99
      vertex 0 6 10
    endloop
  endfacet
  facet normal 0 -1 0
    outer loop
      vertex 12 6 0
      vertex 4.4 6 9.99
      vertex 0 6 0
    endloop
  endfacet
  facet normal 0 -1 0
    outer loop
      vertex 4.4 6 9.99
      vertex 12 6 0
      vertex 12 6 9.99
    endloop
  endfacet
  facet normal 1 -0 0
    outer loop
      vertex 48 13.4863 50.2088
      vertex 48 34 0
      vertex 48 13.4863 79.7912
    endloop
  endfacet
  facet normal 1 0 0
    outer loop
      vertex 48 34 0
      vertex 48 13.4863 50.2088
      vertex 48 13.5 50
    endloop
  endfacet
  facet normal 1 -0 0
    outer loop
      vertex 48 13.4455 79.5859
      vertex 48 13.4863 50.2088
      vertex 48 13.4863 79.7912
    endloop
  endfacet
  facet normal 1 0 0
    outer loop
      vertex 48 13.4455 79.5859
      vertex 48 13.4455 50.4141
      vertex 48 13.4863 50.2088
    endloop
  endfacet
  facet normal 1 -0 0
    outer loop
      vertex 48 13.3782 79.3877
      vertex 48 13.4455 50.4141
      vertex 48 13.4455 79.5859
    endloop
  endfacet
  facet normal 1 0 0
    outer loop
      vertex 48 13.3782 79.3877
      vertex 48 13.3782 50.6123
      vertex 48 13.4455 50.4141
    endloop
  endfacet
  facet normal 1 -0 0
    outer loop
      vertex 48 13.2856 79.2
      vertex 48 13.3782 50.6123
      vertex 48 13.3782 79.3877
    endloop
  endfacet
  facet normal 1 0 0
    outer loop
      vertex 48 13.2856 79.2
      vertex 48 13.2856 50.8
      vertex 48 13.3782 50.6123
    endloop
  endfacet
  facet normal 1 -0 0
    outer loop
      vertex 48 13.1694 79.026
      vertex 48 13.2856 50.8
      vertex 48 13.2856 79.2
    endloop
  endfacet
  facet normal 1 0 0
    outer loop
      vertex 48 13.1694 79.026
      vertex 48 13.1694 50.974
      vertex 48 13.2856 50.8
    endloop
  endfacet
  facet normal 1 -0 0
    outer loop
      vertex 48 13.0314 78.8686
      vertex 48 13.1694 50.974
      vertex 48 13.1694 79.026
    endloop
  endfacet
  facet normal 1 0 0
    outer loop
      vertex 48 13.0314 78.8686
      vertex 48 13.0314 51.1314
      vertex 48 13.1694 50.974
    endloop
  endfacet
  facet normal 1 -0 0
    outer loop
      vertex 48 12.874 78.7306
      vertex 48 13.0314 51.1314
      vertex 48 13.0314 78.8686
    endloop
  endfacet
  facet normal 1 0 0
    outer loop
      vertex 48 12.874 78.7306
      vertex 48 12.874 51.2694
      vertex 48 13.0314 51.1314
    endloop
  endfacet
  facet normal 1 -0 0
    outer loop
      vertex 48 12.7 78.6144
      vertex 48 12.874 51.2694
      vertex 48 12.874 78.7306
    endloop
  endfacet
  facet normal 1 0 0
    outer loop
      vertex 48 12.7 78.6144
      vertex 48 12.7 51.3856
      vertex 48 12.874 51.2694
    endloop
  endfacet
  facet normal 1 -0 0
    outer loop
      vertex 48 12.5123 78.5218
      vertex 48 12.7 51.3856
      vertex 48 12.7 78.6144
    endloop
  endfacet
  facet normal 1 0 0
    outer loop
      vertex 48 12.5123 78.5218
      vertex 48 12.5123 51.4782
      vertex 48 12.7 51.3856
    endloop
  endfacet
  facet normal 1 -0 0
    outer loop
      vertex 48 12.3141 78.4545
      vertex 48 12.5123 51.4782
      vertex 48 12.5123 78.5218
    endloop
  endfacet
  facet normal 1 0 0
    outer loop
      vertex 48 12.3141 78.4545
      vertex 48 12.3141 51.5455
      vertex 48 12.5123 51.4782
    endloop
  endfacet
  facet normal 1 -0 0
    outer loop
      vertex 48 12.1088 78.4137
      vertex 48 12.3141 51.5455
      vertex 48 12.3141 78.4545
    endloop
  endfacet
  facet normal 1 0 0
    outer loop
      vertex 48 12.1088 78.4137
      vertex 48 12.1088 51.5863
      vertex 48 12.3141 51.5455
    endloop
  endfacet
  facet normal 1 -0 0
    outer loop
      vertex 48 11.9 78.4
      vertex 48 12.1088 51.5863
      vertex 48 12.1088 78.4137
    endloop
  endfacet
  facet normal 1 0 0
    outer loop
      vertex 48 11.9 78.4
      vertex 48 11.9 51.6
      vertex 48 12.1088 51.5863
    endloop
  endfacet
  facet normal 1 0 0
    outer loop
      vertex 48 11.6912 78.4137
      vertex 48 11.9 51.6
      vertex 48 11.9 78.4
    endloop
  endfacet
  facet normal 1 0 0
    outer loop
      vertex 48 11.6912 78.4137
      vertex 48 11.6912 51.5863
      vertex 48 11.9 51.6
    endloop
  endfacet
  facet normal 1 0 0
    outer loop
      vertex 48 11.4859 78.4545
      vertex 48 11.6912 51.5863
      vertex 48 11.6912 78.4137
    endloop
  endfacet
  facet normal 1 0 0
    outer loop
      vertex 48 11.4859 78.4545
      vertex 48 11.4859 51.5455
      vertex 48 11.6912 51.5863
    endloop
  endfacet
  facet normal 1 0 0
    outer loop
      vertex 48 11.2877 78.5218
      vertex 48 11.4859 51.5455
      vertex 48 11.4859 78.4545
    endloop
  endfacet
  facet normal 1 0 0
    outer loop
      vertex 48 11.2877 78.5218
      vertex 48 11.2877 51.4782
      vertex 48 11.4859 51.5455
    endloop
  endfacet
  facet normal 1 0 0
    outer loop
      vertex 48 11.1 78.6144
      vertex 48 11.2877 51.4782
      vertex 48 11.2877 78.5218
    endloop
  endfacet
  facet normal 1 0 0
    outer loop
      vertex 48 11.1 78.6144
      vertex 48 11.1 51.3856
      vertex 48 11.2877 51.4782
    endloop
  endfacet
  facet normal 1 0 0
    outer loop
      vertex 48 10.926 78.7306
      vertex 48 11.1 51.3856
      vertex 48 11.1 78.6144
    endloop
  endfacet
  facet normal 1 0 0
    outer loop
      vertex 48 10.926 78.7306
      vertex 48 10.926 51.2694
      vertex 48 11.1 51.3856
    endloop
  endfacet
  facet normal 1 0 0
    outer loop
      vertex 48 10.7686 78.8686
      vertex 48 10.926 51.2694
      vertex 48 10.926 78.7306
    endloop
  endfacet
  facet normal 1 0 0
    outer loop
      vertex 48 10.7686 78.8686
      vertex 48 10.7686 51.1314
      vertex 48 10.926 51.2694
    endloop
  endfacet
  facet normal 1 0 0
    outer loop
      vertex 48 10.6306 79.026
      vertex 48 10.7686 51.1314
      vertex 48 10.7686 78.8686
    endloop
  endfacet
  facet normal 1 0 0
    outer loop
      vertex 48 10.6306 79.026
      vertex 48 10.6306 50.974
      vertex 48 10.7686 51.1314
    endloop
  endfacet
  facet normal 1 0 0
    outer loop
      vertex 48 10.5144 79.2
      vertex 48 10.6306 50.974
      vertex 48 10.6306 79.026
    endloop
  endfacet
  facet normal 1 0 0
    outer loop
      vertex 48 10.5144 79.2
      vertex 48 10.5144 50.8
      vertex 48 10.6306 50.974
    endloop
  endfacet
  facet normal 1 0 0
    outer loop
      vertex 48 10.4218 79.3877
      vertex 48 10.5144 50.8
      vertex 48 10.5144 79.2
    endloop
  endfacet
  facet normal 1 0 0
    outer loop
      vertex 48 10.4218 79.3877
      vertex 48 10.4218 50.6123
      vertex 48 10.5144 50.8
    endloop
  endfacet
  facet normal 1 0 0
    outer loop
      vertex 48 10.3545 79.5859
      vertex 48 10.4218 50.6123
      vertex 48 10.4218 79.3877
    endloop
  endfacet
  facet normal 1 0 0
    outer loop
      vertex 48 10.3545 79.5859
      vertex 48 10.3545 50.4141
      vertex 48 10.4218 50.6123
    endloop
  endfacet
  facet normal 1 0 0
    outer loop
      vertex 48 10.3137 79.7912
      vertex 48 10.3545 50.4141
      vertex 48 10.3545 79.5859
    endloop
  endfacet
  facet normal 1 0 0
    outer loop
      vertex 48 10.3137 79.7912
      vertex 48 10.3137 50.2088
      vertex 48 10.3545 50.4141
    endloop
  endfacet
  facet normal 1 0 0
    outer loop
      vertex 48 0 10
      vertex 48 10.3137 79.7912
      vertex 48 10.3 80
    endloop
  endfacet
  facet normal 1 0 0
    outer loop
      vertex 48 10.3137 79.7912
      vertex 48 0 10
      vertex 48 10.3137 50.2088
    endloop
  endfacet
  facet normal 1 -0 0
    outer loop
      vertex 48 13.4863 109.791
      vertex 48 13.5 80
      vertex 48 13.5 110
    endloop
  endfacet
  facet normal 1 0 0
    outer loop
      vertex 48 13.4863 109.791
      vertex 48 13.4863 80.2088
      vertex 48 13.5 80
    endloop
  endfacet
  facet normal 1 -0 0
    outer loop
      vertex 48 13.4455 109.586
      vertex 48 13.4863 80.2088
      vertex 48 13.4863 109.791
    endloop
  endfacet
  facet normal 1 0 0
    outer loop
      vertex 48 13.4455 109.586
      vertex 48 13.4455 80.4141
      vertex 48 13.4863 80.2088
    endloop
  endfacet
  facet normal 1 -0 0
    outer loop
      vertex 48 13.3782 109.388
      vertex 48 13.4455 80.4141
      vertex 48 13.4455 109.586
    endloop
  endfacet
  facet normal 1 0 0
    outer loop
      vertex 48 13.3782 109.388
      vertex 48 13.3782 80.6123
      vertex 48 13.4455 80.4141
    endloop
  endfacet
  facet normal 1 -0 0
    outer loop
      vertex 48 13.2856 109.2
      vertex 48 13.3782 80.6123
      vertex 48 13.3782 109.388
    endloop
  endfacet
  facet normal 1 0 0
    outer loop
      vertex 48 13.2856 109.2
      vertex 48 13.2856 80.8
      vertex 48 13.3782 80.6123
    endloop
  endfacet
  facet normal 1 -0 0
    outer loop
      vertex 48 13.1694 109.026
      vertex 48 13.2856 80.8
      vertex 48 13.2856 109.2
    endloop
  endfacet
  facet normal 1 0 0
    outer loop
      vertex 48 13.1694 109.026
      vertex 48 13.1694 80.974
      vertex 48 13.2856 80.8
    endloop
  endfacet
  facet normal 1 -0 0
    outer loop
      vertex 48 13.0314 108.869
      vertex 48 13.1694 80.974
      vertex 48 13.1694 109.026
    endloop
  endfacet
  facet normal 1 0 0
    outer loop
      vertex 48 13.0314 108.869
      vertex 48 13.0314 81.1314
      vertex 48 13.1694 80.974
    endloop
  endfacet
  facet normal 1 -0 0
    outer loop
      vertex 48 12.874 108.731
      vertex 48 13.0314 81.1314
      vertex 48 13.0314 108.869
    endloop
  endfacet
  facet normal 1 0 0
    outer loop
      vertex 48 12.874 108.731
      vertex 48 12.874 81.2694
      vertex 48 13.0314 81.1314
    endloop
  endfacet
  facet normal 1 -0 0
    outer loop
      vertex 48 12.7 108.614
      vertex 48 12.874 81.2694
      vertex 48 12.874 108.731
    endloop
  endfacet
  facet normal 1 0 0
    outer loop
      vertex 48 12.7 108.614
      vertex 48 12.7 81.3856
      vertex 48 12.874 81.2694
    endloop
  endfacet
  facet normal 1 -0 0
    outer loop
      vertex 48 12.5123 108.522
      vertex 48 12.7 81.3856
      vertex 48 12.7 108.614
    endloop
  endfacet
  facet normal 1 0 0
    outer loop
      vertex 48 12.5123 108.522
      vertex 48 12.5123 81.4782
      vertex 48 12.7 81.3856
    endloop
  endfacet
  facet normal 1 -0 0
    outer loop
      vertex 48 12.3141 108.455
      vertex 48 12.5123 81.4782
      vertex 48 12.5123 108.522
    endloop
  endfacet
  facet normal 1 0 0
    outer loop
      vertex 48 12.3141 108.455
      vertex 48 12.3141 81.5455
      vertex 48 12.5123 81.4782
    endloop
  endfacet
  facet normal 1 -0 0
    outer loop
      vertex 48 12.1088 108.414
      vertex 48 12.3141 81.5455
      vertex 48 12.3141 108.455
    endloop
  endfacet
  facet normal 1 0 0
    outer loop
      vertex 48 12.1088 108.414
      vertex 48 12.1088 81.5863
      vertex 48 12.3141 81.5455
    endloop
  endfacet
  facet normal 1 -0 0
    outer loop
      vertex 48 11.9 108.4
      vertex 48 12.1088 81.5863
      vertex 48 12.1088 108.414
    endloop
  endfacet
  facet normal 1 0 0
    outer loop
      vertex 48 11.9 108.4
      vertex 48 11.9 81.6
      vertex 48 12.1088 81.5863
    endloop
  endfacet
  facet normal 1 0 0
    outer loop
      vertex 48 11.6912 108.414
      vertex 48 11.9 81.6
      vertex 48 11.9 108.4
    endloop
  endfacet
  facet normal 1 0 0
    outer loop
      vertex 48 11.6912 108.414
      vertex 48 11.6912 81.5863
      vertex 48 11.9 81.6
    endloop
  endfacet
  facet normal 1 0 0
    outer loop
      vertex 48 11.4859 108.455
      vertex 48 11.6912 81.5863
      vertex 48 11.6912 108.414
    endloop
  endfacet
  facet normal 1 0 0
    outer loop
      vertex 48 11.4859 108.455
      vertex 48 11.4859 81.5455
      vertex 48 11.6912 81.5863
    endloop
  endfacet
  facet normal 1 0 0
    outer loop
      vertex 48 11.2877 108.522
      vertex 48 11.4859 81.5455
      vertex 48 11.4859 108.455
    endloop
  endfacet
  facet normal 1 0 0
    outer loop
      vertex 48 11.2877 108.522
      vertex 48 11.2877 81.4782
      vertex 48 11.4859 81.5455
    endloop
  endfacet
  facet normal 1 0 0
    outer loop
      vertex 48 11.1 108.614
      vertex 48 11.2877 81.4782
      vertex 48 11.2877 108.522
    endloop
  endfacet
  facet normal 1 0 0
    outer loop
      vertex 48 11.1 108.614
      vertex 48 11.1 81.3856
      vertex 48 11.2877 81.4782
    endloop
  endfacet
  facet normal 1 0 0
    outer loop
      vertex 48 10.926 108.731
      vertex 48 11.1 81.3856
      vertex 48 11.1 108.614
    endloop
  endfacet
  facet normal 1 0 0
    outer loop
      vertex 48 10.926 108.731
      vertex 48 10.926 81.2694
      vertex 48 11.1 81.3856
    endloop
  endfacet
  facet normal 1 0 0
    outer loop
      vertex 48 10.7686 108.869
      vertex 48 10.926 81.2694
      vertex 48 10.926 108.731
    endloop
  endfacet
  facet normal 1 0 0
    outer loop
      vertex 48 10.7686 108.869
      vertex 48 10.7686 81.1314
      vertex 48 10.926 81.2694
    endloop
  endfacet
  facet normal 1 0 0
    outer loop
      vertex 48 10.6306 109.026
      vertex 48 10.7686 81.1314
      vertex 48 10.7686 108.869
    endloop
  endfacet
  facet normal 1 0 0
    outer loop
      vertex 48 10.6306 109.026
      vertex 48 10.6306 80.974
      vertex 48 10.7686 81.1314
    endloop
  endfacet
  facet normal 1 0 0
    outer loop
      vertex 48 10.5144 109.2
      vertex 48 10.6306 80.974
      vertex 48 10.6306 109.026
    endloop
  endfacet
  facet normal 1 0 0
    outer loop
      vertex 48 10.5144 109.2
      vertex 48 10.5144 80.8
      vertex 48 10.6306 80.974
    endloop
  endfacet
  facet normal 1 0 0
    outer loop
      vertex 48 10.4218 109.388
      vertex 48 10.5144 80.8
      vertex 48 10.5144 109.2
    endloop
  endfacet
  facet normal 1 0 0
    outer loop
      vertex 48 10.4218 109.388
      vertex 48 10.4218 80.6123
      vertex 48 10.5144 80.8
    endloop
  endfacet
  facet normal 1 0 0
    outer loop
      vertex 48 10.3545 109.586
      vertex 48 10.4218 80.6123
      vertex 48 10.4218 109.388
    endloop
  endfacet
  facet normal 1 0 0
    outer loop
      vertex 48 10.3545 109.586
      vertex 48 10.3545 80.4141
      vertex 48 10.4218 80.6123
    endloop
  endfacet
  facet normal 1 0 0
    outer loop
      vertex 48 10.3137 109.791
      vertex 48 10.3545 80.4141
      vertex 48 10.3545 109.586
    endloop
  endfacet
  facet normal 1 0 0
    outer loop
      vertex 48 10.3137 109.791
      vertex 48 10.3137 80.2088
      vertex 48 10.3545 80.4141
    endloop
  endfacet
  facet normal 1 0 0
    outer loop
      vertex 48 10.3 110
      vertex 48 10.3137 80.2088
      vertex 48 10.3137 109.791
    endloop
  endfacet
  facet normal 1 0 0
    outer loop
      vertex 48 10.3137 80.2088
      vertex 48 10.3 110
      vertex 48 10.3 80
    endloop
  endfacet
  facet normal 1 -0 0
    outer loop
      vertex 48 13.4863 139.791
      vertex 48 13.5 110
      vertex 48 13.5 140
    endloop
  endfacet
  facet normal 1 0 0
    outer loop
      vertex 48 13.4863 139.791
      vertex 48 13.4863 110.209
      vertex 48 13.5 110
    endloop
  endfacet
  facet normal 1 -0 0
    outer loop
      vertex 48 13.4455 139.586
      vertex 48 13.4863 110.209
      vertex 48 13.4863 139.791
    endloop
  endfacet
  facet normal 1 0 0
    outer loop
      vertex 48 13.4455 139.586
      vertex 48 13.4455 110.414
      vertex 48 13.4863 110.209
    endloop
  endfacet
  facet normal 1 -0 0
    outer loop
      vertex 48 13.3782 139.388
      vertex 48 13.4455 110.414
      vertex 48 13.4455 139.586
    endloop
  endfacet
  facet normal 1 0 0
    outer loop
      vertex 48 13.3782 139.388
      vertex 48 13.3782 110.612
      vertex 48 13.4455 110.414
    endloop
  endfacet
  facet normal 1 -0 0
    outer loop
      vertex 48 13.2856 139.2
      vertex 48 13.3782 110.612
      vertex 48 13.3782 139.388
    endloop
  endfacet
  facet normal 1 0 0
    outer loop
      vertex 48 13.2856 139.2
      vertex 48 13.2856 110.8
      vertex 48 13.3782 110.612
    endloop
  endfacet
  facet normal 1 -0 0
    outer loop
      vertex 48 13.1694 139.026
      vertex 48 13.2856 110.8
      vertex 48 13.2856 139.2
    endloop
  endfacet
  facet normal 1 0 0
    outer loop
      vertex 48 13.1694 139.026
      vertex 48 13.1694 110.974
      vertex 48 13.2856 110.8
    endloop
  endfacet
  facet normal 1 -0 0
    outer loop
      vertex 48 13.0314 138.869
      vertex 48 13.1694 110.974
      vertex 48 13.1694 139.026
    endloop
  endfacet
  facet normal 1 0 0
    outer loop
      vertex 48 13.0314 138.869
      vertex 48 13.0314 111.131
      vertex 48 13.1694 110.974
    endloop
  endfacet
  facet normal 1 -0 0
    outer loop
      vertex 48 12.874 138.731
      vertex 48 13.0314 111.131
      vertex 48 13.0314 138.869
    endloop
  endfacet
  facet normal 1 0 0
    outer loop
      vertex 48 12.874 138.731
      vertex 48 12.874 111.269
      vertex 48 13.0314 111.131
    endloop
  endfacet
  facet normal 1 -0 0
    outer loop
      vertex 48 12.7 138.614
      vertex 48 12.874 111.269
      vertex 48 12.874 138.731
    endloop
  endfacet
  facet normal 1 0 0
    outer loop
      vertex 48 12.7 138.614
      vertex 48 12.7 111.386
      vertex 48 12.874 111.269
    endloop
  endfacet
  facet normal 1 -0 0
    outer loop
      vertex 48 12.5123 138.522
      vertex 48 12.7 111.386
      vertex 48 12.7 138.614
    endloop
  endfacet
  facet normal 1 0 0
    outer loop
      vertex 48 12.5123 138.522
      vertex 48 12.5123 111.478
      vertex 48 12.7 111.386
    endloop
  endfacet
  facet normal 1 -0 0
    outer loop
      vertex 48 12.3141 138.455
      vertex 48 12.5123 111.478
      vertex 48 12.5123 138.522
    endloop
  endfacet
  facet normal 1 0 0
    outer loop
      vertex 48 12.3141 138.455
      vertex 48 12.3141 111.545
      vertex 48 12.5123 111.478
    endloop
  endfacet
  facet normal 1 -0 0
    outer loop
      vertex 48 12.1088 138.414
      vertex 48 12.3141 111.545
      vertex 48 12.3141 138.455
    endloop
  endfacet
  facet normal 1 0 0
    outer loop
      vertex 48 12.1088 138.414
      vertex 48 12.1088 111.586
      vertex 48 12.3141 111.545
    endloop
  endfacet
  facet normal 1 -0 0
    outer loop
      vertex 48 11.9 138.4
      vertex 48 12.1088 111.586
      vertex 48 12.1088 138.414
    endloop
  endfacet
  facet normal 1 0 0
    outer loop
      vertex 48 11.9 138.4
      vertex 48 11.9 111.6
      vertex 48 12.1088 111.586
    endloop
  endfacet
  facet normal 1 0 0
    outer loop
      vertex 48 11.6912 138.414
      vertex 48 11.9 111.6
      vertex 48 11.9 138.4
    endloop
  endfacet
  facet normal 1 0 0
    outer loop
      vertex 48 11.6912 138.414
      vertex 48 11.6912 111.586
      vertex 48 11.9 111.6
    endloop
  endfacet
  facet normal 1 0 0
    outer loop
      vertex 48 11.4859 138.455
      vertex 48 11.6912 111.586
      vertex 48 11.6912 138.414
    endloop
  endfacet
  facet normal 1 0 0
    outer loop
      vertex 48 11.4859 138.455
      vertex 48 11.4859 111.545
      vertex 48 11.6912 111.586
    endloop
  endfacet
  facet normal 1 0 0
    outer loop
      vertex 48 11.2877 138.522
      vertex 48 11.4859 111.545
      vertex 48 11.4859 138.455
    endloop
  endfacet
  facet normal 1 0 0
    outer loop
      vertex 48 11.2877 138.522
      vertex 48 11.2877 111.478
      vertex 48 11.4859 111.545
    endloop
  endfacet
  facet normal 1 0 0
    outer loop
      vertex 48 11.1 138.614
      vertex 48 11.2877 111.478
      vertex 48 11.2877 138.522
    endloop
  endfacet
  facet normal 1 0 0
    outer loop
      vertex 48 11.1 138.614
      vertex 48 11.1 111.386
      vertex 48 11.2877 111.478
    endloop
  endfacet
  facet normal 1 0 0
    outer loop
      vertex 48 10.926 138.731
      vertex 48 11.1 111.386
      vertex 48 11.1 138.614
    endloop
  endfacet
  facet normal 1 0 0
    outer loop
      vertex 48 10.926 138.731
      vertex 48 10.926 111.269
      vertex 48 11.1 111.386
    endloop
  endfacet
  facet normal 1 0 0
    outer loop
      vertex 48 10.7686 138.869
      vertex 48 10.926 111.269
      vertex 48 10.926 138.731
    endloop
  endfacet
  facet normal 1 0 0
    outer loop
      vertex 48 10.7686 138.869
      vertex 48 10.7686 111.131
      vertex 48 10.926 111.269
    endloop
  endfacet
  facet normal 1 0 0
    outer loop
      vertex 48 10.6306 139.026
      vertex 48 10.7686 111.131
      vertex 48 10.7686 138.869
    endloop
  endfacet
  facet normal 1 0 0
    outer loop
      vertex 48 10.6306 139.026
      vertex 48 10.6306 110.974
      vertex 48 10.7686 111.131
    endloop
  endfacet
  facet normal 1 0 0
    outer loop
      vertex 48 10.5144 139.2
      vertex 48 10.6306 110.974
      vertex 48 10.6306 139.026
    endloop
  endfacet
  facet normal 1 0 0
    outer loop
      vertex 48 10.5144 139.2
      vertex 48 10.5144 110.8
      vertex 48 10.6306 110.974
    endloop
  endfacet
  facet normal 1 0 0
    outer loop
      vertex 48 10.4218 139.388
      vertex 48 10.5144 110.8
      vertex 48 10.5144 139.2
    endloop
  endfacet
  facet normal 1 0 0
    outer loop
      vertex 48 10.4218 139.388
      vertex 48 10.4218 110.612
      vertex 48 10.5144 110.8
    endloop
  endfacet
  facet normal 1 0 0
    outer loop
      vertex 48 10.3545 139.586
      vertex 48 10.4218 110.612
      vertex 48 10.4218 139.388
    endloop
  endfacet
  facet normal 1 0 0
    outer loop
      vertex 48 10.3545 139.586
      vertex 48 10.3545 110.414
      vertex 48 10.4218 110.612
    endloop
  endfacet
  facet normal 1 0 0
    outer loop
      vertex 48 10.3137 139.791
      vertex 48 10.3545 110.414
      vertex 48 10.3545 139.586
    endloop
  endfacet
  facet normal 1 0 0
    outer loop
      vertex 48 10.3137 139.791
      vertex 48 10.3137 110.209
      vertex 48 10.3545 110.414
    endloop
  endfacet
  facet normal 1 0 0
    outer loop
      vertex 48 10.3 140
      vertex 48 10.3137 110.209
      vertex 48 10.3137 139.791
    endloop
  endfacet
  facet normal 1 0 0
    outer loop
      vertex 48 10.3137 110.209
      vertex 48 10.3 140
      vertex 48 10.3 110
    endloop
  endfacet
  facet normal 1 0 0
    outer loop
      vertex 48 13.4455 281.586
      vertex 48 34 300
      vertex 48 13.4863 281.791
    endloop
  endfacet
  facet normal 1 0 0
    outer loop
      vertex 48 34 300
      vertex 48 13.4863 140.209
      vertex 48 13.5 140
    endloop
  endfacet
  facet normal 1 0 0
    outer loop
      vertex 48 13.3782 281.388
      vertex 48 34 300
      vertex 48 13.4455 281.586
    endloop
  endfacet
  facet normal 1 0 0
    outer loop
      vertex 48 34 300
      vertex 48 13.4455 140.414
      vertex 48 13.4863 140.209
    endloop
  endfacet
  facet normal 1 0 0
    outer loop
      vertex 48 13.2856 281.2
      vertex 48 34 300
      vertex 48 13.3782 281.388
    endloop
  endfacet
  facet normal 1 0 0
    outer loop
      vertex 48 34 300
      vertex 48 13.3782 140.612
      vertex 48 13.4455 140.414
    endloop
  endfacet
  facet normal 1 0 0
    outer loop
      vertex 48 13.1694 281.026
      vertex 48 34 300
      vertex 48 13.2856 281.2
    endloop
  endfacet
  facet normal 1 0 0
    outer loop
      vertex 48 34 300
      vertex 48 13.2856 140.8
      vertex 48 13.3782 140.612
    endloop
  endfacet
  facet normal 1 0 0
    outer loop
      vertex 48 13.1694 140.974
      vertex 48 34 300
      vertex 48 13.1694 281.026
    endloop
  endfacet
  facet normal 1 0 0
    outer loop
      vertex 48 34 300
      vertex 48 13.1694 140.974
      vertex 48 13.2856 140.8
    endloop
  endfacet
  facet normal 1 -0 0
    outer loop
      vertex 48 13.0314 280.869
      vertex 48 13.1694 140.974
      vertex 48 13.1694 281.026
    endloop
  endfacet
  facet normal 1 0 0
    outer loop
      vertex 48 13.0314 280.869
      vertex 48 13.0314 141.131
      vertex 48 13.1694 140.974
    endloop
  endfacet
  facet normal 1 -0 0
    outer loop
      vertex 48 12.874 280.731
      vertex 48 13.0314 141.131
      vertex 48 13.0314 280.869
    endloop
  endfacet
  facet normal 1 0 0
    outer loop
      vertex 48 12.874 280.731
      vertex 48 12.874 141.269
      vertex 48 13.0314 141.131
    endloop
  endfacet
  facet normal 1 -0 0
    outer loop
      vertex 48 12.7 280.614
      vertex 48 12.874 141.269
      vertex 48 12.874 280.731
    endloop
  endfacet
  facet normal 1 0 0
    outer loop
      vertex 48 12.7 280.614
      vertex 48 12.7 141.386
      vertex 48 12.874 141.269
    endloop
  endfacet
  facet normal 1 -0 0
    outer loop
      vertex 48 12.5123 280.522
      vertex 48 12.7 141.386
      vertex 48 12.7 280.614
    endloop
  endfacet
  facet normal 1 0 0
    outer loop
      vertex 48 12.5123 280.522
      vertex 48 12.5123 141.478
      vertex 48 12.7 141.386
    endloop
  endfacet
  facet normal 1 -0 0
    outer loop
      vertex 48 12.3141 280.455
      vertex 48 12.5123 141.478
      vertex 48 12.5123 280.522
    endloop
  endfacet
  facet normal 1 0 0
    outer loop
      vertex 48 12.3141 280.455
      vertex 48 12.3141 141.545
      vertex 48 12.5123 141.478
    endloop
  endfacet
  facet normal 1 -0 0
    outer loop
      vertex 48 12.1088 280.414
      vertex 48 12.3141 141.545
      vertex 48 12.3141 280.455
    endloop
  endfacet
  facet normal 1 0 0
    outer loop
      vertex 48 12.1088 280.414
      vertex 48 12.1088 141.586
      vertex 48 12.3141 141.545
    endloop
  endfacet
  facet normal 1 -0 0
    outer loop
      vertex 48 11.9 280.4
      vertex 48 12.1088 141.586
      vertex 48 12.1088 280.414
    endloop
  endfacet
  facet normal 1 0 0
    outer loop
      vertex 48 11.9 280.4
      vertex 48 11.9 141.6
      vertex 48 12.1088 141.586
    endloop
  endfacet
  facet normal 1 0 0
    outer loop
      vertex 48 11.6912 280.414
      vertex 48 11.9 141.6
      vertex 48 11.9 280.4
    endloop
  endfacet
  facet normal 1 0 0
    outer loop
      vertex 48 11.6912 280.414
      vertex 48 11.6912 141.586
      vertex 48 11.9 141.6
    endloop
  endfacet
  facet normal 1 0 0
    outer loop
      vertex 48 11.4859 280.455
      vertex 48 11.6912 141.586
      vertex 48 11.6912 280.414
    endloop
  endfacet
  facet normal 1 0 0
    outer loop
      vertex 48 11.4859 280.455
      vertex 48 11.4859 141.545
      vertex 48 11.6912 141.586
    endloop
  endfacet
  facet normal 1 0 0
    outer loop
      vertex 48 11.2877 280.522
      vertex 48 11.4859 141.545
      vertex 48 11.4859 280.455
    endloop
  endfacet
  facet normal 1 0 0
    outer loop
      vertex 48 11.2877 280.522
      vertex 48 11.2877 141.478
      vertex 48 11.4859 141.545
    endloop
  endfacet
  facet normal 1 0 0
    outer loop
      vertex 48 11.1 280.614
      vertex 48 11.2877 141.478
      vertex 48 11.2877 280.522
    endloop
  endfacet
  facet normal 1 0 0
    outer loop
      vertex 48 11.1 280.614
      vertex 48 11.1 141.386
      vertex 48 11.2877 141.478
    endloop
  endfacet
  facet normal 1 0 0
    outer loop
      vertex 48 10.926 280.731
      vertex 48 11.1 141.386
      vertex 48 11.1 280.614
    endloop
  endfacet
  facet normal 1 0 0
    outer loop
      vertex 48 10.926 280.731
      vertex 48 10.926 141.269
      vertex 48 11.1 141.386
    endloop
  endfacet
  facet normal 1 0 0
    outer loop
      vertex 48 10.7686 280.869
      vertex 48 10.926 141.269
      vertex 48 10.926 280.731
    endloop
  endfacet
  facet normal 1 0 0
    outer loop
      vertex 48 10.7686 280.869
      vertex 48 10.7686 141.131
      vertex 48 10.926 141.269
    endloop
  endfacet
  facet normal 1 0 0
    outer loop
      vertex 48 10.6306 281.026
      vertex 48 10.7686 141.131
      vertex 48 10.7686 280.869
    endloop
  endfacet
  facet normal 1 0 0
    outer loop
      vertex 48 10.6306 281.026
      vertex 48 10.6306 140.974
      vertex 48 10.7686 141.131
    endloop
  endfacet
  facet normal 1 0 0
    outer loop
      vertex 48 10.5144 281.2
      vertex 48 10.6306 140.974
      vertex 48 10.6306 281.026
    endloop
  endfacet
  facet normal 1 0 0
    outer loop
      vertex 48 10.5144 281.2
      vertex 48 10.5144 140.8
      vertex 48 10.6306 140.974
    endloop
  endfacet
  facet normal 1 0 0
    outer loop
      vertex 48 10.4218 281.388
      vertex 48 10.5144 140.8
      vertex 48 10.5144 281.2
    endloop
  endfacet
  facet normal 1 0 0
    outer loop
      vertex 48 10.4218 281.388
      vertex 48 10.4218 140.612
      vertex 48 10.5144 140.8
    endloop
  endfacet
  facet normal 1 0 0
    outer loop
      vertex 48 0 300
      vertex 48 10.4218 281.388
      vertex 48 10.3545 281.586
    endloop
  endfacet
  facet normal 1 0 0
    outer loop
      vertex 48 10.4218 281.388
      vertex 48 0 300
      vertex 48 10.4218 140.612
    endloop
  endfacet
  facet normal 1 0 0
    outer loop
      vertex 48 0 300
      vertex 48 10.3545 281.586
      vertex 48 10.3137 281.791
    endloop
  endfacet
  facet normal 1 0 0
    outer loop
      vertex 48 10.4218 140.612
      vertex 48 0 300
      vertex 48 10.3545 140.414
    endloop
  endfacet
  facet normal 1 0 0
    outer loop
      vertex 48 0 300
      vertex 48 10.3137 281.791
      vertex 48 10.3 282
    endloop
  endfacet
  facet normal 1 0 0
    outer loop
      vertex 48 10.3545 140.414
      vertex 48 0 300
      vertex 48 10.3137 140.209
    endloop
  endfacet
  facet normal 1 0 0
    outer loop
      vertex 48 13.4863 281.791
      vertex 48 34 300
      vertex 48 13.5 282
    endloop
  endfacet
  facet normal 1 0 0
    outer loop
      vertex 48 34 300
      vertex 48 13.4863 282.209
      vertex 48 13.5 282
    endloop
  endfacet
  facet normal 1 0 0
    outer loop
      vertex 48 34 300
      vertex 48 13.4455 282.414
      vertex 48 13.4863 282.209
    endloop
  endfacet
  facet normal 1 0 0
    outer loop
      vertex 48 34 300
      vertex 48 13.3782 282.612
      vertex 48 13.4455 282.414
    endloop
  endfacet
  facet normal 1 0 0
    outer loop
      vertex 48 34 300
      vertex 48 13.2856 282.8
      vertex 48 13.3782 282.612
    endloop
  endfacet
  facet normal 1 0 0
    outer loop
      vertex 48 34 300
      vertex 48 13.1694 282.974
      vertex 48 13.2856 282.8
    endloop
  endfacet
  facet normal 1 0 0
    outer loop
      vertex 48 34 300
      vertex 48 13.0314 283.131
      vertex 48 13.1694 282.974
    endloop
  endfacet
  facet normal 1 0 0
    outer loop
      vertex 48 34 300
      vertex 48 12.874 283.269
      vertex 48 13.0314 283.131
    endloop
  endfacet
  facet normal 1 0 0
    outer loop
      vertex 48 34 300
      vertex 48 12.7 283.386
      vertex 48 12.874 283.269
    endloop
  endfacet
  facet normal 1 0 0
    outer loop
      vertex 48 34 300
      vertex 48 12.5123 283.478
      vertex 48 12.7 283.386
    endloop
  endfacet
  facet normal 1 0 0
    outer loop
      vertex 48 34 300
      vertex 48 12.3141 283.545
      vertex 48 12.5123 283.478
    endloop
  endfacet
  facet normal 1 -0 0
    outer loop
      vertex 48 0 300
      vertex 48 12.3141 283.545
      vertex 48 34 300
    endloop
  endfacet
  facet normal 1 0 0
    outer loop
      vertex 48 12.3141 283.545
      vertex 48 0 300
      vertex 48 12.1088 283.586
    endloop
  endfacet
  facet normal 1 0 0
    outer loop
      vertex 48 12.1088 283.586
      vertex 48 0 300
      vertex 48 11.9 283.6
    endloop
  endfacet
  facet normal 1 0 0
    outer loop
      vertex 48 11.9 283.6
      vertex 48 0 300
      vertex 48 11.6912 283.586
    endloop
  endfacet
  facet normal 1 0 0
    outer loop
      vertex 48 11.6912 283.586
      vertex 48 0 300
      vertex 48 11.4859 283.545
    endloop
  endfacet
  facet normal 1 0 0
    outer loop
      vertex 48 11.4859 283.545
      vertex 48 0 300
      vertex 48 11.2877 283.478
    endloop
  endfacet
  facet normal 1 0 0
    outer loop
      vertex 48 11.2877 283.478
      vertex 48 0 300
      vertex 48 11.1 283.386
    endloop
  endfacet
  facet normal 1 0 0
    outer loop
      vertex 48 10.3137 140.209
      vertex 48 0 300
      vertex 48 10.3 140
    endloop
  endfacet
  facet normal 1 0 0
    outer loop
      vertex 48 0 10
      vertex 48 10.3 140
      vertex 48 0 300
    endloop
  endfacet
  facet normal 1 0 0
    outer loop
      vertex 48 10.3 140
      vertex 48 0 10
      vertex 48 10.3 110
    endloop
  endfacet
  facet normal 1 0 0
    outer loop
      vertex 48 10.3 110
      vertex 48 0 10
      vertex 48 10.3 80
    endloop
  endfacet
  facet normal 1 0 0
    outer loop
      vertex 48 11.1 283.386
      vertex 48 0 300
      vertex 48 10.926 283.269
    endloop
  endfacet
  facet normal 1 0 0
    outer loop
      vertex 48 0 300
      vertex 48 10.7686 283.131
      vertex 48 10.926 283.269
    endloop
  endfacet
  facet normal 1 0 0
    outer loop
      vertex 48 0 300
      vertex 48 10.6306 282.974
      vertex 48 10.7686 283.131
    endloop
  endfacet
  facet normal 1 0 0
    outer loop
      vertex 48 0 300
      vertex 48 10.5144 282.8
      vertex 48 10.6306 282.974
    endloop
  endfacet
  facet normal 1 0 0
    outer loop
      vertex 48 0 300
      vertex 48 10.4218 282.612
      vertex 48 10.5144 282.8
    endloop
  endfacet
  facet normal 1 0 0
    outer loop
      vertex 48 0 300
      vertex 48 10.3545 282.414
      vertex 48 10.4218 282.612
    endloop
  endfacet
  facet normal 1 0 0
    outer loop
      vertex 48 0 300
      vertex 48 10.3137 282.209
      vertex 48 10.3545 282.414
    endloop
  endfacet
  facet normal 1 0 0
    outer loop
      vertex 48 0 300
      vertex 48 10.3 282
      vertex 48 10.3137 282.209
    endloop
  endfacet
  facet normal 1 0 0
    outer loop
      vertex 48 10.3137 50.2088
      vertex 48 0 10
      vertex 48 10.3 50
    endloop
  endfacet
  facet normal 1 0 0
    outer loop
      vertex 48 10.3 50
      vertex 48 0 10
      vertex 48 6 10
    endloop
  endfacet
  facet normal 1 0 0
    outer loop
      vertex 48 34 300
      vertex 48 13.5 140
      vertex 48 34 0
    endloop
  endfacet
  facet normal 1 -0 0
    outer loop
      vertex 48 13.5 110
      vertex 48 34 0
      vertex 48 13.5 140
    endloop
  endfacet
  facet normal 1 -0 0
    outer loop
      vertex 48 13.5 80
      vertex 48 34 0
      vertex 48 13.5 110
    endloop
  endfacet
  facet normal 1 -0 0
    outer loop
      vertex 48 13.4863 79.7912
      vertex 48 34 0
      vertex 48 13.5 80
    endloop
  endfacet
  facet normal 1 -0 0
    outer loop
      vertex 48 13.4863 49.7912
      vertex 48 34 0
      vertex 48 13.5 50
    endloop
  endfacet
  facet normal 1 -0 0
    outer loop
      vertex 48 13.4455 49.5859
      vertex 48 34 0
      vertex 48 13.4863 49.7912
    endloop
  endfacet
  facet normal 1 -0 0
    outer loop
      vertex 48 13.3782 49.3877
      vertex 48 34 0
      vertex 48 13.4455 49.5859
    endloop
  endfacet
  facet normal 1 -0 0
    outer loop
      vertex 48 13.2856 49.2
      vertex 48 34 0
      vertex 48 13.3782 49.3877
    endloop
  endfacet
  facet normal 1 -0 0
    outer loop
      vertex 48 13.1694 49.026
      vertex 48 34 0
      vertex 48 13.2856 49.2
    endloop
  endfacet
  facet normal 1 -0 0
    outer loop
      vertex 48 13.0314 48.8686
      vertex 48 34 0
      vertex 48 13.1694 49.026
    endloop
  endfacet
  facet normal 1 -0 0
    outer loop
      vertex 48 12.874 48.7306
      vertex 48 34 0
      vertex 48 13.0314 48.8686
    endloop
  endfacet
  facet normal 1 -0 0
    outer loop
      vertex 48 12.7 48.6144
      vertex 48 34 0
      vertex 48 12.874 48.7306
    endloop
  endfacet
  facet normal 1 0 0
    outer loop
      vertex 48 6 10
      vertex 48 12.7 48.6144
      vertex 48 12.5123 48.5218
    endloop
  endfacet
  facet normal 1 0 0
    outer loop
      vertex 48 6 10
      vertex 48 12.5123 48.5218
      vertex 48 12.3141 48.4545
    endloop
  endfacet
  facet normal 1 0 0
    outer loop
      vertex 48 6 10
      vertex 48 12.3141 48.4545
      vertex 48 12.1088 48.4137
    endloop
  endfacet
  facet normal 1 0 0
    outer loop
      vertex 48 6 10
      vertex 48 12.1088 48.4137
      vertex 48 11.9 48.4
    endloop
  endfacet
  facet normal 1 0 0
    outer loop
      vertex 48 6 10
      vertex 48 11.9 48.4
      vertex 48 11.6912 48.4137
    endloop
  endfacet
  facet normal 1 0 0
    outer loop
      vertex 48 6 10
      vertex 48 11.6912 48.4137
      vertex 48 11.4859 48.4545
    endloop
  endfacet
  facet normal 1 0 0
    outer loop
      vertex 48 6 10
      vertex 48 11.4859 48.4545
      vertex 48 11.2877 48.5218
    endloop
  endfacet
  facet normal 1 0 0
    outer loop
      vertex 48 6 10
      vertex 48 11.2877 48.5218
      vertex 48 11.1 48.6144
    endloop
  endfacet
  facet normal 1 0 0
    outer loop
      vertex 48 6 10
      vertex 48 11.1 48.6144
      vertex 48 10.926 48.7306
    endloop
  endfacet
  facet normal 1 0 0
    outer loop
      vertex 48 6 10
      vertex 48 10.926 48.7306
      vertex 48 10.7686 48.8686
    endloop
  endfacet
  facet normal 1 0 0
    outer loop
      vertex 48 6 10
      vertex 48 10.7686 48.8686
      vertex 48 10.6306 49.026
    endloop
  endfacet
  facet normal 1 0 0
    outer loop
      vertex 48 6 10
      vertex 48 10.6306 49.026
      vertex 48 10.5144 49.2
    endloop
  endfacet
  facet normal 1 0 0
    outer loop
      vertex 48 6 10
      vertex 48 10.5144 49.2
      vertex 48 10.4218 49.3877
    endloop
  endfacet
  facet normal 1 0 0
    outer loop
      vertex 48 6 10
      vertex 48 10.3137 49.7912
      vertex 48 10.3 50
    endloop
  endfacet
  facet normal 1 0 0
    outer loop
      vertex 48 6 10
      vertex 48 10.3545 49.5859
      vertex 48 10.3137 49.7912
    endloop
  endfacet
  facet normal 1 0 0
    outer loop
      vertex 48 6 10
      vertex 48 10.4218 49.3877
      vertex 48 10.3545 49.5859
    endloop
  endfacet
  facet normal 1 0 0
    outer loop
      vertex 48 12.7 48.6144
      vertex 48 6 10
      vertex 48 34 0
    endloop
  endfacet
  facet normal 1 0 0
    outer loop
      vertex 48 34 0
      vertex 48 6 10
      vertex 48 6 0
    endloop
  endfacet
  facet normal 0 0 -1
    outer loop
      vertex 36 6 0
      vertex 48 34 0
      vertex 48 6 0
    endloop
  endfacet
  facet normal -0 0 -1
    outer loop
      vertex 48 34 0
      vertex 36 6 0
      vertex 36 34 0
    endloop
  endfacet
  facet normal -1 0 0
    outer loop
      vertex 36 34 0
      vertex 36 29.6 9.99
      vertex 36 34 10
    endloop
  endfacet
  facet normal -1 0 0
    outer loop
      vertex 36 6 0
      vertex 36 29.6 9.99
      vertex 36 34 0
    endloop
  endfacet
  facet normal -1 -0 0
    outer loop
      vertex 36 29.6 9.99
      vertex 36 6 0
      vertex 36 6 9.99
    endloop
  endfacet
  facet normal -1 -0 0
    outer loop
      vertex 36 34 10
      vertex 36 29.6 9.99
      vertex 36 29.6 10
    endloop
  endfacet
  facet normal 0 -1 0
    outer loop
      vertex 36 6 9.99
      vertex 36 6 0
      vertex 43.6 6 9.99
    endloop
  endfacet
  facet normal 0 -1 0
    outer loop
      vertex 43.6 6 9.99
      vertex 48 6 10
      vertex 43.6 6 10
    endloop
  endfacet
  facet normal 0 -1 0
    outer loop
      vertex 48 6 0
      vertex 43.6 6 9.99
      vertex 36 6 0
    endloop
  endfacet
  facet normal 0 -1 0
    outer loop
      vertex 43.6 6 9.99
      vertex 48 6 0
      vertex 48 6 10
    endloop
  endfacet
  facet normal -0 0 1
    outer loop
      vertex 0 34 300
      vertex 48 0 300
      vertex 48 34 300
    endloop
  endfacet
  facet normal 0 0 1
    outer loop
      vertex 48 0 300
      vertex 0 34 300
      vertex 0 0 300
    endloop
  endfacet
  facet normal 0 -1 0
    outer loop
      vertex 34.3512 0 99.5863
      vertex 34.3512 0 210.414
      vertex 13.6488 0 99.5863
    endloop
  endfacet
  facet normal 0 -1 0
    outer loop
      vertex 34.3512 0 210.414
      vertex 34.3512 0 99.5863
      vertex 34.56 0 99.6
    endloop
  endfacet
  facet normal 0 -1 0
    outer loop
      vertex 13.8541 0 99.5455
      vertex 34.3512 0 99.5863
      vertex 13.6488 0 99.5863
    endloop
  endfacet
  facet normal 0 -1 0
    outer loop
      vertex 13.8541 0 99.5455
      vertex 34.1459 0 99.5455
      vertex 34.3512 0 99.5863
    endloop
  endfacet
  facet normal 0 -1 0
    outer loop
      vertex 14.0523 0 99.4782
      vertex 34.1459 0 99.5455
      vertex 13.8541 0 99.5455
    endloop
  endfacet
  facet normal 0 -1 0
    outer loop
      vertex 14.0523 0 99.4782
      vertex 33.9477 0 99.4782
      vertex 34.1459 0 99.5455
    endloop
  endfacet
  facet normal 0 -1 0
    outer loop
      vertex 14.24 0 99.3856
      vertex 33.9477 0 99.4782
      vertex 14.0523 0 99.4782
    endloop
  endfacet
  facet normal 0 -1 0
    outer loop
      vertex 14.24 0 99.3856
      vertex 33.76 0 99.3856
      vertex 33.9477 0 99.4782
    endloop
  endfacet
  facet normal 0 -1 0
    outer loop
      vertex 14.414 0 99.2694
      vertex 33.76 0 99.3856
      vertex 14.24 0 99.3856
    endloop
  endfacet
  facet normal 0 -1 0
    outer loop
      vertex 14.414 0 99.2694
      vertex 33.586 0 99.2694
      vertex 33.76 0 99.3856
    endloop
  endfacet
  facet normal 0 -1 0
    outer loop
      vertex 14.5714 0 99.1314
      vertex 33.586 0 99.2694
      vertex 14.414 0 99.2694
    endloop
  endfacet
  facet normal 0 -1 0
    outer loop
      vertex 14.5714 0 99.1314
      vertex 33.4286 0 99.1314
      vertex 33.586 0 99.2694
    endloop
  endfacet
  facet normal 0 -1 0
    outer loop
      vertex 14.7094 0 98.974
      vertex 33.4286 0 99.1314
      vertex 14.5714 0 99.1314
    endloop
  endfacet
  facet normal 0 -1 0
    outer loop
      vertex 14.7094 0 98.974
      vertex 33.2906 0 98.974
      vertex 33.4286 0 99.1314
    endloop
  endfacet
  facet normal 0 -1 0
    outer loop
      vertex 14.8256 0 98.8
      vertex 33.2906 0 98.974
      vertex 14.7094 0 98.974
    endloop
  endfacet
  facet normal 0 -1 0
    outer loop
      vertex 14.8256 0 98.8
      vertex 33.1744 0 98.8
      vertex 33.2906 0 98.974
    endloop
  endfacet
  facet normal 0 -1 0
    outer loop
      vertex 14.9182 0 98.6123
      vertex 33.1744 0 98.8
      vertex 14.8256 0 98.8
    endloop
  endfacet
  facet normal 0 -1 0
    outer loop
      vertex 14.9182 0 98.6123
      vertex 33.0818 0 98.6123
      vertex 33.1744 0 98.8
    endloop
  endfacet
  facet normal 0 -1 0
    outer loop
      vertex 14.9855 0 98.4141
      vertex 33.0818 0 98.6123
      vertex 14.9182 0 98.6123
    endloop
  endfacet
  facet normal 0 -1 0
    outer loop
      vertex 14.9855 0 98.4141
      vertex 33.0145 0 98.4141
      vertex 33.0818 0 98.6123
    endloop
  endfacet
  facet normal 0 -1 0
    outer loop
      vertex 15.0263 0 98.2088
      vertex 33.0145 0 98.4141
      vertex 14.9855 0 98.4141
    endloop
  endfacet
  facet normal 0 -1 0
    outer loop
      vertex 15.0263 0 98.2088
      vertex 32.9737 0 98.2088
      vertex 33.0145 0 98.4141
    endloop
  endfacet
  facet normal 0 -1 0
    outer loop
      vertex 15.04 0 98
      vertex 32.9737 0 98.2088
      vertex 15.0263 0 98.2088
    endloop
  endfacet
  facet normal 0 -1 0
    outer loop
      vertex 15.04 0 98
      vertex 32.96 0 98
      vertex 32.9737 0 98.2088
    endloop
  endfacet
  facet normal 0 -1 0
    outer loop
      vertex 15.0263 0 97.7912
      vertex 32.96 0 98
      vertex 15.04 0 98
    endloop
  endfacet
  facet normal 0 -1 0
    outer loop
      vertex 15.0263 0 97.7912
      vertex 32.9737 0 97.7912
      vertex 32.96 0 98
    endloop
  endfacet
  facet normal 0 -1 0
    outer loop
      vertex 14.9855 0 97.5859
      vertex 32.9737 0 97.7912
      vertex 15.0263 0 97.7912
    endloop
  endfacet
  facet normal 0 -1 0
    outer loop
      vertex 14.9855 0 97.5859
      vertex 33.0145 0 97.5859
      vertex 32.9737 0 97.7912
    endloop
  endfacet
  facet normal 0 -1 0
    outer loop
      vertex 14.9182 0 97.3877
      vertex 33.0145 0 97.5859
      vertex 14.9855 0 97.5859
    endloop
  endfacet
  facet normal 0 -1 0
    outer loop
      vertex 14.9182 0 97.3877
      vertex 33.0818 0 97.3877
      vertex 33.0145 0 97.5859
    endloop
  endfacet
  facet normal 0 -1 0
    outer loop
      vertex 14.8256 0 97.2
      vertex 33.0818 0 97.3877
      vertex 14.9182 0 97.3877
    endloop
  endfacet
  facet normal 0 -1 0
    outer loop
      vertex 14.8256 0 97.2
      vertex 33.1744 0 97.2
      vertex 33.0818 0 97.3877
    endloop
  endfacet
  facet normal 0 -1 0
    outer loop
      vertex 14.7094 0 97.026
      vertex 33.1744 0 97.2
      vertex 14.8256 0 97.2
    endloop
  endfacet
  facet normal 0 -1 0
    outer loop
      vertex 14.7094 0 97.026
      vertex 33.2906 0 97.026
      vertex 33.1744 0 97.2
    endloop
  endfacet
  facet normal 0 -1 0
    outer loop
      vertex 14.5714 0 96.8686
      vertex 33.2906 0 97.026
      vertex 14.7094 0 97.026
    endloop
  endfacet
  facet normal 0 -1 0
    outer loop
      vertex 14.5714 0 96.8686
      vertex 33.4286 0 96.8686
      vertex 33.2906 0 97.026
    endloop
  endfacet
  facet normal 0 -1 0
    outer loop
      vertex 14.414 0 96.7306
      vertex 33.4286 0 96.8686
      vertex 14.5714 0 96.8686
    endloop
  endfacet
  facet normal 0 -1 0
    outer loop
      vertex 14.414 0 96.7306
      vertex 33.586 0 96.7306
      vertex 33.4286 0 96.8686
    endloop
  endfacet
  facet normal 0 -1 0
    outer loop
      vertex 14.24 0 96.6144
      vertex 33.586 0 96.7306
      vertex 14.414 0 96.7306
    endloop
  endfacet
  facet normal 0 -1 0
    outer loop
      vertex 14.24 0 96.6144
      vertex 33.76 0 96.6144
      vertex 33.586 0 96.7306
    endloop
  endfacet
  facet normal 0 -1 0
    outer loop
      vertex 14.0523 0 96.5218
      vertex 33.76 0 96.6144
      vertex 14.24 0 96.6144
    endloop
  endfacet
  facet normal 0 -1 0
    outer loop
      vertex 14.0523 0 96.5218
      vertex 33.9477 0 96.5218
      vertex 33.76 0 96.6144
    endloop
  endfacet
  facet normal 0 -1 0
    outer loop
      vertex 13.8541 0 96.4545
      vertex 33.9477 0 96.5218
      vertex 14.0523 0 96.5218
    endloop
  endfacet
  facet normal 0 -1 0
    outer loop
      vertex 13.8541 0 96.4545
      vertex 34.1459 0 96.4545
      vertex 33.9477 0 96.5218
    endloop
  endfacet
  facet normal 0 -1 0
    outer loop
      vertex 0 0 10
      vertex 13.8541 0 96.4545
      vertex 13.6488 0 96.4137
    endloop
  endfacet
  facet normal 0 -1 -0
    outer loop
      vertex 13.8541 0 96.4545
      vertex 0 0 10
      vertex 34.1459 0 96.4545
    endloop
  endfacet
  facet normal 0 -1 0
    outer loop
      vertex 0 0 10
      vertex 13.6488 0 96.4137
      vertex 13.44 0 96.4
    endloop
  endfacet
  facet normal 0 -1 0
    outer loop
      vertex 48 0 10
      vertex 34.1459 0 96.4545
      vertex 0 0 10
    endloop
  endfacet
  facet normal 0 -1 0
    outer loop
      vertex 0 0 300
      vertex 13.8541 0 213.545
      vertex 48 0 300
    endloop
  endfacet
  facet normal 0 -1 0
    outer loop
      vertex 48 0 300
      vertex 34.3512 0 213.586
      vertex 34.56 0 213.6
    endloop
  endfacet
  facet normal 0 -1 0
    outer loop
      vertex 34.1459 0 213.545
      vertex 48 0 300
      vertex 13.8541 0 213.545
    endloop
  endfacet
  facet normal 0 -1 0
    outer loop
      vertex 48 0 300
      vertex 34.1459 0 213.545
      vertex 34.3512 0 213.586
    endloop
  endfacet
  facet normal 0 -1 0
    outer loop
      vertex 14.0523 0 213.478
      vertex 34.1459 0 213.545
      vertex 13.8541 0 213.545
    endloop
  endfacet
  facet normal 0 -1 0
    outer loop
      vertex 14.0523 0 213.478
      vertex 33.9477 0 213.478
      vertex 34.1459 0 213.545
    endloop
  endfacet
  facet normal 0 -1 0
    outer loop
      vertex 14.24 0 213.386
      vertex 33.9477 0 213.478
      vertex 14.0523 0 213.478
    endloop
  endfacet
  facet normal 0 -1 0
    outer loop
      vertex 14.24 0 213.386
      vertex 33.76 0 213.386
      vertex 33.9477 0 213.478
    endloop
  endfacet
  facet normal 0 -1 0
    outer loop
      vertex 14.414 0 213.269
      vertex 33.76 0 213.386
      vertex 14.24 0 213.386
    endloop
  endfacet
  facet normal 0 -1 0
    outer loop
      vertex 14.414 0 213.269
      vertex 33.586 0 213.269
      vertex 33.76 0 213.386
    endloop
  endfacet
  facet normal 0 -1 0
    outer loop
      vertex 14.5714 0 213.131
      vertex 33.586 0 213.269
      vertex 14.414 0 213.269
    endloop
  endfacet
  facet normal 0 -1 0
    outer loop
      vertex 14.5714 0 213.131
      vertex 33.4286 0 213.131
      vertex 33.586 0 213.269
    endloop
  endfacet
  facet normal 0 -1 0
    outer loop
      vertex 14.7094 0 212.974
      vertex 33.4286 0 213.131
      vertex 14.5714 0 213.131
    endloop
  endfacet
  facet normal 0 -1 0
    outer loop
      vertex 14.7094 0 212.974
      vertex 33.2906 0 212.974
      vertex 33.4286 0 213.131
    endloop
  endfacet
  facet normal 0 -1 0
    outer loop
      vertex 14.8256 0 212.8
      vertex 33.2906 0 212.974
      vertex 14.7094 0 212.974
    endloop
  endfacet
  facet normal 0 -1 0
    outer loop
      vertex 14.8256 0 212.8
      vertex 33.1744 0 212.8
      vertex 33.2906 0 212.974
    endloop
  endfacet
  facet normal 0 -1 0
    outer loop
      vertex 14.9182 0 212.612
      vertex 33.1744 0 212.8
      vertex 14.8256 0 212.8
    endloop
  endfacet
  facet normal 0 -1 0
    outer loop
      vertex 14.9182 0 212.612
      vertex 33.0818 0 212.612
      vertex 33.1744 0 212.8
    endloop
  endfacet
  facet normal 0 -1 0
    outer loop
      vertex 14.9855 0 212.414
      vertex 33.0818 0 212.612
      vertex 14.9182 0 212.612
    endloop
  endfacet
  facet normal 0 -1 0
    outer loop
      vertex 14.9855 0 212.414
      vertex 33.0145 0 212.414
      vertex 33.0818 0 212.612
    endloop
  endfacet
  facet normal 0 -1 0
    outer loop
      vertex 15.0263 0 212.209
      vertex 33.0145 0 212.414
      vertex 14.9855 0 212.414
    endloop
  endfacet
  facet normal 0 -1 0
    outer loop
      vertex 15.0263 0 212.209
      vertex 32.9737 0 212.209
      vertex 33.0145 0 212.414
    endloop
  endfacet
  facet normal 0 -1 0
    outer loop
      vertex 15.04 0 212
      vertex 32.9737 0 212.209
      vertex 15.0263 0 212.209
    endloop
  endfacet
  facet normal 0 -1 0
    outer loop
      vertex 15.04 0 212
      vertex 32.96 0 212
      vertex 32.9737 0 212.209
    endloop
  endfacet
  facet normal 0 -1 0
    outer loop
      vertex 15.0263 0 211.791
      vertex 32.96 0 212
      vertex 15.04 0 212
    endloop
  endfacet
  facet normal 0 -1 0
    outer loop
      vertex 15.0263 0 211.791
      vertex 32.9737 0 211.791
      vertex 32.96 0 212
    endloop
  endfacet
  facet normal 0 -1 0
    outer loop
      vertex 14.9855 0 211.586
      vertex 32.9737 0 211.791
      vertex 15.0263 0 211.791
    endloop
  endfacet
  facet normal 0 -1 0
    outer loop
      vertex 14.9855 0 211.586
      vertex 33.0145 0 211.586
      vertex 32.9737 0 211.791
    endloop
  endfacet
  facet normal 0 -1 0
    outer loop
      vertex 14.9182 0 211.388
      vertex 33.0145 0 211.586
      vertex 14.9855 0 211.586
    endloop
  endfacet
  facet normal 0 -1 0
    outer loop
      vertex 14.9182 0 211.388
      vertex 33.0818 0 211.388
      vertex 33.0145 0 211.586
    endloop
  endfacet
  facet normal 0 -1 0
    outer loop
      vertex 14.8256 0 211.2
      vertex 33.0818 0 211.388
      vertex 14.9182 0 211.388
    endloop
  endfacet
  facet normal 0 -1 0
    outer loop
      vertex 14.8256 0 211.2
      vertex 33.1744 0 211.2
      vertex 33.0818 0 211.388
    endloop
  endfacet
  facet normal 0 -1 0
    outer loop
      vertex 14.7094 0 211.026
      vertex 33.1744 0 211.2
      vertex 14.8256 0 211.2
    endloop
  endfacet
  facet normal 0 -1 0
    outer loop
      vertex 14.7094 0 211.026
      vertex 33.2906 0 211.026
      vertex 33.1744 0 211.2
    endloop
  endfacet
  facet normal 0 -1 0
    outer loop
      vertex 14.5714 0 210.869
      vertex 33.2906 0 211.026
      vertex 14.7094 0 211.026
    endloop
  endfacet
  facet normal 0 -1 0
    outer loop
      vertex 14.5714 0 210.869
      vertex 33.4286 0 210.869
      vertex 33.2906 0 211.026
    endloop
  endfacet
  facet normal 0 -1 0
    outer loop
      vertex 14.414 0 210.731
      vertex 33.4286 0 210.869
      vertex 14.5714 0 210.869
    endloop
  endfacet
  facet normal 0 -1 0
    outer loop
      vertex 14.414 0 210.731
      vertex 33.586 0 210.731
      vertex 33.4286 0 210.869
    endloop
  endfacet
  facet normal 0 -1 0
    outer loop
      vertex 14.24 0 210.614
      vertex 33.586 0 210.731
      vertex 14.414 0 210.731
    endloop
  endfacet
  facet normal 0 -1 0
    outer loop
      vertex 14.24 0 210.614
      vertex 33.76 0 210.614
      vertex 33.586 0 210.731
    endloop
  endfacet
  facet normal 0 -1 0
    outer loop
      vertex 14.0523 0 210.522
      vertex 33.76 0 210.614
      vertex 14.24 0 210.614
    endloop
  endfacet
  facet normal 0 -1 0
    outer loop
      vertex 14.0523 0 210.522
      vertex 33.9477 0 210.522
      vertex 33.76 0 210.614
    endloop
  endfacet
  facet normal 0 -1 0
    outer loop
      vertex 13.8541 0 210.455
      vertex 33.9477 0 210.522
      vertex 14.0523 0 210.522
    endloop
  endfacet
  facet normal 0 -1 0
    outer loop
      vertex 13.8541 0 210.455
      vertex 34.1459 0 210.455
      vertex 33.9477 0 210.522
    endloop
  endfacet
  facet normal 0 -1 0
    outer loop
      vertex 13.6488 0 210.414
      vertex 34.1459 0 210.455
      vertex 13.8541 0 210.455
    endloop
  endfacet
  facet normal 0 -1 0
    outer loop
      vertex 13.6488 0 210.414
      vertex 34.3512 0 210.414
      vertex 34.1459 0 210.455
    endloop
  endfacet
  facet normal 0 -1 0
    outer loop
      vertex 13.44 0 99.6
      vertex 13.6488 0 210.414
      vertex 13.44 0 210.4
    endloop
  endfacet
  facet normal 0 -1 0
    outer loop
      vertex 13.6488 0 99.5863
      vertex 13.6488 0 210.414
      vertex 13.44 0 99.6
    endloop
  endfacet
  facet normal 0 -1 0
    outer loop
      vertex 13.6488 0 213.586
      vertex 0 0 300
      vertex 13.44 0 213.6
    endloop
  endfacet
  facet normal 0 -1 0
    outer loop
      vertex 0 0 300
      vertex 13.2312 0 213.586
      vertex 13.44 0 213.6
    endloop
  endfacet
  facet normal 0 -1 0
    outer loop
      vertex 0 0 300
      vertex 13.0259 0 213.545
      vertex 13.2312 0 213.586
    endloop
  endfacet
  facet normal 0 -1 0
    outer loop
      vertex 0 0 300
      vertex 12.8277 0 213.478
      vertex 13.0259 0 213.545
    endloop
  endfacet
  facet normal 0 -1 0
    outer loop
      vertex 0 0 300
      vertex 12.64 0 213.386
      vertex 12.8277 0 213.478
    endloop
  endfacet
  facet normal 0 -1 0
    outer loop
      vertex 0 0 300
      vertex 12.466 0 213.269
      vertex 12.64 0 213.386
    endloop
  endfacet
  facet normal 0 -1 0
    outer loop
      vertex 0 0 300
      vertex 12.3086 0 213.131
      vertex 12.466 0 213.269
    endloop
  endfacet
  facet normal 0 -1 0
    outer loop
      vertex 0 0 300
      vertex 12.1706 0 212.974
      vertex 12.3086 0 213.131
    endloop
  endfacet
  facet normal 0 -1 0
    outer loop
      vertex 0 0 300
      vertex 12.0544 0 212.8
      vertex 12.1706 0 212.974
    endloop
  endfacet
  facet normal 0 -1 0
    outer loop
      vertex 0 0 300
      vertex 11.9618 0 212.612
      vertex 12.0544 0 212.8
    endloop
  endfacet
  facet normal 0 -1 0
    outer loop
      vertex 0 0 300
      vertex 11.8945 0 212.414
      vertex 11.9618 0 212.612
    endloop
  endfacet
  facet normal 0 -1 0
    outer loop
      vertex 0 0 300
      vertex 11.8537 0 212.209
      vertex 11.8945 0 212.414
    endloop
  endfacet
  facet normal 0 -1 0
    outer loop
      vertex 0 0 300
      vertex 11.84 0 212
      vertex 11.8537 0 212.209
    endloop
  endfacet
  facet normal 0 -1 0
    outer loop
      vertex 0 0 300
      vertex 11.8537 0 211.791
      vertex 11.84 0 212
    endloop
  endfacet
  facet normal 0 -1 0
    outer loop
      vertex 13.6488 0 210.414
      vertex 13.6488 0 99.5863
      vertex 34.3512 0 210.414
    endloop
  endfacet
  facet normal 0 -1 0
    outer loop
      vertex 13.2312 0 210.414
      vertex 13.44 0 99.6
      vertex 13.44 0 210.4
    endloop
  endfacet
  facet normal 0 -1 0
    outer loop
      vertex 13.2312 0 99.5863
      vertex 13.2312 0 210.414
      vertex 13.0259 0 210.455
    endloop
  endfacet
  facet normal 0 -1 0
    outer loop
      vertex 13.0259 0 99.5455
      vertex 13.0259 0 210.455
      vertex 12.8277 0 210.522
    endloop
  endfacet
  facet normal 0 -1 0
    outer loop
      vertex 12.8277 0 99.4782
      vertex 12.8277 0 210.522
      vertex 12.64 0 210.614
    endloop
  endfacet
  facet normal 0 -1 0
    outer loop
      vertex 12.64 0 99.3856
      vertex 12.64 0 210.614
      vertex 12.466 0 210.731
    endloop
  endfacet
  facet normal 0 -1 0
    outer loop
      vertex 12.466 0 99.2694
      vertex 12.466 0 210.731
      vertex 12.3086 0 210.869
    endloop
  endfacet
  facet normal 0 -1 0
    outer loop
      vertex 12.3086 0 99.1314
      vertex 12.3086 0 210.869
      vertex 12.1706 0 211.026
    endloop
  endfacet
  facet normal 0 -1 0
    outer loop
      vertex 12.1706 0 98.974
      vertex 12.1706 0 211.026
      vertex 12.0544 0 211.2
    endloop
  endfacet
  facet normal 0 -1 0
    outer loop
      vertex 12.0544 0 98.8
      vertex 12.0544 0 211.2
      vertex 11.9618 0 211.388
    endloop
  endfacet
  facet normal 0 -1 0
    outer loop
      vertex 11.9618 0 98.6123
      vertex 11.9618 0 211.388
      vertex 11.8945 0 211.586
    endloop
  endfacet
  facet normal 0 -1 0
    outer loop
      vertex 11.8945 0 98.4141
      vertex 11.8945 0 211.586
      vertex 11.8537 0 211.791
    endloop
  endfacet
  facet normal 0 -1 0
    outer loop
      vertex 11.8537 0 98.2088
      vertex 11.8537 0 211.791
      vertex 0 0 300
    endloop
  endfacet
  facet normal 0 -1 0
    outer loop
      vertex 13.2312 0 210.414
      vertex 13.2312 0 99.5863
      vertex 13.44 0 99.6
    endloop
  endfacet
  facet normal 0 -1 0
    outer loop
      vertex 13.0259 0 210.455
      vertex 13.0259 0 99.5455
      vertex 13.2312 0 99.5863
    endloop
  endfacet
  facet normal 0 -1 0
    outer loop
      vertex 12.8277 0 210.522
      vertex 12.8277 0 99.4782
      vertex 13.0259 0 99.5455
    endloop
  endfacet
  facet normal 0 -1 0
    outer loop
      vertex 12.64 0 210.614
      vertex 12.64 0 99.3856
      vertex 12.8277 0 99.4782
    endloop
  endfacet
  facet normal 0 -1 0
    outer loop
      vertex 12.466 0 210.731
      vertex 12.466 0 99.2694
      vertex 12.64 0 99.3856
    endloop
  endfacet
  facet normal 0 -1 0
    outer loop
      vertex 12.3086 0 210.869
      vertex 12.3086 0 99.1314
      vertex 12.466 0 99.2694
    endloop
  endfacet
  facet normal 0 -1 0
    outer loop
      vertex 12.1706 0 211.026
      vertex 12.1706 0 98.974
      vertex 12.3086 0 99.1314
    endloop
  endfacet
  facet normal 0 -1 0
    outer loop
      vertex 12.0544 0 211.2
      vertex 12.0544 0 98.8
      vertex 12.1706 0 98.974
    endloop
  endfacet
  facet normal 0 -1 0
    outer loop
      vertex 11.9618 0 211.388
      vertex 11.9618 0 98.6123
      vertex 12.0544 0 98.8
    endloop
  endfacet
  facet normal 0 -1 0
    outer loop
      vertex 11.8945 0 211.586
      vertex 11.8945 0 98.4141
      vertex 11.9618 0 98.6123
    endloop
  endfacet
  facet normal 0 -1 0
    outer loop
      vertex 11.8537 0 211.791
      vertex 11.8537 0 98.2088
      vertex 11.8945 0 98.4141
    endloop
  endfacet
  facet normal 0 -1 0
    outer loop
      vertex 0 0 300
      vertex 11.84 0 98
      vertex 11.8537 0 98.2088
    endloop
  endfacet
  facet normal 0 -1 0
    outer loop
      vertex 34.1459 0 96.4545
      vertex 48 0 10
      vertex 34.3512 0 96.4137
    endloop
  endfacet
  facet normal 0 -1 -0
    outer loop
      vertex 13.2312 0 96.4137
      vertex 0 0 10
      vertex 13.44 0 96.4
    endloop
  endfacet
  facet normal 0 -1 -0
    outer loop
      vertex 13.0259 0 96.4545
      vertex 0 0 10
      vertex 13.2312 0 96.4137
    endloop
  endfacet
  facet normal 0 -1 -0
    outer loop
      vertex 12.8277 0 96.5218
      vertex 0 0 10
      vertex 13.0259 0 96.4545
    endloop
  endfacet
  facet normal 0 -1 -0
    outer loop
      vertex 12.64 0 96.6144
      vertex 0 0 10
      vertex 12.8277 0 96.5218
    endloop
  endfacet
  facet normal 0 -1 -0
    outer loop
      vertex 12.466 0 96.7306
      vertex 0 0 10
      vertex 12.64 0 96.6144
    endloop
  endfacet
  facet normal 0 -1 -0
    outer loop
      vertex 12.3086 0 96.8686
      vertex 0 0 10
      vertex 12.466 0 96.7306
    endloop
  endfacet
  facet normal 0 -1 -0
    outer loop
      vertex 12.1706 0 97.026
      vertex 0 0 10
      vertex 12.3086 0 96.8686
    endloop
  endfacet
  facet normal 0 -1 -0
    outer loop
      vertex 12.0544 0 97.2
      vertex 0 0 10
      vertex 12.1706 0 97.026
    endloop
  endfacet
  facet normal 0 -1 -0
    outer loop
      vertex 11.9618 0 97.3877
      vertex 0 0 10
      vertex 12.0544 0 97.2
    endloop
  endfacet
  facet normal 0 -1 -0
    outer loop
      vertex 11.8945 0 97.5859
      vertex 0 0 10
      vertex 11.9618 0 97.3877
    endloop
  endfacet
  facet normal 0 -1 -0
    outer loop
      vertex 11.8537 0 97.7912
      vertex 0 0 10
      vertex 11.8945 0 97.5859
    endloop
  endfacet
  facet normal 0 -1 -0
    outer loop
      vertex 11.84 0 98
      vertex 0 0 10
      vertex 11.8537 0 97.7912
    endloop
  endfacet
  facet normal 0 -1 0
    outer loop
      vertex 0 0 10
      vertex 11.84 0 98
      vertex 0 0 300
    endloop
  endfacet
  facet normal 0 -1 0
    outer loop
      vertex 13.8541 0 213.545
      vertex 0 0 300
      vertex 13.6488 0 213.586
    endloop
  endfacet
  facet normal 0 -1 0
    outer loop
      vertex 34.7688 0 213.586
      vertex 48 0 300
      vertex 34.56 0 213.6
    endloop
  endfacet
  facet normal 0 -1 0
    outer loop
      vertex 34.9741 0 213.545
      vertex 48 0 300
      vertex 34.7688 0 213.586
    endloop
  endfacet
  facet normal 0 -1 0
    outer loop
      vertex 35.1723 0 213.478
      vertex 48 0 300
      vertex 34.9741 0 213.545
    endloop
  endfacet
  facet normal 0 -1 0
    outer loop
      vertex 35.36 0 213.386
      vertex 48 0 300
      vertex 35.1723 0 213.478
    endloop
  endfacet
  facet normal 0 -1 0
    outer loop
      vertex 35.534 0 213.269
      vertex 48 0 300
      vertex 35.36 0 213.386
    endloop
  endfacet
  facet normal 0 -1 0
    outer loop
      vertex 35.6914 0 213.131
      vertex 48 0 300
      vertex 35.534 0 213.269
    endloop
  endfacet
  facet normal 0 -1 0
    outer loop
      vertex 35.8294 0 212.974
      vertex 48 0 300
      vertex 35.6914 0 213.131
    endloop
  endfacet
  facet normal 0 -1 0
    outer loop
      vertex 35.9456 0 212.8
      vertex 48 0 300
      vertex 35.8294 0 212.974
    endloop
  endfacet
  facet normal 0 -1 0
    outer loop
      vertex 36.0382 0 212.612
      vertex 48 0 300
      vertex 35.9456 0 212.8
    endloop
  endfacet
  facet normal 0 -1 0
    outer loop
      vertex 36.1055 0 212.414
      vertex 48 0 300
      vertex 36.0382 0 212.612
    endloop
  endfacet
  facet normal 0 -1 0
    outer loop
      vertex 36.1463 0 212.209
      vertex 48 0 300
      vertex 36.1055 0 212.414
    endloop
  endfacet
  facet normal 0 -1 0
    outer loop
      vertex 36.16 0 212
      vertex 48 0 300
      vertex 36.1463 0 212.209
    endloop
  endfacet
  facet normal 0 -1 0
    outer loop
      vertex 36.1463 0 211.791
      vertex 48 0 300
      vertex 36.16 0 212
    endloop
  endfacet
  facet normal 0 -1 0
    outer loop
      vertex 34.3512 0 210.414
      vertex 34.56 0 99.6
      vertex 34.56 0 210.4
    endloop
  endfacet
  facet normal 0 -1 0
    outer loop
      vertex 34.56 0 210.4
      vertex 34.56 0 99.6
      vertex 34.7688 0 210.414
    endloop
  endfacet
  facet normal 0 -1 0
    outer loop
      vertex 34.7688 0 99.5863
      vertex 34.7688 0 210.414
      vertex 34.56 0 99.6
    endloop
  endfacet
  facet normal 0 -1 0
    outer loop
      vertex 34.7688 0 210.414
      vertex 34.7688 0 99.5863
      vertex 34.9741 0 210.455
    endloop
  endfacet
  facet normal 0 -1 0
    outer loop
      vertex 34.9741 0 99.5455
      vertex 34.9741 0 210.455
      vertex 34.7688 0 99.5863
    endloop
  endfacet
  facet normal 0 -1 0
    outer loop
      vertex 34.9741 0 210.455
      vertex 34.9741 0 99.5455
      vertex 35.1723 0 210.522
    endloop
  endfacet
  facet normal 0 -1 0
    outer loop
      vertex 35.1723 0 99.4782
      vertex 35.1723 0 210.522
      vertex 34.9741 0 99.5455
    endloop
  endfacet
  facet normal 0 -1 0
    outer loop
      vertex 35.1723 0 210.522
      vertex 35.1723 0 99.4782
      vertex 35.36 0 210.614
    endloop
  endfacet
  facet normal 0 -1 0
    outer loop
      vertex 35.36 0 99.3856
      vertex 35.36 0 210.614
      vertex 35.1723 0 99.4782
    endloop
  endfacet
  facet normal 0 -1 0
    outer loop
      vertex 35.36 0 210.614
      vertex 35.36 0 99.3856
      vertex 35.534 0 210.731
    endloop
  endfacet
  facet normal 0 -1 0
    outer loop
      vertex 35.534 0 99.2694
      vertex 35.534 0 210.731
      vertex 35.36 0 99.3856
    endloop
  endfacet
  facet normal 0 -1 0
    outer loop
      vertex 35.534 0 210.731
      vertex 35.534 0 99.2694
      vertex 35.6914 0 210.869
    endloop
  endfacet
  facet normal 0 -1 0
    outer loop
      vertex 35.6914 0 99.1314
      vertex 35.6914 0 210.869
      vertex 35.534 0 99.2694
    endloop
  endfacet
  facet normal 0 -1 0
    outer loop
      vertex 35.6914 0 210.869
      vertex 35.6914 0 99.1314
      vertex 35.8294 0 211.026
    endloop
  endfacet
  facet normal 0 -1 0
    outer loop
      vertex 35.8294 0 98.974
      vertex 35.8294 0 211.026
      vertex 35.6914 0 99.1314
    endloop
  endfacet
  facet normal 0 -1 0
    outer loop
      vertex 35.8294 0 211.026
      vertex 35.8294 0 98.974
      vertex 35.9456 0 211.2
    endloop
  endfacet
  facet normal 0 -1 0
    outer loop
      vertex 35.9456 0 98.8
      vertex 35.9456 0 211.2
      vertex 35.8294 0 98.974
    endloop
  endfacet
  facet normal 0 -1 0
    outer loop
      vertex 35.9456 0 211.2
      vertex 35.9456 0 98.8
      vertex 36.0382 0 211.388
    endloop
  endfacet
  facet normal 0 -1 0
    outer loop
      vertex 36.0382 0 98.6123
      vertex 36.0382 0 211.388
      vertex 35.9456 0 98.8
    endloop
  endfacet
  facet normal 0 -1 0
    outer loop
      vertex 36.0382 0 211.388
      vertex 36.0382 0 98.6123
      vertex 36.1055 0 211.586
    endloop
  endfacet
  facet normal 0 -1 0
    outer loop
      vertex 36.1055 0 98.4141
      vertex 36.1055 0 211.586
      vertex 36.0382 0 98.6123
    endloop
  endfacet
  facet normal 0 -1 0
    outer loop
      vertex 36.1055 0 211.586
      vertex 36.1055 0 98.4141
      vertex 36.1463 0 211.791
    endloop
  endfacet
  facet normal 0 -1 0
    outer loop
      vertex 36.1463 0 98.2088
      vertex 36.1463 0 211.791
      vertex 36.1055 0 98.4141
    endloop
  endfacet
  facet normal 0 -1 0
    outer loop
      vertex 36.1463 0 211.791
      vertex 36.1463 0 98.2088
      vertex 48 0 300
    endloop
  endfacet
  facet normal 0 -1 0
    outer loop
      vertex 36.16 0 98
      vertex 48 0 300
      vertex 36.1463 0 98.2088
    endloop
  endfacet
  facet normal 0 -1 0
    outer loop
      vertex 34.3512 0 96.4137
      vertex 48 0 10
      vertex 34.56 0 96.4
    endloop
  endfacet
  facet normal 0 -1 0
    outer loop
      vertex 34.56 0 96.4
      vertex 48 0 10
      vertex 34.7688 0 96.4137
    endloop
  endfacet
  facet normal 0 -1 0
    outer loop
      vertex 34.7688 0 96.4137
      vertex 48 0 10
      vertex 34.9741 0 96.4545
    endloop
  endfacet
  facet normal 0 -1 0
    outer loop
      vertex 34.9741 0 96.4545
      vertex 48 0 10
      vertex 35.1723 0 96.5218
    endloop
  endfacet
  facet normal 0 -1 0
    outer loop
      vertex 35.1723 0 96.5218
      vertex 48 0 10
      vertex 35.36 0 96.6144
    endloop
  endfacet
  facet normal 0 -1 0
    outer loop
      vertex 35.36 0 96.6144
      vertex 48 0 10
      vertex 35.534 0 96.7306
    endloop
  endfacet
  facet normal 0 -1 0
    outer loop
      vertex 35.534 0 96.7306
      vertex 48 0 10
      vertex 35.6914 0 96.8686
    endloop
  endfacet
  facet normal 0 -1 0
    outer loop
      vertex 35.6914 0 96.8686
      vertex 48 0 10
      vertex 35.8294 0 97.026
    endloop
  endfacet
  facet normal 0 -1 0
    outer loop
      vertex 35.8294 0 97.026
      vertex 48 0 10
      vertex 35.9456 0 97.2
    endloop
  endfacet
  facet normal 0 -1 0
    outer loop
      vertex 36.16 0 98
      vertex 48 0 10
      vertex 48 0 300
    endloop
  endfacet
  facet normal 0 -1 0
    outer loop
      vertex 36.1463 0 97.7912
      vertex 48 0 10
      vertex 36.16 0 98
    endloop
  endfacet
  facet normal 0 -1 0
    outer loop
      vertex 36.1055 0 97.5859
      vertex 48 0 10
      vertex 36.1463 0 97.7912
    endloop
  endfacet
  facet normal 0 -1 0
    outer loop
      vertex 36.0382 0 97.3877
      vertex 48 0 10
      vertex 36.1055 0 97.5859
    endloop
  endfacet
  facet normal 0 -1 0
    outer loop
      vertex 35.9456 0 97.2
      vertex 48 0 10
      vertex 36.0382 0 97.3877
    endloop
  endfacet
  facet normal -1 0 0
    outer loop
      vertex 45.6 13.4455 140.414
      vertex 45.6 31.3 294.6
      vertex 45.6 13.4863 140.209
    endloop
  endfacet
  facet normal -1 0 0
    outer loop
      vertex 45.6 31.3 294.6
      vertex 45.6 13.4863 281.791
      vertex 45.6 13.5 282
    endloop
  endfacet
  facet normal -1 0 0
    outer loop
      vertex 45.6 13.3782 140.612
      vertex 45.6 31.3 294.6
      vertex 45.6 13.4455 140.414
    endloop
  endfacet
  facet normal -1 0 0
    outer loop
      vertex 45.6 31.3 294.6
      vertex 45.6 13.4455 281.586
      vertex 45.6 13.4863 281.791
    endloop
  endfacet
  facet normal -1 0 0
    outer loop
      vertex 45.6 13.2856 140.8
      vertex 45.6 31.3 294.6
      vertex 45.6 13.3782 140.612
    endloop
  endfacet
  facet normal -1 0 0
    outer loop
      vertex 45.6 31.3 294.6
      vertex 45.6 13.3782 281.388
      vertex 45.6 13.4455 281.586
    endloop
  endfacet
  facet normal -1 0 0
    outer loop
      vertex 45.6 13.1694 140.974
      vertex 45.6 31.3 294.6
      vertex 45.6 13.2856 140.8
    endloop
  endfacet
  facet normal -1 0 0
    outer loop
      vertex 45.6 31.3 294.6
      vertex 45.6 13.2856 281.2
      vertex 45.6 13.3782 281.388
    endloop
  endfacet
  facet normal -1 0 0
    outer loop
      vertex 45.6 13.0314 141.131
      vertex 45.6 31.3 294.6
      vertex 45.6 13.1694 140.974
    endloop
  endfacet
  facet normal -1 0 0
    outer loop
      vertex 45.6 31.3 294.6
      vertex 45.6 13.1694 281.026
      vertex 45.6 13.2856 281.2
    endloop
  endfacet
  facet normal -1 0 0
    outer loop
      vertex 45.6 13.0314 280.869
      vertex 45.6 31.3 294.6
      vertex 45.6 13.0314 141.131
    endloop
  endfacet
  facet normal -1 0 0
    outer loop
      vertex 45.6 31.3 294.6
      vertex 45.6 13.0314 280.869
      vertex 45.6 13.1694 281.026
    endloop
  endfacet
  facet normal -1 0 0
    outer loop
      vertex 45.6 12.874 141.269
      vertex 45.6 13.0314 280.869
      vertex 45.6 13.0314 141.131
    endloop
  endfacet
  facet normal -1 0 0
    outer loop
      vertex 45.6 12.874 141.269
      vertex 45.6 12.874 280.731
      vertex 45.6 13.0314 280.869
    endloop
  endfacet
  facet normal -1 0 0
    outer loop
      vertex 45.6 12.7 141.386
      vertex 45.6 12.874 280.731
      vertex 45.6 12.874 141.269
    endloop
  endfacet
  facet normal -1 0 0
    outer loop
      vertex 45.6 12.7 141.386
      vertex 45.6 12.7 280.614
      vertex 45.6 12.874 280.731
    endloop
  endfacet
  facet normal -1 0 0
    outer loop
      vertex 45.6 12.5123 141.478
      vertex 45.6 12.7 280.614
      vertex 45.6 12.7 141.386
    endloop
  endfacet
  facet normal -1 0 0
    outer loop
      vertex 45.6 12.5123 141.478
      vertex 45.6 12.5123 280.522
      vertex 45.6 12.7 280.614
    endloop
  endfacet
  facet normal -1 0 0
    outer loop
      vertex 45.6 12.3141 141.545
      vertex 45.6 12.5123 280.522
      vertex 45.6 12.5123 141.478
    endloop
  endfacet
  facet normal -1 0 0
    outer loop
      vertex 45.6 12.3141 141.545
      vertex 45.6 12.3141 280.455
      vertex 45.6 12.5123 280.522
    endloop
  endfacet
  facet normal -1 0 0
    outer loop
      vertex 45.6 12.1088 141.586
      vertex 45.6 12.3141 280.455
      vertex 45.6 12.3141 141.545
    endloop
  endfacet
  facet normal -1 0 0
    outer loop
      vertex 45.6 12.1088 141.586
      vertex 45.6 12.1088 280.414
      vertex 45.6 12.3141 280.455
    endloop
  endfacet
  facet normal -1 0 0
    outer loop
      vertex 45.6 11.9 141.6
      vertex 45.6 12.1088 280.414
      vertex 45.6 12.1088 141.586
    endloop
  endfacet
  facet normal -1 0 0
    outer loop
      vertex 45.6 11.9 141.6
      vertex 45.6 11.9 280.4
      vertex 45.6 12.1088 280.414
    endloop
  endfacet
  facet normal -1 0 0
    outer loop
      vertex 45.6 11.6912 141.586
      vertex 45.6 11.9 280.4
      vertex 45.6 11.9 141.6
    endloop
  endfacet
  facet normal -1 0 0
    outer loop
      vertex 45.6 11.6912 141.586
      vertex 45.6 11.6912 280.414
      vertex 45.6 11.9 280.4
    endloop
  endfacet
  facet normal -1 0 0
    outer loop
      vertex 45.6 11.4859 141.545
      vertex 45.6 11.6912 280.414
      vertex 45.6 11.6912 141.586
    endloop
  endfacet
  facet normal -1 0 0
    outer loop
      vertex 45.6 11.4859 141.545
      vertex 45.6 11.4859 280.455
      vertex 45.6 11.6912 280.414
    endloop
  endfacet
  facet normal -1 0 0
    outer loop
      vertex 45.6 11.2877 141.478
      vertex 45.6 11.4859 280.455
      vertex 45.6 11.4859 141.545
    endloop
  endfacet
  facet normal -1 0 0
    outer loop
      vertex 45.6 11.2877 141.478
      vertex 45.6 11.2877 280.522
      vertex 45.6 11.4859 280.455
    endloop
  endfacet
  facet normal -1 0 0
    outer loop
      vertex 45.6 11.1 141.386
      vertex 45.6 11.2877 280.522
      vertex 45.6 11.2877 141.478
    endloop
  endfacet
  facet normal -1 0 0
    outer loop
      vertex 45.6 11.1 141.386
      vertex 45.6 11.1 280.614
      vertex 45.6 11.2877 280.522
    endloop
  endfacet
  facet normal -1 0 0
    outer loop
      vertex 45.6 10.926 141.269
      vertex 45.6 11.1 280.614
      vertex 45.6 11.1 141.386
    endloop
  endfacet
  facet normal -1 0 0
    outer loop
      vertex 45.6 10.926 141.269
      vertex 45.6 10.926 280.731
      vertex 45.6 11.1 280.614
    endloop
  endfacet
  facet normal -1 0 0
    outer loop
      vertex 45.6 10.7686 141.131
      vertex 45.6 10.926 280.731
      vertex 45.6 10.926 141.269
    endloop
  endfacet
  facet normal -1 0 0
    outer loop
      vertex 45.6 10.7686 141.131
      vertex 45.6 10.7686 280.869
      vertex 45.6 10.926 280.731
    endloop
  endfacet
  facet normal -1 0 0
    outer loop
      vertex 45.6 10.6306 140.974
      vertex 45.6 10.7686 280.869
      vertex 45.6 10.7686 141.131
    endloop
  endfacet
  facet normal -1 0 0
    outer loop
      vertex 45.6 10.6306 140.974
      vertex 45.6 10.6306 281.026
      vertex 45.6 10.7686 280.869
    endloop
  endfacet
  facet normal -1 0 0
    outer loop
      vertex 45.6 10.5144 140.8
      vertex 45.6 10.6306 281.026
      vertex 45.6 10.6306 140.974
    endloop
  endfacet
  facet normal -1 0 0
    outer loop
      vertex 45.6 10.5144 140.8
      vertex 45.6 10.5144 281.2
      vertex 45.6 10.6306 281.026
    endloop
  endfacet
  facet normal -1 0 0
    outer loop
      vertex 45.6 10.4218 140.612
      vertex 45.6 10.5144 281.2
      vertex 45.6 10.5144 140.8
    endloop
  endfacet
  facet normal -1 0 0
    outer loop
      vertex 45.6 10.4218 140.612
      vertex 45.6 10.4218 281.388
      vertex 45.6 10.5144 281.2
    endloop
  endfacet
  facet normal -1 0 0
    outer loop
      vertex 45.6 10.3545 140.414
      vertex 45.6 10.4218 281.388
      vertex 45.6 10.4218 140.612
    endloop
  endfacet
  facet normal -1 0 0
    outer loop
      vertex 45.6 10.3545 140.414
      vertex 45.6 10.3545 281.586
      vertex 45.6 10.4218 281.388
    endloop
  endfacet
  facet normal -1 0 0
    outer loop
      vertex 45.6 7.2 294.6
      vertex 45.6 10.3545 140.414
      vertex 45.6 10.3137 140.209
    endloop
  endfacet
  facet normal -1 0 0
    outer loop
      vertex 45.6 10.3545 140.414
      vertex 45.6 7.2 294.6
      vertex 45.6 10.3545 281.586
    endloop
  endfacet
  facet normal -1 0 0
    outer loop
      vertex 45.6 7.2 294.6
      vertex 45.6 10.3137 140.209
      vertex 45.6 10.3 140
    endloop
  endfacet
  facet normal -1 0 0
    outer loop
      vertex 45.6 10.3545 281.586
      vertex 45.6 7.2 294.6
      vertex 45.6 10.3137 281.791
    endloop
  endfacet
  facet normal -1 0 0
    outer loop
      vertex 45.6 13.4863 110.209
      vertex 45.6 13.5 140
      vertex 45.6 13.5 110
    endloop
  endfacet
  facet normal -1 0 0
    outer loop
      vertex 45.6 13.4863 110.209
      vertex 45.6 13.4863 139.791
      vertex 45.6 13.5 140
    endloop
  endfacet
  facet normal -1 0 0
    outer loop
      vertex 45.6 13.4455 110.414
      vertex 45.6 13.4863 139.791
      vertex 45.6 13.4863 110.209
    endloop
  endfacet
  facet normal -1 0 0
    outer loop
      vertex 45.6 13.4455 110.414
      vertex 45.6 13.4455 139.586
      vertex 45.6 13.4863 139.791
    endloop
  endfacet
  facet normal -1 0 0
    outer loop
      vertex 45.6 13.3782 110.612
      vertex 45.6 13.4455 139.586
      vertex 45.6 13.4455 110.414
    endloop
  endfacet
  facet normal -1 0 0
    outer loop
      vertex 45.6 13.3782 110.612
      vertex 45.6 13.3782 139.388
      vertex 45.6 13.4455 139.586
    endloop
  endfacet
  facet normal -1 0 0
    outer loop
      vertex 45.6 13.2856 110.8
      vertex 45.6 13.3782 139.388
      vertex 45.6 13.3782 110.612
    endloop
  endfacet
  facet normal -1 0 0
    outer loop
      vertex 45.6 13.2856 110.8
      vertex 45.6 13.2856 139.2
      vertex 45.6 13.3782 139.388
    endloop
  endfacet
  facet normal -1 0 0
    outer loop
      vertex 45.6 13.1694 110.974
      vertex 45.6 13.2856 139.2
      vertex 45.6 13.2856 110.8
    endloop
  endfacet
  facet normal -1 0 0
    outer loop
      vertex 45.6 13.1694 110.974
      vertex 45.6 13.1694 139.026
      vertex 45.6 13.2856 139.2
    endloop
  endfacet
  facet normal -1 0 0
    outer loop
      vertex 45.6 13.0314 111.131
      vertex 45.6 13.1694 139.026
      vertex 45.6 13.1694 110.974
    endloop
  endfacet
  facet normal -1 0 0
    outer loop
      vertex 45.6 13.0314 111.131
      vertex 45.6 13.0314 138.869
      vertex 45.6 13.1694 139.026
    endloop
  endfacet
  facet normal -1 0 0
    outer loop
      vertex 45.6 12.874 111.269
      vertex 45.6 13.0314 138.869
      vertex 45.6 13.0314 111.131
    endloop
  endfacet
  facet normal -1 0 0
    outer loop
      vertex 45.6 12.874 111.269
      vertex 45.6 12.874 138.731
      vertex 45.6 13.0314 138.869
    endloop
  endfacet
  facet normal -1 0 0
    outer loop
      vertex 45.6 12.7 111.386
      vertex 45.6 12.874 138.731
      vertex 45.6 12.874 111.269
    endloop
  endfacet
  facet normal -1 0 0
    outer loop
      vertex 45.6 12.7 111.386
      vertex 45.6 12.7 138.614
      vertex 45.6 12.874 138.731
    endloop
  endfacet
  facet normal -1 0 0
    outer loop
      vertex 45.6 12.5123 111.478
      vertex 45.6 12.7 138.614
      vertex 45.6 12.7 111.386
    endloop
  endfacet
  facet normal -1 0 0
    outer loop
      vertex 45.6 12.5123 111.478
      vertex 45.6 12.5123 138.522
      vertex 45.6 12.7 138.614
    endloop
  endfacet
  facet normal -1 0 0
    outer loop
      vertex 45.6 12.3141 111.545
      vertex 45.6 12.5123 138.522
      vertex 45.6 12.5123 111.478
    endloop
  endfacet
  facet normal -1 0 0
    outer loop
      vertex 45.6 12.3141 111.545
      vertex 45.6 12.3141 138.455
      vertex 45.6 12.5123 138.522
    endloop
  endfacet
  facet normal -1 0 0
    outer loop
      vertex 45.6 12.1088 111.586
      vertex 45.6 12.3141 138.455
      vertex 45.6 12.3141 111.545
    endloop
  endfacet
  facet normal -1 0 0
    outer loop
      vertex 45.6 12.1088 111.586
      vertex 45.6 12.1088 138.414
      vertex 45.6 12.3141 138.455
    endloop
  endfacet
  facet normal -1 0 0
    outer loop
      vertex 45.6 11.9 111.6
      vertex 45.6 12.1088 138.414
      vertex 45.6 12.1088 111.586
    endloop
  endfacet
  facet normal -1 0 0
    outer loop
      vertex 45.6 11.9 111.6
      vertex 45.6 11.9 138.4
      vertex 45.6 12.1088 138.414
    endloop
  endfacet
  facet normal -1 0 0
    outer loop
      vertex 45.6 11.6912 111.586
      vertex 45.6 11.9 138.4
      vertex 45.6 11.9 111.6
    endloop
  endfacet
  facet normal -1 0 0
    outer loop
      vertex 45.6 11.6912 111.586
      vertex 45.6 11.6912 138.414
      vertex 45.6 11.9 138.4
    endloop
  endfacet
  facet normal -1 0 0
    outer loop
      vertex 45.6 11.4859 111.545
      vertex 45.6 11.6912 138.414
      vertex 45.6 11.6912 111.586
    endloop
  endfacet
  facet normal -1 0 0
    outer loop
      vertex 45.6 11.4859 111.545
      vertex 45.6 11.4859 138.455
      vertex 45.6 11.6912 138.414
    endloop
  endfacet
  facet normal -1 0 0
    outer loop
      vertex 45.6 11.2877 111.478
      vertex 45.6 11.4859 138.455
      vertex 45.6 11.4859 111.545
    endloop
  endfacet
  facet normal -1 0 0
    outer loop
      vertex 45.6 11.2877 111.478
      vertex 45.6 11.2877 138.522
      vertex 45.6 11.4859 138.455
    endloop
  endfacet
  facet normal -1 0 0
    outer loop
      vertex 45.6 11.1 111.386
      vertex 45.6 11.2877 138.522
      vertex 45.6 11.2877 111.478
    endloop
  endfacet
  facet normal -1 0 0
    outer loop
      vertex 45.6 11.1 111.386
      vertex 45.6 11.1 138.614
      vertex 45.6 11.2877 138.522
    endloop
  endfacet
  facet normal -1 0 0
    outer loop
      vertex 45.6 10.926 111.269
      vertex 45.6 11.1 138.614
      vertex 45.6 11.1 111.386
    endloop
  endfacet
  facet normal -1 0 0
    outer loop
      vertex 45.6 10.926 111.269
      vertex 45.6 10.926 138.731
      vertex 45.6 11.1 138.614
    endloop
  endfacet
  facet normal -1 0 0
    outer loop
      vertex 45.6 10.7686 111.131
      vertex 45.6 10.926 138.731
      vertex 45.6 10.926 111.269
    endloop
  endfacet
  facet normal -1 0 0
    outer loop
      vertex 45.6 10.7686 111.131
      vertex 45.6 10.7686 138.869
      vertex 45.6 10.926 138.731
    endloop
  endfacet
  facet normal -1 0 0
    outer loop
      vertex 45.6 10.6306 110.974
      vertex 45.6 10.7686 138.869
      vertex 45.6 10.7686 111.131
    endloop
  endfacet
  facet normal -1 0 0
    outer loop
      vertex 45.6 10.6306 110.974
      vertex 45.6 10.6306 139.026
      vertex 45.6 10.7686 138.869
    endloop
  endfacet
  facet normal -1 0 0
    outer loop
      vertex 45.6 10.5144 110.8
      vertex 45.6 10.6306 139.026
      vertex 45.6 10.6306 110.974
    endloop
  endfacet
  facet normal -1 0 0
    outer loop
      vertex 45.6 10.5144 110.8
      vertex 45.6 10.5144 139.2
      vertex 45.6 10.6306 139.026
    endloop
  endfacet
  facet normal -1 0 0
    outer loop
      vertex 45.6 10.4218 110.612
      vertex 45.6 10.5144 139.2
      vertex 45.6 10.5144 110.8
    endloop
  endfacet
  facet normal -1 0 0
    outer loop
      vertex 45.6 10.4218 110.612
      vertex 45.6 10.4218 139.388
      vertex 45.6 10.5144 139.2
    endloop
  endfacet
  facet normal -1 0 0
    outer loop
      vertex 45.6 10.3545 110.414
      vertex 45.6 10.4218 139.388
      vertex 45.6 10.4218 110.612
    endloop
  endfacet
  facet normal -1 0 0
    outer loop
      vertex 45.6 10.3545 110.414
      vertex 45.6 10.3545 139.586
      vertex 45.6 10.4218 139.388
    endloop
  endfacet
  facet normal -1 0 0
    outer loop
      vertex 45.6 10.3137 110.209
      vertex 45.6 10.3545 139.586
      vertex 45.6 10.3545 110.414
    endloop
  endfacet
  facet normal -1 0 0
    outer loop
      vertex 45.6 10.3137 110.209
      vertex 45.6 10.3137 139.791
      vertex 45.6 10.3545 139.586
    endloop
  endfacet
  facet normal -1 0 0
    outer loop
      vertex 45.6 10.3 110
      vertex 45.6 10.3137 139.791
      vertex 45.6 10.3137 110.209
    endloop
  endfacet
  facet normal -1 -0 0
    outer loop
      vertex 45.6 10.3137 139.791
      vertex 45.6 10.3 110
      vertex 45.6 10.3 140
    endloop
  endfacet
  facet normal -1 0 0
    outer loop
      vertex 45.6 13.4863 109.791
      vertex 45.6 31.3 12.4
      vertex 45.6 13.4863 80.2088
    endloop
  endfacet
  facet normal -1 0 0
    outer loop
      vertex 45.6 31.3 12.4
      vertex 45.6 13.4863 109.791
      vertex 45.6 13.5 110
    endloop
  endfacet
  facet normal -1 0 0
    outer loop
      vertex 45.6 13.4455 80.4141
      vertex 45.6 13.4863 109.791
      vertex 45.6 13.4863 80.2088
    endloop
  endfacet
  facet normal -1 0 0
    outer loop
      vertex 45.6 13.4455 80.4141
      vertex 45.6 13.4455 109.586
      vertex 45.6 13.4863 109.791
    endloop
  endfacet
  facet normal -1 0 0
    outer loop
      vertex 45.6 13.3782 80.6123
      vertex 45.6 13.4455 109.586
      vertex 45.6 13.4455 80.4141
    endloop
  endfacet
  facet normal -1 0 0
    outer loop
      vertex 45.6 13.3782 80.6123
      vertex 45.6 13.3782 109.388
      vertex 45.6 13.4455 109.586
    endloop
  endfacet
  facet normal -1 0 0
    outer loop
      vertex 45.6 13.2856 80.8
      vertex 45.6 13.3782 109.388
      vertex 45.6 13.3782 80.6123
    endloop
  endfacet
  facet normal -1 0 0
    outer loop
      vertex 45.6 13.2856 80.8
      vertex 45.6 13.2856 109.2
      vertex 45.6 13.3782 109.388
    endloop
  endfacet
  facet normal -1 0 0
    outer loop
      vertex 45.6 13.1694 80.974
      vertex 45.6 13.2856 109.2
      vertex 45.6 13.2856 80.8
    endloop
  endfacet
  facet normal -1 0 0
    outer loop
      vertex 45.6 13.1694 80.974
      vertex 45.6 13.1694 109.026
      vertex 45.6 13.2856 109.2
    endloop
  endfacet
  facet normal -1 0 0
    outer loop
      vertex 45.6 13.0314 81.1314
      vertex 45.6 13.1694 109.026
      vertex 45.6 13.1694 80.974
    endloop
  endfacet
  facet normal -1 0 0
    outer loop
      vertex 45.6 13.0314 81.1314
      vertex 45.6 13.0314 108.869
      vertex 45.6 13.1694 109.026
    endloop
  endfacet
  facet normal -1 0 0
    outer loop
      vertex 45.6 12.874 81.2694
      vertex 45.6 13.0314 108.869
      vertex 45.6 13.0314 81.1314
    endloop
  endfacet
  facet normal -1 0 0
    outer loop
      vertex 45.6 12.874 81.2694
      vertex 45.6 12.874 108.731
      vertex 45.6 13.0314 108.869
    endloop
  endfacet
  facet normal -1 0 0
    outer loop
      vertex 45.6 12.7 81.3856
      vertex 45.6 12.874 108.731
      vertex 45.6 12.874 81.2694
    endloop
  endfacet
  facet normal -1 0 0
    outer loop
      vertex 45.6 12.7 81.3856
      vertex 45.6 12.7 108.614
      vertex 45.6 12.874 108.731
    endloop
  endfacet
  facet normal -1 0 0
    outer loop
      vertex 45.6 12.5123 81.4782
      vertex 45.6 12.7 108.614
      vertex 45.6 12.7 81.3856
    endloop
  endfacet
  facet normal -1 0 0
    outer loop
      vertex 45.6 12.5123 81.4782
      vertex 45.6 12.5123 108.522
      vertex 45.6 12.7 108.614
    endloop
  endfacet
  facet normal -1 0 0
    outer loop
      vertex 45.6 12.3141 81.5455
      vertex 45.6 12.5123 108.522
      vertex 45.6 12.5123 81.4782
    endloop
  endfacet
  facet normal -1 0 0
    outer loop
      vertex 45.6 12.3141 81.5455
      vertex 45.6 12.3141 108.455
      vertex 45.6 12.5123 108.522
    endloop
  endfacet
  facet normal -1 0 0
    outer loop
      vertex 45.6 12.1088 81.5863
      vertex 45.6 12.3141 108.455
      vertex 45.6 12.3141 81.5455
    endloop
  endfacet
  facet normal -1 0 0
    outer loop
      vertex 45.6 12.1088 81.5863
      vertex 45.6 12.1088 108.414
      vertex 45.6 12.3141 108.455
    endloop
  endfacet
  facet normal -1 0 0
    outer loop
      vertex 45.6 11.9 81.6
      vertex 45.6 12.1088 108.414
      vertex 45.6 12.1088 81.5863
    endloop
  endfacet
  facet normal -1 0 0
    outer loop
      vertex 45.6 11.9 81.6
      vertex 45.6 11.9 108.4
      vertex 45.6 12.1088 108.414
    endloop
  endfacet
  facet normal -1 0 0
    outer loop
      vertex 45.6 11.6912 81.5863
      vertex 45.6 11.9 108.4
      vertex 45.6 11.9 81.6
    endloop
  endfacet
  facet normal -1 0 0
    outer loop
      vertex 45.6 11.6912 81.5863
      vertex 45.6 11.6912 108.414
      vertex 45.6 11.9 108.4
    endloop
  endfacet
  facet normal -1 0 0
    outer loop
      vertex 45.6 11.4859 81.5455
      vertex 45.6 11.6912 108.414
      vertex 45.6 11.6912 81.5863
    endloop
  endfacet
  facet normal -1 0 0
    outer loop
      vertex 45.6 11.4859 81.5455
      vertex 45.6 11.4859 108.455
      vertex 45.6 11.6912 108.414
    endloop
  endfacet
  facet normal -1 0 0
    outer loop
      vertex 45.6 11.2877 81.4782
      vertex 45.6 11.4859 108.455
      vertex 45.6 11.4859 81.5455
    endloop
  endfacet
  facet normal -1 0 0
    outer loop
      vertex 45.6 11.2877 81.4782
      vertex 45.6 11.2877 108.522
      vertex 45.6 11.4859 108.455
    endloop
  endfacet
  facet normal -1 0 0
    outer loop
      vertex 45.6 11.1 81.3856
      vertex 45.6 11.2877 108.522
      vertex 45.6 11.2877 81.4782
    endloop
  endfacet
  facet normal -1 0 0
    outer loop
      vertex 45.6 11.1 81.3856
      vertex 45.6 11.1 108.614
      vertex 45.6 11.2877 108.522
    endloop
  endfacet
  facet normal -1 0 0
    outer loop
      vertex 45.6 10.926 81.2694
      vertex 45.6 11.1 108.614
      vertex 45.6 11.1 81.3856
    endloop
  endfacet
  facet normal -1 0 0
    outer loop
      vertex 45.6 10.926 81.2694
      vertex 45.6 10.926 108.731
      vertex 45.6 11.1 108.614
    endloop
  endfacet
  facet normal -1 0 0
    outer loop
      vertex 45.6 10.7686 81.1314
      vertex 45.6 10.926 108.731
      vertex 45.6 10.926 81.2694
    endloop
  endfacet
  facet normal -1 0 0
    outer loop
      vertex 45.6 10.7686 81.1314
      vertex 45.6 10.7686 108.869
      vertex 45.6 10.926 108.731
    endloop
  endfacet
  facet normal -1 0 0
    outer loop
      vertex 45.6 10.6306 80.974
      vertex 45.6 10.7686 108.869
      vertex 45.6 10.7686 81.1314
    endloop
  endfacet
  facet normal -1 0 0
    outer loop
      vertex 45.6 10.6306 80.974
      vertex 45.6 10.6306 109.026
      vertex 45.6 10.7686 108.869
    endloop
  endfacet
  facet normal -1 0 0
    outer loop
      vertex 45.6 10.5144 80.8
      vertex 45.6 10.6306 109.026
      vertex 45.6 10.6306 80.974
    endloop
  endfacet
  facet normal -1 0 0
    outer loop
      vertex 45.6 10.5144 80.8
      vertex 45.6 10.5144 109.2
      vertex 45.6 10.6306 109.026
    endloop
  endfacet
  facet normal -1 0 0
    outer loop
      vertex 45.6 10.4218 80.6123
      vertex 45.6 10.5144 109.2
      vertex 45.6 10.5144 80.8
    endloop
  endfacet
  facet normal -1 0 0
    outer loop
      vertex 45.6 10.4218 80.6123
      vertex 45.6 10.4218 109.388
      vertex 45.6 10.5144 109.2
    endloop
  endfacet
  facet normal -1 0 0
    outer loop
      vertex 45.6 10.3545 80.4141
      vertex 45.6 10.4218 109.388
      vertex 45.6 10.4218 80.6123
    endloop
  endfacet
  facet normal -1 0 0
    outer loop
      vertex 45.6 10.3545 80.4141
      vertex 45.6 10.3545 109.586
      vertex 45.6 10.4218 109.388
    endloop
  endfacet
  facet normal -1 0 0
    outer loop
      vertex 45.6 10.3137 80.2088
      vertex 45.6 10.3545 109.586
      vertex 45.6 10.3545 80.4141
    endloop
  endfacet
  facet normal -1 0 0
    outer loop
      vertex 45.6 10.3137 80.2088
      vertex 45.6 10.3137 109.791
      vertex 45.6 10.3545 109.586
    endloop
  endfacet
  facet normal -1 0 0
    outer loop
      vertex 45.6 10.3 80
      vertex 45.6 10.3137 109.791
      vertex 45.6 10.3137 80.2088
    endloop
  endfacet
  facet normal -1 -0 0
    outer loop
      vertex 45.6 10.3137 109.791
      vertex 45.6 10.3 80
      vertex 45.6 10.3 110
    endloop
  endfacet
  facet normal -1 0 0
    outer loop
      vertex 45.6 13.4863 79.7912
      vertex 45.6 31.3 12.4
      vertex 45.6 13.4863 50.2088
    endloop
  endfacet
  facet normal -1 0 0
    outer loop
      vertex 45.6 31.3 12.4
      vertex 45.6 13.4863 79.7912
      vertex 45.6 13.5 80
    endloop
  endfacet
  facet normal -1 0 0
    outer loop
      vertex 45.6 13.4455 50.4141
      vertex 45.6 13.4863 79.7912
      vertex 45.6 13.4863 50.2088
    endloop
  endfacet
  facet normal -1 0 0
    outer loop
      vertex 45.6 13.4455 50.4141
      vertex 45.6 13.4455 79.5859
      vertex 45.6 13.4863 79.7912
    endloop
  endfacet
  facet normal -1 0 0
    outer loop
      vertex 45.6 13.3782 50.6123
      vertex 45.6 13.4455 79.5859
      vertex 45.6 13.4455 50.4141
    endloop
  endfacet
  facet normal -1 0 0
    outer loop
      vertex 45.6 13.3782 50.6123
      vertex 45.6 13.3782 79.3877
      vertex 45.6 13.4455 79.5859
    endloop
  endfacet
  facet normal -1 0 0
    outer loop
      vertex 45.6 13.2856 50.8
      vertex 45.6 13.3782 79.3877
      vertex 45.6 13.3782 50.6123
    endloop
  endfacet
  facet normal -1 0 0
    outer loop
      vertex 45.6 13.2856 50.8
      vertex 45.6 13.2856 79.2
      vertex 45.6 13.3782 79.3877
    endloop
  endfacet
  facet normal -1 0 0
    outer loop
      vertex 45.6 13.1694 50.974
      vertex 45.6 13.2856 79.2
      vertex 45.6 13.2856 50.8
    endloop
  endfacet
  facet normal -1 0 0
    outer loop
      vertex 45.6 13.1694 50.974
      vertex 45.6 13.1694 79.026
      vertex 45.6 13.2856 79.2
    endloop
  endfacet
  facet normal -1 0 0
    outer loop
      vertex 45.6 13.0314 51.1314
      vertex 45.6 13.1694 79.026
      vertex 45.6 13.1694 50.974
    endloop
  endfacet
  facet normal -1 0 0
    outer loop
      vertex 45.6 13.0314 51.1314
      vertex 45.6 13.0314 78.8686
      vertex 45.6 13.1694 79.026
    endloop
  endfacet
  facet normal -1 0 0
    outer loop
      vertex 45.6 12.874 51.2694
      vertex 45.6 13.0314 78.8686
      vertex 45.6 13.0314 51.1314
    endloop
  endfacet
  facet normal -1 0 0
    outer loop
      vertex 45.6 12.874 51.2694
      vertex 45.6 12.874 78.7306
      vertex 45.6 13.0314 78.8686
    endloop
  endfacet
  facet normal -1 0 0
    outer loop
      vertex 45.6 12.7 51.3856
      vertex 45.6 12.874 78.7306
      vertex 45.6 12.874 51.2694
    endloop
  endfacet
  facet normal -1 0 0
    outer loop
      vertex 45.6 12.7 51.3856
      vertex 45.6 12.7 78.6144
      vertex 45.6 12.874 78.7306
    endloop
  endfacet
  facet normal -1 0 0
    outer loop
      vertex 45.6 12.5123 51.4782
      vertex 45.6 12.7 78.6144
      vertex 45.6 12.7 51.3856
    endloop
  endfacet
  facet normal -1 0 0
    outer loop
      vertex 45.6 12.5123 51.4782
      vertex 45.6 12.5123 78.5218
      vertex 45.6 12.7 78.6144
    endloop
  endfacet
  facet normal -1 0 0
    outer loop
      vertex 45.6 12.3141 51.5455
      vertex 45.6 12.5123 78.5218
      vertex 45.6 12.5123 51.4782
    endloop
  endfacet
  facet normal -1 0 0
    outer loop
      vertex 45.6 12.3141 51.5455
      vertex 45.6 12.3141 78.4545
      vertex 45.6 12.5123 78.5218
    endloop
  endfacet
  facet normal -1 0 0
    outer loop
      vertex 45.6 12.1088 51.5863
      vertex 45.6 12.3141 78.4545
      vertex 45.6 12.3141 51.5455
    endloop
  endfacet
  facet normal -1 0 0
    outer loop
      vertex 45.6 12.1088 51.5863
      vertex 45.6 12.1088 78.4137
      vertex 45.6 12.3141 78.4545
    endloop
  endfacet
  facet normal -1 0 0
    outer loop
      vertex 45.6 11.9 51.6
      vertex 45.6 12.1088 78.4137
      vertex 45.6 12.1088 51.5863
    endloop
  endfacet
  facet normal -1 0 0
    outer loop
      vertex 45.6 11.9 51.6
      vertex 45.6 11.9 78.4
      vertex 45.6 12.1088 78.4137
    endloop
  endfacet
  facet normal -1 0 0
    outer loop
      vertex 45.6 11.6912 51.5863
      vertex 45.6 11.9 78.4
      vertex 45.6 11.9 51.6
    endloop
  endfacet
  facet normal -1 0 0
    outer loop
      vertex 45.6 11.6912 51.5863
      vertex 45.6 11.6912 78.4137
      vertex 45.6 11.9 78.4
    endloop
  endfacet
  facet normal -1 0 0
    outer loop
      vertex 45.6 11.4859 51.5455
      vertex 45.6 11.6912 78.4137
      vertex 45.6 11.6912 51.5863
    endloop
  endfacet
  facet normal -1 0 0
    outer loop
      vertex 45.6 11.4859 51.5455
      vertex 45.6 11.4859 78.4545
      vertex 45.6 11.6912 78.4137
    endloop
  endfacet
  facet normal -1 0 0
    outer loop
      vertex 45.6 11.2877 51.4782
      vertex 45.6 11.4859 78.4545
      vertex 45.6 11.4859 51.5455
    endloop
  endfacet
  facet normal -1 0 0
    outer loop
      vertex 45.6 11.2877 51.4782
      vertex 45.6 11.2877 78.5218
      vertex 45.6 11.4859 78.4545
    endloop
  endfacet
  facet normal -1 0 0
    outer loop
      vertex 45.6 11.1 51.3856
      vertex 45.6 11.2877 78.5218
      vertex 45.6 11.2877 51.4782
    endloop
  endfacet
  facet normal -1 0 0
    outer loop
      vertex 45.6 11.1 51.3856
      vertex 45.6 11.1 78.6144
      vertex 45.6 11.2877 78.5218
    endloop
  endfacet
  facet normal -1 0 0
    outer loop
      vertex 45.6 10.926 51.2694
      vertex 45.6 11.1 78.6144
      vertex 45.6 11.1 51.3856
    endloop
  endfacet
  facet normal -1 0 0
    outer loop
      vertex 45.6 10.926 51.2694
      vertex 45.6 10.926 78.7306
      vertex 45.6 11.1 78.6144
    endloop
  endfacet
  facet normal -1 0 0
    outer loop
      vertex 45.6 10.7686 51.1314
      vertex 45.6 10.926 78.7306
      vertex 45.6 10.926 51.2694
    endloop
  endfacet
  facet normal -1 0 0
    outer loop
      vertex 45.6 10.7686 51.1314
      vertex 45.6 10.7686 78.8686
      vertex 45.6 10.926 78.7306
    endloop
  endfacet
  facet normal -1 0 0
    outer loop
      vertex 45.6 10.6306 50.974
      vertex 45.6 10.7686 78.8686
      vertex 45.6 10.7686 51.1314
    endloop
  endfacet
  facet normal -1 0 0
    outer loop
      vertex 45.6 10.6306 50.974
      vertex 45.6 10.6306 79.026
      vertex 45.6 10.7686 78.8686
    endloop
  endfacet
  facet normal -1 0 0
    outer loop
      vertex 45.6 10.5144 50.8
      vertex 45.6 10.6306 79.026
      vertex 45.6 10.6306 50.974
    endloop
  endfacet
  facet normal -1 0 0
    outer loop
      vertex 45.6 10.5144 50.8
      vertex 45.6 10.5144 79.2
      vertex 45.6 10.6306 79.026
    endloop
  endfacet
  facet normal -1 0 0
    outer loop
      vertex 45.6 10.4218 50.6123
      vertex 45.6 10.5144 79.2
      vertex 45.6 10.5144 50.8
    endloop
  endfacet
  facet normal -1 0 0
    outer loop
      vertex 45.6 10.4218 50.6123
      vertex 45.6 10.4218 79.3877
      vertex 45.6 10.5144 79.2
    endloop
  endfacet
  facet normal -1 0 0
    outer loop
      vertex 45.6 10.3545 50.4141
      vertex 45.6 10.4218 79.3877
      vertex 45.6 10.4218 50.6123
    endloop
  endfacet
  facet normal -1 0 0
    outer loop
      vertex 45.6 10.3545 50.4141
      vertex 45.6 10.3545 79.5859
      vertex 45.6 10.4218 79.3877
    endloop
  endfacet
  facet normal -1 0 0
    outer loop
      vertex 45.6 10.3137 50.2088
      vertex 45.6 10.3545 79.5859
      vertex 45.6 10.3545 50.4141
    endloop
  endfacet
  facet normal -1 0 0
    outer loop
      vertex 45.6 10.3137 50.2088
      vertex 45.6 10.3137 79.7912
      vertex 45.6 10.3545 79.5859
    endloop
  endfacet
  facet normal -1 0 0
    outer loop
      vertex 45.6 10.3 50
      vertex 45.6 10.3137 79.7912
      vertex 45.6 10.3137 50.2088
    endloop
  endfacet
  facet normal -1 -0 0
    outer loop
      vertex 45.6 10.3137 79.7912
      vertex 45.6 10.3 50
      vertex 45.6 10.3 80
    endloop
  endfacet
  facet normal -1 0 0
    outer loop
      vertex 45.6 13.4863 50.2088
      vertex 45.6 31.3 12.4
      vertex 45.6 13.5 50
    endloop
  endfacet
  facet normal -1 0 0
    outer loop
      vertex 45.6 31.3 12.4
      vertex 45.6 13.4863 49.7912
      vertex 45.6 13.5 50
    endloop
  endfacet
  facet normal -1 0 0
    outer loop
      vertex 45.6 31.3 12.4
      vertex 45.6 13.4455 49.5859
      vertex 45.6 13.4863 49.7912
    endloop
  endfacet
  facet normal -1 0 0
    outer loop
      vertex 45.6 31.3 12.4
      vertex 45.6 13.3782 49.3877
      vertex 45.6 13.4455 49.5859
    endloop
  endfacet
  facet normal -1 0 0
    outer loop
      vertex 45.6 31.3 12.4
      vertex 45.6 13.2856 49.2
      vertex 45.6 13.3782 49.3877
    endloop
  endfacet
  facet normal -1 0 0
    outer loop
      vertex 45.6 31.3 12.4
      vertex 45.6 13.1694 49.026
      vertex 45.6 13.2856 49.2
    endloop
  endfacet
  facet normal -1 0 0
    outer loop
      vertex 45.6 31.3 12.4
      vertex 45.6 13.0314 48.8686
      vertex 45.6 13.1694 49.026
    endloop
  endfacet
  facet normal -1 0 0
    outer loop
      vertex 45.6 31.3 12.4
      vertex 45.6 12.874 48.7306
      vertex 45.6 13.0314 48.8686
    endloop
  endfacet
  facet normal -1 0 0
    outer loop
      vertex 45.6 31.3 12.4
      vertex 45.6 12.7 48.6144
      vertex 45.6 12.874 48.7306
    endloop
  endfacet
  facet normal -1 0 0
    outer loop
      vertex 45.6 31.3 12.4
      vertex 45.6 12.5123 48.5218
      vertex 45.6 12.7 48.6144
    endloop
  endfacet
  facet normal -1 0 0
    outer loop
      vertex 45.6 7.2 12.4
      vertex 45.6 12.5123 48.5218
      vertex 45.6 31.3 12.4
    endloop
  endfacet
  facet normal -1 0 0
    outer loop
      vertex 45.6 12.5123 48.5218
      vertex 45.6 7.2 12.4
      vertex 45.6 12.3141 48.4545
    endloop
  endfacet
  facet normal -1 0 0
    outer loop
      vertex 45.6 12.3141 48.4545
      vertex 45.6 7.2 12.4
      vertex 45.6 12.1088 48.4137
    endloop
  endfacet
  facet normal -1 0 0
    outer loop
      vertex 45.6 12.1088 48.4137
      vertex 45.6 7.2 12.4
      vertex 45.6 11.9 48.4
    endloop
  endfacet
  facet normal -1 -0 0
    outer loop
      vertex 45.6 11.9 48.4
      vertex 45.6 7.2 12.4
      vertex 45.6 11.6912 48.4137
    endloop
  endfacet
  facet normal -1 -0 0
    outer loop
      vertex 45.6 11.6912 48.4137
      vertex 45.6 7.2 12.4
      vertex 45.6 11.4859 48.4545
    endloop
  endfacet
  facet normal -1 -0 0
    outer loop
      vertex 45.6 11.4859 48.4545
      vertex 45.6 7.2 12.4
      vertex 45.6 11.2877 48.5218
    endloop
  endfacet
  facet normal -1 -0 0
    outer loop
      vertex 45.6 11.2877 48.5218
      vertex 45.6 7.2 12.4
      vertex 45.6 11.1 48.6144
    endloop
  endfacet
  facet normal -1 -0 0
    outer loop
      vertex 45.6 11.1 48.6144
      vertex 45.6 7.2 12.4
      vertex 45.6 10.926 48.7306
    endloop
  endfacet
  facet normal -1 -0 0
    outer loop
      vertex 45.6 10.926 48.7306
      vertex 45.6 7.2 12.4
      vertex 45.6 10.7686 48.8686
    endloop
  endfacet
  facet normal -1 -0 0
    outer loop
      vertex 45.6 10.7686 48.8686
      vertex 45.6 7.2 12.4
      vertex 45.6 10.6306 49.026
    endloop
  endfacet
  facet normal -1 0 0
    outer loop
      vertex 45.6 7.2 12.4
      vertex 45.6 10.3 80
      vertex 45.6 10.3 50
    endloop
  endfacet
  facet normal -1 -0 0
    outer loop
      vertex 45.6 10.3 80
      vertex 45.6 7.2 12.4
      vertex 45.6 10.3 110
    endloop
  endfacet
  facet normal -1 -0 0
    outer loop
      vertex 45.6 10.3 110
      vertex 45.6 7.2 12.4
      vertex 45.6 10.3 140
    endloop
  endfacet
  facet normal -1 -0 0
    outer loop
      vertex 45.6 10.3 140
      vertex 45.6 7.2 12.4
      vertex 45.6 7.2 294.6
    endloop
  endfacet
  facet normal -1 -0 0
    outer loop
      vertex 45.6 10.3137 49.7912
      vertex 45.6 7.2 12.4
      vertex 45.6 10.3 50
    endloop
  endfacet
  facet normal -1 -0 0
    outer loop
      vertex 45.6 10.3545 49.5859
      vertex 45.6 7.2 12.4
      vertex 45.6 10.3137 49.7912
    endloop
  endfacet
  facet normal -1 -0 0
    outer loop
      vertex 45.6 10.4218 49.3877
      vertex 45.6 7.2 12.4
      vertex 45.6 10.3545 49.5859
    endloop
  endfacet
  facet normal -1 -0 0
    outer loop
      vertex 45.6 10.5144 49.2
      vertex 45.6 7.2 12.4
      vertex 45.6 10.4218 49.3877
    endloop
  endfacet
  facet normal -1 -0 0
    outer loop
      vertex 45.6 10.6306 49.026
      vertex 45.6 7.2 12.4
      vertex 45.6 10.5144 49.2
    endloop
  endfacet
  facet normal -1 0 0
    outer loop
      vertex 45.6 13.4863 80.2088
      vertex 45.6 31.3 12.4
      vertex 45.6 13.5 80
    endloop
  endfacet
  facet normal -1 0 0
    outer loop
      vertex 45.6 13.5 140
      vertex 45.6 31.3 12.4
      vertex 45.6 13.5 110
    endloop
  endfacet
  facet normal -1 0 0
    outer loop
      vertex 45.6 31.3 12.4
      vertex 45.6 13.5 140
      vertex 45.6 31.3 294.6
    endloop
  endfacet
  facet normal -1 0 0
    outer loop
      vertex 45.6 13.4863 140.209
      vertex 45.6 31.3 294.6
      vertex 45.6 13.5 140
    endloop
  endfacet
  facet normal -1 0 0
    outer loop
      vertex 45.6 13.4863 282.209
      vertex 45.6 31.3 294.6
      vertex 45.6 13.5 282
    endloop
  endfacet
  facet normal -1 0 0
    outer loop
      vertex 45.6 13.4455 282.414
      vertex 45.6 31.3 294.6
      vertex 45.6 13.4863 282.209
    endloop
  endfacet
  facet normal -1 0 0
    outer loop
      vertex 45.6 13.3782 282.612
      vertex 45.6 31.3 294.6
      vertex 45.6 13.4455 282.414
    endloop
  endfacet
  facet normal -1 0 0
    outer loop
      vertex 45.6 13.2856 282.8
      vertex 45.6 31.3 294.6
      vertex 45.6 13.3782 282.612
    endloop
  endfacet
  facet normal -1 0 0
    outer loop
      vertex 45.6 13.1694 282.974
      vertex 45.6 31.3 294.6
      vertex 45.6 13.2856 282.8
    endloop
  endfacet
  facet normal -1 0 0
    outer loop
      vertex 45.6 13.0314 283.131
      vertex 45.6 31.3 294.6
      vertex 45.6 13.1694 282.974
    endloop
  endfacet
  facet normal -1 0 0
    outer loop
      vertex 45.6 12.874 283.269
      vertex 45.6 31.3 294.6
      vertex 45.6 13.0314 283.131
    endloop
  endfacet
  facet normal -1 0 0
    outer loop
      vertex 45.6 12.7 283.386
      vertex 45.6 31.3 294.6
      vertex 45.6 12.874 283.269
    endloop
  endfacet
  facet normal -1 0 0
    outer loop
      vertex 45.6 7.2 294.6
      vertex 45.6 12.7 283.386
      vertex 45.6 12.5123 283.478
    endloop
  endfacet
  facet normal -1 0 0
    outer loop
      vertex 45.6 7.2 294.6
      vertex 45.6 12.5123 283.478
      vertex 45.6 12.3141 283.545
    endloop
  endfacet
  facet normal -1 0 0
    outer loop
      vertex 45.6 7.2 294.6
      vertex 45.6 12.3141 283.545
      vertex 45.6 12.1088 283.586
    endloop
  endfacet
  facet normal -1 0 0
    outer loop
      vertex 45.6 7.2 294.6
      vertex 45.6 12.1088 283.586
      vertex 45.6 11.9 283.6
    endloop
  endfacet
  facet normal -1 0 0
    outer loop
      vertex 45.6 7.2 294.6
      vertex 45.6 11.9 283.6
      vertex 45.6 11.6912 283.586
    endloop
  endfacet
  facet normal -1 0 0
    outer loop
      vertex 45.6 7.2 294.6
      vertex 45.6 11.6912 283.586
      vertex 45.6 11.4859 283.545
    endloop
  endfacet
  facet normal -1 0 0
    outer loop
      vertex 45.6 7.2 294.6
      vertex 45.6 11.4859 283.545
      vertex 45.6 11.2877 283.478
    endloop
  endfacet
  facet normal -1 0 0
    outer loop
      vertex 45.6 7.2 294.6
      vertex 45.6 11.2877 283.478
      vertex 45.6 11.1 283.386
    endloop
  endfacet
  facet normal -1 0 0
    outer loop
      vertex 45.6 12.7 283.386
      vertex 45.6 7.2 294.6
      vertex 45.6 31.3 294.6
    endloop
  endfacet
  facet normal -1 0 0
    outer loop
      vertex 45.6 10.926 283.269
      vertex 45.6 7.2 294.6
      vertex 45.6 11.1 283.386
    endloop
  endfacet
  facet normal -1 0 0
    outer loop
      vertex 45.6 10.7686 283.131
      vertex 45.6 7.2 294.6
      vertex 45.6 10.926 283.269
    endloop
  endfacet
  facet normal -1 0 0
    outer loop
      vertex 45.6 10.6306 282.974
      vertex 45.6 7.2 294.6
      vertex 45.6 10.7686 283.131
    endloop
  endfacet
  facet normal -1 0 0
    outer loop
      vertex 45.6 10.5144 282.8
      vertex 45.6 7.2 294.6
      vertex 45.6 10.6306 282.974
    endloop
  endfacet
  facet normal -1 0 0
    outer loop
      vertex 45.6 10.4218 282.612
      vertex 45.6 7.2 294.6
      vertex 45.6 10.5144 282.8
    endloop
  endfacet
  facet normal -1 0 0
    outer loop
      vertex 45.6 10.3545 282.414
      vertex 45.6 7.2 294.6
      vertex 45.6 10.4218 282.612
    endloop
  endfacet
  facet normal -1 0 0
    outer loop
      vertex 45.6 10.3137 282.209
      vertex 45.6 7.2 294.6
      vertex 45.6 10.3545 282.414
    endloop
  endfacet
  facet normal -1 0 0
    outer loop
      vertex 45.6 10.3 282
      vertex 45.6 7.2 294.6
      vertex 45.6 10.3137 282.209
    endloop
  endfacet
  facet normal -1 0 0
    outer loop
      vertex 45.6 10.3137 281.791
      vertex 45.6 7.2 294.6
      vertex 45.6 10.3 282
    endloop
  endfacet
  facet normal 0 0 -1
    outer loop
      vertex 2.4 7.2 294.6
      vertex 45.6 31.3 294.6
      vertex 45.6 7.2 294.6
    endloop
  endfacet
  facet normal -0 0 -1
    outer loop
      vertex 45.6 31.3 294.6
      vertex 2.4 7.2 294.6
      vertex 2.4 31.3 294.6
    endloop
  endfacet
  facet normal 0 0 1
    outer loop
      vertex 45.6 31.3 12.4
      vertex 43.6 29.6 12.4
      vertex 45.6 7.2 12.4
    endloop
  endfacet
  facet normal 0 0 1
    outer loop
      vertex 45.6 31.3 12.4
      vertex 4.4 29.6 12.4
      vertex 43.6 29.6 12.4
    endloop
  endfacet
  facet normal -0 0 1
    outer loop
      vertex 2.4 31.3 12.4
      vertex 4.4 29.6 12.4
      vertex 45.6 31.3 12.4
    endloop
  endfacet
  facet normal 0 0 1
    outer loop
      vertex 2.4 7.2 12.4
      vertex 4.4 29.6 12.4
      vertex 2.4 31.3 12.4
    endloop
  endfacet
  facet normal 0 0 1
    outer loop
      vertex 4.4 29.6 12.4
      vertex 2.4 7.2 12.4
      vertex 4.4 7.2 12.4
    endloop
  endfacet
  facet normal 0 0 1
    outer loop
      vertex 45.6 7.2 12.4
      vertex 43.6 29.6 12.4
      vertex 43.6 7.2 12.4
    endloop
  endfacet
  facet normal 1 -0 0
    outer loop
      vertex 2.4 7.2 294.6
      vertex 2.4 31.3 12.4
      vertex 2.4 31.3 294.6
    endloop
  endfacet
  facet normal 1 0 0
    outer loop
      vertex 2.4 31.3 12.4
      vertex 2.4 7.2 294.6
      vertex 2.4 7.2 12.4
    endloop
  endfacet
  facet normal 0 -1 0
    outer loop
      vertex 34.3512 31.3 99.5863
      vertex 34.3512 31.3 210.414
      vertex 13.6488 31.3 99.5863
    endloop
  endfacet
  facet normal 0 -1 0
    outer loop
      vertex 34.3512 31.3 210.414
      vertex 34.3512 31.3 99.5863
      vertex 34.56 31.3 99.6
    endloop
  endfacet
  facet normal 0 -1 0
    outer loop
      vertex 13.8541 31.3 99.5455
      vertex 34.3512 31.3 99.5863
      vertex 13.6488 31.3 99.5863
    endloop
  endfacet
  facet normal 0 -1 0
    outer loop
      vertex 13.8541 31.3 99.5455
      vertex 34.1459 31.3 99.5455
      vertex 34.3512 31.3 99.5863
    endloop
  endfacet
  facet normal 0 -1 0
    outer loop
      vertex 14.0523 31.3 99.4782
      vertex 34.1459 31.3 99.5455
      vertex 13.8541 31.3 99.5455
    endloop
  endfacet
  facet normal 0 -1 0
    outer loop
      vertex 14.0523 31.3 99.4782
      vertex 33.9477 31.3 99.4782
      vertex 34.1459 31.3 99.5455
    endloop
  endfacet
  facet normal 0 -1 0
    outer loop
      vertex 14.24 31.3 99.3856
      vertex 33.9477 31.3 99.4782
      vertex 14.0523 31.3 99.4782
    endloop
  endfacet
  facet normal 0 -1 0
    outer loop
      vertex 14.24 31.3 99.3856
      vertex 33.76 31.3 99.3856
      vertex 33.9477 31.3 99.4782
    endloop
  endfacet
  facet normal 0 -1 0
    outer loop
      vertex 14.414 31.3 99.2694
      vertex 33.76 31.3 99.3856
      vertex 14.24 31.3 99.3856
    endloop
  endfacet
  facet normal 0 -1 0
    outer loop
      vertex 14.414 31.3 99.2694
      vertex 33.586 31.3 99.2694
      vertex 33.76 31.3 99.3856
    endloop
  endfacet
  facet normal 0 -1 0
    outer loop
      vertex 14.5714 31.3 99.1314
      vertex 33.586 31.3 99.2694
      vertex 14.414 31.3 99.2694
    endloop
  endfacet
  facet normal 0 -1 0
    outer loop
      vertex 14.5714 31.3 99.1314
      vertex 33.4286 31.3 99.1314
      vertex 33.586 31.3 99.2694
    endloop
  endfacet
  facet normal 0 -1 0
    outer loop
      vertex 14.7094 31.3 98.974
      vertex 33.4286 31.3 99.1314
      vertex 14.5714 31.3 99.1314
    endloop
  endfacet
  facet normal 0 -1 0
    outer loop
      vertex 14.7094 31.3 98.974
      vertex 33.2906 31.3 98.974
      vertex 33.4286 31.3 99.1314
    endloop
  endfacet
  facet normal 0 -1 0
    outer loop
      vertex 14.8256 31.3 98.8
      vertex 33.2906 31.3 98.974
      vertex 14.7094 31.3 98.974
    endloop
  endfacet
  facet normal 0 -1 0
    outer loop
      vertex 14.8256 31.3 98.8
      vertex 33.1744 31.3 98.8
      vertex 33.2906 31.3 98.974
    endloop
  endfacet
  facet normal 0 -1 0
    outer loop
      vertex 14.9182 31.3 98.6123
      vertex 33.1744 31.3 98.8
      vertex 14.8256 31.3 98.8
    endloop
  endfacet
  facet normal 0 -1 0
    outer loop
      vertex 14.9182 31.3 98.6123
      vertex 33.0818 31.3 98.6123
      vertex 33.1744 31.3 98.8
    endloop
  endfacet
  facet normal 0 -1 0
    outer loop
      vertex 14.9855 31.3 98.4141
      vertex 33.0818 31.3 98.6123
      vertex 14.9182 31.3 98.6123
    endloop
  endfacet
  facet normal 0 -1 0
    outer loop
      vertex 14.9855 31.3 98.4141
      vertex 33.0145 31.3 98.4141
      vertex 33.0818 31.3 98.6123
    endloop
  endfacet
  facet normal 0 -1 0
    outer loop
      vertex 15.0263 31.3 98.2088
      vertex 33.0145 31.3 98.4141
      vertex 14.9855 31.3 98.4141
    endloop
  endfacet
  facet normal 0 -1 0
    outer loop
      vertex 15.0263 31.3 98.2088
      vertex 32.9737 31.3 98.2088
      vertex 33.0145 31.3 98.4141
    endloop
  endfacet
  facet normal 0 -1 0
    outer loop
      vertex 15.04 31.3 98
      vertex 32.9737 31.3 98.2088
      vertex 15.0263 31.3 98.2088
    endloop
  endfacet
  facet normal 0 -1 0
    outer loop
      vertex 15.04 31.3 98
      vertex 32.96 31.3 98
      vertex 32.9737 31.3 98.2088
    endloop
  endfacet
  facet normal 0 -1 0
    outer loop
      vertex 15.0263 31.3 97.7912
      vertex 32.96 31.3 98
      vertex 15.04 31.3 98
    endloop
  endfacet
  facet normal 0 -1 0
    outer loop
      vertex 15.0263 31.3 97.7912
      vertex 32.9737 31.3 97.7912
      vertex 32.96 31.3 98
    endloop
  endfacet
  facet normal 0 -1 0
    outer loop
      vertex 14.9855 31.3 97.5859
      vertex 32.9737 31.3 97.7912
      vertex 15.0263 31.3 97.7912
    endloop
  endfacet
  facet normal 0 -1 0
    outer loop
      vertex 14.9855 31.3 97.5859
      vertex 33.0145 31.3 97.5859
      vertex 32.9737 31.3 97.7912
    endloop
  endfacet
  facet normal 0 -1 0
    outer loop
      vertex 14.9182 31.3 97.3877
      vertex 33.0145 31.3 97.5859
      vertex 14.9855 31.3 97.5859
    endloop
  endfacet
  facet normal 0 -1 0
    outer loop
      vertex 14.9182 31.3 97.3877
      vertex 33.0818 31.3 97.3877
      vertex 33.0145 31.3 97.5859
    endloop
  endfacet
  facet normal 0 -1 0
    outer loop
      vertex 14.8256 31.3 97.2
      vertex 33.0818 31.3 97.3877
      vertex 14.9182 31.3 97.3877
    endloop
  endfacet
  facet normal 0 -1 0
    outer loop
      vertex 14.8256 31.3 97.2
      vertex 33.1744 31.3 97.2
      vertex 33.0818 31.3 97.3877
    endloop
  endfacet
  facet normal 0 -1 0
    outer loop
      vertex 14.7094 31.3 97.026
      vertex 33.1744 31.3 97.2
      vertex 14.8256 31.3 97.2
    endloop
  endfacet
  facet normal 0 -1 0
    outer loop
      vertex 14.7094 31.3 97.026
      vertex 33.2906 31.3 97.026
      vertex 33.1744 31.3 97.2
    endloop
  endfacet
  facet normal 0 -1 0
    outer loop
      vertex 14.5714 31.3 96.8686
      vertex 33.2906 31.3 97.026
      vertex 14.7094 31.3 97.026
    endloop
  endfacet
  facet normal 0 -1 0
    outer loop
      vertex 14.5714 31.3 96.8686
      vertex 33.4286 31.3 96.8686
      vertex 33.2906 31.3 97.026
    endloop
  endfacet
  facet normal 0 -1 0
    outer loop
      vertex 14.414 31.3 96.7306
      vertex 33.4286 31.3 96.8686
      vertex 14.5714 31.3 96.8686
    endloop
  endfacet
  facet normal 0 -1 0
    outer loop
      vertex 14.414 31.3 96.7306
      vertex 33.586 31.3 96.7306
      vertex 33.4286 31.3 96.8686
    endloop
  endfacet
  facet normal 0 -1 0
    outer loop
      vertex 14.24 31.3 96.6144
      vertex 33.586 31.3 96.7306
      vertex 14.414 31.3 96.7306
    endloop
  endfacet
  facet normal 0 -1 0
    outer loop
      vertex 14.24 31.3 96.6144
      vertex 33.76 31.3 96.6144
      vertex 33.586 31.3 96.7306
    endloop
  endfacet
  facet normal 0 -1 0
    outer loop
      vertex 14.0523 31.3 96.5218
      vertex 33.76 31.3 96.6144
      vertex 14.24 31.3 96.6144
    endloop
  endfacet
  facet normal 0 -1 0
    outer loop
      vertex 14.0523 31.3 96.5218
      vertex 33.9477 31.3 96.5218
      vertex 33.76 31.3 96.6144
    endloop
  endfacet
  facet normal 0 -1 0
    outer loop
      vertex 13.8541 31.3 96.4545
      vertex 33.9477 31.3 96.5218
      vertex 14.0523 31.3 96.5218
    endloop
  endfacet
  facet normal 0 -1 0
    outer loop
      vertex 13.8541 31.3 96.4545
      vertex 34.1459 31.3 96.4545
      vertex 33.9477 31.3 96.5218
    endloop
  endfacet
  facet normal 0 -1 0
    outer loop
      vertex 24 31.3 19.5
      vertex 13.8541 31.3 96.4545
      vertex 13.6488 31.3 96.4137
    endloop
  endfacet
  facet normal 0 -1 0
    outer loop
      vertex 13.8541 31.3 96.4545
      vertex 24 31.3 19.5
      vertex 34.1459 31.3 96.4545
    endloop
  endfacet
  facet normal 0 -1 0
    outer loop
      vertex 23.5432 31.3 19.4701
      vertex 13.6488 31.3 96.4137
      vertex 13.44 31.3 96.4
    endloop
  endfacet
  facet normal 0 -1 -0
    outer loop
      vertex 34.1459 31.3 96.4545
      vertex 24 31.3 19.5
      vertex 34.3512 31.3 96.4137
    endloop
  endfacet
  facet normal 0 -1 0
    outer loop
      vertex 2.4 31.3 294.6
      vertex 13.8541 31.3 213.545
      vertex 45.6 31.3 294.6
    endloop
  endfacet
  facet normal 0 -1 0
    outer loop
      vertex 45.6 31.3 294.6
      vertex 34.3512 31.3 213.586
      vertex 34.56 31.3 213.6
    endloop
  endfacet
  facet normal 0 -1 0
    outer loop
      vertex 34.1459 31.3 213.545
      vertex 45.6 31.3 294.6
      vertex 13.8541 31.3 213.545
    endloop
  endfacet
  facet normal 0 -1 0
    outer loop
      vertex 45.6 31.3 294.6
      vertex 34.1459 31.3 213.545
      vertex 34.3512 31.3 213.586
    endloop
  endfacet
  facet normal 0 -1 0
    outer loop
      vertex 14.0523 31.3 213.478
      vertex 34.1459 31.3 213.545
      vertex 13.8541 31.3 213.545
    endloop
  endfacet
  facet normal 0 -1 0
    outer loop
      vertex 14.0523 31.3 213.478
      vertex 33.9477 31.3 213.478
      vertex 34.1459 31.3 213.545
    endloop
  endfacet
  facet normal 0 -1 0
    outer loop
      vertex 14.24 31.3 213.386
      vertex 33.9477 31.3 213.478
      vertex 14.0523 31.3 213.478
    endloop
  endfacet
  facet normal 0 -1 0
    outer loop
      vertex 14.24 31.3 213.386
      vertex 33.76 31.3 213.386
      vertex 33.9477 31.3 213.478
    endloop
  endfacet
  facet normal 0 -1 0
    outer loop
      vertex 14.414 31.3 213.269
      vertex 33.76 31.3 213.386
      vertex 14.24 31.3 213.386
    endloop
  endfacet
  facet normal 0 -1 0
    outer loop
      vertex 14.414 31.3 213.269
      vertex 33.586 31.3 213.269
      vertex 33.76 31.3 213.386
    endloop
  endfacet
  facet normal 0 -1 0
    outer loop
      vertex 14.5714 31.3 213.131
      vertex 33.586 31.3 213.269
      vertex 14.414 31.3 213.269
    endloop
  endfacet
  facet normal 0 -1 0
    outer loop
      vertex 14.5714 31.3 213.131
      vertex 33.4286 31.3 213.131
      vertex 33.586 31.3 213.269
    endloop
  endfacet
  facet normal 0 -1 0
    outer loop
      vertex 14.7094 31.3 212.974
      vertex 33.4286 31.3 213.131
      vertex 14.5714 31.3 213.131
    endloop
  endfacet
  facet normal 0 -1 0
    outer loop
      vertex 14.7094 31.3 212.974
      vertex 33.2906 31.3 212.974
      vertex 33.4286 31.3 213.131
    endloop
  endfacet
  facet normal 0 -1 0
    outer loop
      vertex 14.8256 31.3 212.8
      vertex 33.2906 31.3 212.974
      vertex 14.7094 31.3 212.974
    endloop
  endfacet
  facet normal 0 -1 0
    outer loop
      vertex 14.8256 31.3 212.8
      vertex 33.1744 31.3 212.8
      vertex 33.2906 31.3 212.974
    endloop
  endfacet
  facet normal 0 -1 0
    outer loop
      vertex 14.9182 31.3 212.612
      vertex 33.1744 31.3 212.8
      vertex 14.8256 31.3 212.8
    endloop
  endfacet
  facet normal 0 -1 0
    outer loop
      vertex 14.9182 31.3 212.612
      vertex 33.0818 31.3 212.612
      vertex 33.1744 31.3 212.8
    endloop
  endfacet
  facet normal 0 -1 0
    outer loop
      vertex 14.9855 31.3 212.414
      vertex 33.0818 31.3 212.612
      vertex 14.9182 31.3 212.612
    endloop
  endfacet
  facet normal 0 -1 0
    outer loop
      vertex 14.9855 31.3 212.414
      vertex 33.0145 31.3 212.414
      vertex 33.0818 31.3 212.612
    endloop
  endfacet
  facet normal 0 -1 0
    outer loop
      vertex 15.0263 31.3 212.209
      vertex 33.0145 31.3 212.414
      vertex 14.9855 31.3 212.414
    endloop
  endfacet
  facet normal 0 -1 0
    outer loop
      vertex 15.0263 31.3 212.209
      vertex 32.9737 31.3 212.209
      vertex 33.0145 31.3 212.414
    endloop
  endfacet
  facet normal 0 -1 0
    outer loop
      vertex 15.04 31.3 212
      vertex 32.9737 31.3 212.209
      vertex 15.0263 31.3 212.209
    endloop
  endfacet
  facet normal 0 -1 0
    outer loop
      vertex 15.04 31.3 212
      vertex 32.96 31.3 212
      vertex 32.9737 31.3 212.209
    endloop
  endfacet
  facet normal 0 -1 0
    outer loop
      vertex 15.0263 31.3 211.791
      vertex 32.96 31.3 212
      vertex 15.04 31.3 212
    endloop
  endfacet
  facet normal 0 -1 0
    outer loop
      vertex 15.0263 31.3 211.791
      vertex 32.9737 31.3 211.791
      vertex 32.96 31.3 212
    endloop
  endfacet
  facet normal 0 -1 0
    outer loop
      vertex 14.9855 31.3 211.586
      vertex 32.9737 31.3 211.791
      vertex 15.0263 31.3 211.791
    endloop
  endfacet
  facet normal 0 -1 0
    outer loop
      vertex 14.9855 31.3 211.586
      vertex 33.0145 31.3 211.586
      vertex 32.9737 31.3 211.791
    endloop
  endfacet
  facet normal 0 -1 0
    outer loop
      vertex 14.9182 31.3 211.388
      vertex 33.0145 31.3 211.586
      vertex 14.9855 31.3 211.586
    endloop
  endfacet
  facet normal 0 -1 0
    outer loop
      vertex 14.9182 31.3 211.388
      vertex 33.0818 31.3 211.388
      vertex 33.0145 31.3 211.586
    endloop
  endfacet
  facet normal 0 -1 0
    outer loop
      vertex 14.8256 31.3 211.2
      vertex 33.0818 31.3 211.388
      vertex 14.9182 31.3 211.388
    endloop
  endfacet
  facet normal 0 -1 0
    outer loop
      vertex 14.8256 31.3 211.2
      vertex 33.1744 31.3 211.2
      vertex 33.0818 31.3 211.388
    endloop
  endfacet
  facet normal 0 -1 0
    outer loop
      vertex 14.7094 31.3 211.026
      vertex 33.1744 31.3 211.2
      vertex 14.8256 31.3 211.2
    endloop
  endfacet
  facet normal 0 -1 0
    outer loop
      vertex 14.7094 31.3 211.026
      vertex 33.2906 31.3 211.026
      vertex 33.1744 31.3 211.2
    endloop
  endfacet
  facet normal 0 -1 0
    outer loop
      vertex 14.5714 31.3 210.869
      vertex 33.2906 31.3 211.026
      vertex 14.7094 31.3 211.026
    endloop
  endfacet
  facet normal 0 -1 0
    outer loop
      vertex 14.5714 31.3 210.869
      vertex 33.4286 31.3 210.869
      vertex 33.2906 31.3 211.026
    endloop
  endfacet
  facet normal 0 -1 0
    outer loop
      vertex 14.414 31.3 210.731
      vertex 33.4286 31.3 210.869
      vertex 14.5714 31.3 210.869
    endloop
  endfacet
  facet normal 0 -1 0
    outer loop
      vertex 14.414 31.3 210.731
      vertex 33.586 31.3 210.731
      vertex 33.4286 31.3 210.869
    endloop
  endfacet
  facet normal 0 -1 0
    outer loop
      vertex 14.24 31.3 210.614
      vertex 33.586 31.3 210.731
      vertex 14.414 31.3 210.731
    endloop
  endfacet
  facet normal 0 -1 0
    outer loop
      vertex 14.24 31.3 210.614
      vertex 33.76 31.3 210.614
      vertex 33.586 31.3 210.731
    endloop
  endfacet
  facet normal 0 -1 0
    outer loop
      vertex 14.0523 31.3 210.522
      vertex 33.76 31.3 210.614
      vertex 14.24 31.3 210.614
    endloop
  endfacet
  facet normal 0 -1 0
    outer loop
      vertex 14.0523 31.3 210.522
      vertex 33.9477 31.3 210.522
      vertex 33.76 31.3 210.614
    endloop
  endfacet
  facet normal 0 -1 0
    outer loop
      vertex 13.8541 31.3 210.455
      vertex 33.9477 31.3 210.522
      vertex 14.0523 31.3 210.522
    endloop
  endfacet
  facet normal 0 -1 0
    outer loop
      vertex 13.8541 31.3 210.455
      vertex 34.1459 31.3 210.455
      vertex 33.9477 31.3 210.522
    endloop
  endfacet
  facet normal 0 -1 0
    outer loop
      vertex 13.6488 31.3 210.414
      vertex 34.1459 31.3 210.455
      vertex 13.8541 31.3 210.455
    endloop
  endfacet
  facet normal 0 -1 0
    outer loop
      vertex 13.6488 31.3 210.414
      vertex 34.3512 31.3 210.414
      vertex 34.1459 31.3 210.455
    endloop
  endfacet
  facet normal 0 -1 0
    outer loop
      vertex 13.44 31.3 99.6
      vertex 13.6488 31.3 210.414
      vertex 13.44 31.3 210.4
    endloop
  endfacet
  facet normal 0 -1 0
    outer loop
      vertex 13.6488 31.3 99.5863
      vertex 13.6488 31.3 210.414
      vertex 13.44 31.3 99.6
    endloop
  endfacet
  facet normal 0 -1 0
    outer loop
      vertex 13.6488 31.3 213.586
      vertex 2.4 31.3 294.6
      vertex 13.44 31.3 213.6
    endloop
  endfacet
  facet normal 0 -1 0
    outer loop
      vertex 2.4 31.3 294.6
      vertex 13.2312 31.3 213.586
      vertex 13.44 31.3 213.6
    endloop
  endfacet
  facet normal 0 -1 0
    outer loop
      vertex 2.4 31.3 294.6
      vertex 13.0259 31.3 213.545
      vertex 13.2312 31.3 213.586
    endloop
  endfacet
  facet normal 0 -1 0
    outer loop
      vertex 2.4 31.3 294.6
      vertex 12.8277 31.3 213.478
      vertex 13.0259 31.3 213.545
    endloop
  endfacet
  facet normal 0 -1 0
    outer loop
      vertex 2.4 31.3 294.6
      vertex 12.64 31.3 213.386
      vertex 12.8277 31.3 213.478
    endloop
  endfacet
  facet normal 0 -1 0
    outer loop
      vertex 2.4 31.3 294.6
      vertex 12.466 31.3 213.269
      vertex 12.64 31.3 213.386
    endloop
  endfacet
  facet normal 0 -1 0
    outer loop
      vertex 2.4 31.3 294.6
      vertex 12.3086 31.3 213.131
      vertex 12.466 31.3 213.269
    endloop
  endfacet
  facet normal 0 -1 0
    outer loop
      vertex 2.4 31.3 294.6
      vertex 12.1706 31.3 212.974
      vertex 12.3086 31.3 213.131
    endloop
  endfacet
  facet normal 0 -1 0
    outer loop
      vertex 2.4 31.3 294.6
      vertex 12.0544 31.3 212.8
      vertex 12.1706 31.3 212.974
    endloop
  endfacet
  facet normal 0 -1 0
    outer loop
      vertex 2.4 31.3 294.6
      vertex 11.9618 31.3 212.612
      vertex 12.0544 31.3 212.8
    endloop
  endfacet
  facet normal 0 -1 0
    outer loop
      vertex 2.4 31.3 294.6
      vertex 11.8945 31.3 212.414
      vertex 11.9618 31.3 212.612
    endloop
  endfacet
  facet normal 0 -1 0
    outer loop
      vertex 2.4 31.3 294.6
      vertex 11.8537 31.3 212.209
      vertex 11.8945 31.3 212.414
    endloop
  endfacet
  facet normal 0 -1 0
    outer loop
      vertex 2.4 31.3 294.6
      vertex 11.84 31.3 212
      vertex 11.8537 31.3 212.209
    endloop
  endfacet
  facet normal 0 -1 0
    outer loop
      vertex 2.4 31.3 294.6
      vertex 11.8537 31.3 211.791
      vertex 11.84 31.3 212
    endloop
  endfacet
  facet normal 0 -1 0
    outer loop
      vertex 13.6488 31.3 210.414
      vertex 13.6488 31.3 99.5863
      vertex 34.3512 31.3 210.414
    endloop
  endfacet
  facet normal 0 -1 0
    outer loop
      vertex 13.2312 31.3 210.414
      vertex 13.44 31.3 99.6
      vertex 13.44 31.3 210.4
    endloop
  endfacet
  facet normal 0 -1 0
    outer loop
      vertex 13.2312 31.3 99.5863
      vertex 13.2312 31.3 210.414
      vertex 13.0259 31.3 210.455
    endloop
  endfacet
  facet normal 0 -1 0
    outer loop
      vertex 13.0259 31.3 99.5455
      vertex 13.0259 31.3 210.455
      vertex 12.8277 31.3 210.522
    endloop
  endfacet
  facet normal 0 -1 0
    outer loop
      vertex 12.8277 31.3 99.4782
      vertex 12.8277 31.3 210.522
      vertex 12.64 31.3 210.614
    endloop
  endfacet
  facet normal 0 -1 0
    outer loop
      vertex 12.64 31.3 99.3856
      vertex 12.64 31.3 210.614
      vertex 12.466 31.3 210.731
    endloop
  endfacet
  facet normal 0 -1 0
    outer loop
      vertex 12.466 31.3 99.2694
      vertex 12.466 31.3 210.731
      vertex 12.3086 31.3 210.869
    endloop
  endfacet
  facet normal 0 -1 0
    outer loop
      vertex 12.3086 31.3 99.1314
      vertex 12.3086 31.3 210.869
      vertex 12.1706 31.3 211.026
    endloop
  endfacet
  facet normal 0 -1 0
    outer loop
      vertex 12.1706 31.3 98.974
      vertex 12.1706 31.3 211.026
      vertex 12.0544 31.3 211.2
    endloop
  endfacet
  facet normal 0 -1 0
    outer loop
      vertex 12.0544 31.3 98.8
      vertex 12.0544 31.3 211.2
      vertex 11.9618 31.3 211.388
    endloop
  endfacet
  facet normal 0 -1 0
    outer loop
      vertex 11.9618 31.3 98.6123
      vertex 11.9618 31.3 211.388
      vertex 11.8945 31.3 211.586
    endloop
  endfacet
  facet normal 0 -1 0
    outer loop
      vertex 11.8945 31.3 98.4141
      vertex 11.8945 31.3 211.586
      vertex 11.8537 31.3 211.791
    endloop
  endfacet
  facet normal 0 -1 0
    outer loop
      vertex 11.8537 31.3 98.2088
      vertex 11.8537 31.3 211.791
      vertex 2.4 31.3 294.6
    endloop
  endfacet
  facet normal 0 -1 0
    outer loop
      vertex 13.2312 31.3 210.414
      vertex 13.2312 31.3 99.5863
      vertex 13.44 31.3 99.6
    endloop
  endfacet
  facet normal 0 -1 0
    outer loop
      vertex 13.0259 31.3 210.455
      vertex 13.0259 31.3 99.5455
      vertex 13.2312 31.3 99.5863
    endloop
  endfacet
  facet normal 0 -1 0
    outer loop
      vertex 12.8277 31.3 210.522
      vertex 12.8277 31.3 99.4782
      vertex 13.0259 31.3 99.5455
    endloop
  endfacet
  facet normal 0 -1 0
    outer loop
      vertex 12.64 31.3 210.614
      vertex 12.64 31.3 99.3856
      vertex 12.8277 31.3 99.4782
    endloop
  endfacet
  facet normal 0 -1 0
    outer loop
      vertex 12.466 31.3 210.731
      vertex 12.466 31.3 99.2694
      vertex 12.64 31.3 99.3856
    endloop
  endfacet
  facet normal 0 -1 0
    outer loop
      vertex 12.3086 31.3 210.869
      vertex 12.3086 31.3 99.1314
      vertex 12.466 31.3 99.2694
    endloop
  endfacet
  facet normal 0 -1 0
    outer loop
      vertex 12.1706 31.3 211.026
      vertex 12.1706 31.3 98.974
      vertex 12.3086 31.3 99.1314
    endloop
  endfacet
  facet normal 0 -1 0
    outer loop
      vertex 12.0544 31.3 211.2
      vertex 12.0544 31.3 98.8
      vertex 12.1706 31.3 98.974
    endloop
  endfacet
  facet normal 0 -1 0
    outer loop
      vertex 11.9618 31.3 211.388
      vertex 11.9618 31.3 98.6123
      vertex 12.0544 31.3 98.8
    endloop
  endfacet
  facet normal 0 -1 0
    outer loop
      vertex 11.8945 31.3 211.586
      vertex 11.8945 31.3 98.4141
      vertex 11.9618 31.3 98.6123
    endloop
  endfacet
  facet normal 0 -1 0
    outer loop
      vertex 11.8537 31.3 211.791
      vertex 11.8537 31.3 98.2088
      vertex 11.8945 31.3 98.4141
    endloop
  endfacet
  facet normal 0 -1 0
    outer loop
      vertex 2.4 31.3 294.6
      vertex 11.84 31.3 98
      vertex 11.8537 31.3 98.2088
    endloop
  endfacet
  facet normal 0 -1 0
    outer loop
      vertex 24.4568 31.3 19.4701
      vertex 34.3512 31.3 96.4137
      vertex 24 31.3 19.5
    endloop
  endfacet
  facet normal 0 -1 0
    outer loop
      vertex 23.0941 31.3 19.3807
      vertex 13.44 31.3 96.4
      vertex 13.2312 31.3 96.4137
    endloop
  endfacet
  facet normal 0 -1 0
    outer loop
      vertex 22.6606 31.3 19.2336
      vertex 13.2312 31.3 96.4137
      vertex 13.0259 31.3 96.4545
    endloop
  endfacet
  facet normal 0 -1 0
    outer loop
      vertex 22.25 31.3 19.0311
      vertex 13.0259 31.3 96.4545
      vertex 12.8277 31.3 96.5218
    endloop
  endfacet
  facet normal 0 -1 0
    outer loop
      vertex 2.4 31.3 12.4
      vertex 12.8277 31.3 96.5218
      vertex 12.64 31.3 96.6144
    endloop
  endfacet
  facet normal 0 -1 0
    outer loop
      vertex 2.4 31.3 12.4
      vertex 12.64 31.3 96.6144
      vertex 12.466 31.3 96.7306
    endloop
  endfacet
  facet normal 0 -1 0
    outer loop
      vertex 2.4 31.3 12.4
      vertex 12.466 31.3 96.7306
      vertex 12.3086 31.3 96.8686
    endloop
  endfacet
  facet normal 0 -1 0
    outer loop
      vertex 2.4 31.3 12.4
      vertex 12.3086 31.3 96.8686
      vertex 12.1706 31.3 97.026
    endloop
  endfacet
  facet normal 0 -1 0
    outer loop
      vertex 2.4 31.3 12.4
      vertex 12.1706 31.3 97.026
      vertex 12.0544 31.3 97.2
    endloop
  endfacet
  facet normal 0 -1 0
    outer loop
      vertex 2.4 31.3 12.4
      vertex 12.0544 31.3 97.2
      vertex 11.9618 31.3 97.3877
    endloop
  endfacet
  facet normal 0 -1 0
    outer loop
      vertex 2.4 31.3 12.4
      vertex 11.9618 31.3 97.3877
      vertex 11.8945 31.3 97.5859
    endloop
  endfacet
  facet normal 0 -1 0
    outer loop
      vertex 2.4 31.3 12.4
      vertex 11.8945 31.3 97.5859
      vertex 11.8537 31.3 97.7912
    endloop
  endfacet
  facet normal 0 -1 0
    outer loop
      vertex 13.6488 31.3 96.4137
      vertex 23.5432 31.3 19.4701
      vertex 24 31.3 19.5
    endloop
  endfacet
  facet normal 0 -1 0
    outer loop
      vertex 13.44 31.3 96.4
      vertex 23.0941 31.3 19.3807
      vertex 23.5432 31.3 19.4701
    endloop
  endfacet
  facet normal 0 -1 0
    outer loop
      vertex 13.2312 31.3 96.4137
      vertex 22.6606 31.3 19.2336
      vertex 23.0941 31.3 19.3807
    endloop
  endfacet
  facet normal 0 -1 0
    outer loop
      vertex 13.0259 31.3 96.4545
      vertex 22.25 31.3 19.0311
      vertex 22.6606 31.3 19.2336
    endloop
  endfacet
  facet normal 0 -1 -0
    outer loop
      vertex 12.8277 31.3 96.5218
      vertex 2.4 31.3 12.4
      vertex 22.25 31.3 19.0311
    endloop
  endfacet
  facet normal 0 -1 0
    outer loop
      vertex 22.25 31.3 19.0311
      vertex 2.4 31.3 12.4
      vertex 21.8693 31.3 18.7767
    endloop
  endfacet
  facet normal 0 -1 0
    outer loop
      vertex 21.8693 31.3 18.7767
      vertex 2.4 31.3 12.4
      vertex 21.5251 31.3 18.4749
    endloop
  endfacet
  facet normal 0 -1 0
    outer loop
      vertex 21.5251 31.3 18.4749
      vertex 2.4 31.3 12.4
      vertex 21.2233 31.3 18.1307
    endloop
  endfacet
  facet normal 0 -1 0
    outer loop
      vertex 21.2233 31.3 18.1307
      vertex 2.4 31.3 12.4
      vertex 20.9689 31.3 17.75
    endloop
  endfacet
  facet normal 0 -1 0
    outer loop
      vertex 20.9689 31.3 17.75
      vertex 2.4 31.3 12.4
      vertex 20.7664 31.3 17.3394
    endloop
  endfacet
  facet normal 0 -1 0
    outer loop
      vertex 20.7664 31.3 17.3394
      vertex 2.4 31.3 12.4
      vertex 20.6193 31.3 16.9059
    endloop
  endfacet
  facet normal 0 -1 0
    outer loop
      vertex 20.6193 31.3 16.9059
      vertex 2.4 31.3 12.4
      vertex 20.5299 31.3 16.4568
    endloop
  endfacet
  facet normal 0 -1 0
    outer loop
      vertex 20.5299 31.3 16.4568
      vertex 2.4 31.3 12.4
      vertex 20.5 31.3 16
    endloop
  endfacet
  facet normal 0 -1 -0
    outer loop
      vertex 23.5432 31.3 12.5299
      vertex 2.4 31.3 12.4
      vertex 24 31.3 12.5
    endloop
  endfacet
  facet normal 0 -1 -0
    outer loop
      vertex 23.0941 31.3 12.6193
      vertex 2.4 31.3 12.4
      vertex 23.5432 31.3 12.5299
    endloop
  endfacet
  facet normal 0 -1 -0
    outer loop
      vertex 22.6606 31.3 12.7664
      vertex 2.4 31.3 12.4
      vertex 23.0941 31.3 12.6193
    endloop
  endfacet
  facet normal 0 -1 -0
    outer loop
      vertex 22.25 31.3 12.9689
      vertex 2.4 31.3 12.4
      vertex 22.6606 31.3 12.7664
    endloop
  endfacet
  facet normal 0 -1 -0
    outer loop
      vertex 21.8693 31.3 13.2233
      vertex 2.4 31.3 12.4
      vertex 22.25 31.3 12.9689
    endloop
  endfacet
  facet normal 0 -1 -0
    outer loop
      vertex 21.5251 31.3 13.5251
      vertex 2.4 31.3 12.4
      vertex 21.8693 31.3 13.2233
    endloop
  endfacet
  facet normal 0 -1 -0
    outer loop
      vertex 21.2233 31.3 13.8693
      vertex 2.4 31.3 12.4
      vertex 21.5251 31.3 13.5251
    endloop
  endfacet
  facet normal 0 -1 -0
    outer loop
      vertex 20.9689 31.3 14.25
      vertex 2.4 31.3 12.4
      vertex 21.2233 31.3 13.8693
    endloop
  endfacet
  facet normal 0 -1 -0
    outer loop
      vertex 20.7664 31.3 14.6606
      vertex 2.4 31.3 12.4
      vertex 20.9689 31.3 14.25
    endloop
  endfacet
  facet normal 0 -1 -0
    outer loop
      vertex 20.6193 31.3 15.0941
      vertex 2.4 31.3 12.4
      vertex 20.7664 31.3 14.6606
    endloop
  endfacet
  facet normal 0 -1 -0
    outer loop
      vertex 20.5299 31.3 15.5432
      vertex 2.4 31.3 12.4
      vertex 20.6193 31.3 15.0941
    endloop
  endfacet
  facet normal 0 -1 -0
    outer loop
      vertex 20.5 31.3 16
      vertex 2.4 31.3 12.4
      vertex 20.5299 31.3 15.5432
    endloop
  endfacet
  facet normal 0 -1 -0
    outer loop
      vertex 11.84 31.3 98
      vertex 2.4 31.3 12.4
      vertex 11.8537 31.3 97.7912
    endloop
  endfacet
  facet normal 0 -1 0
    outer loop
      vertex 2.4 31.3 12.4
      vertex 11.84 31.3 98
      vertex 2.4 31.3 294.6
    endloop
  endfacet
  facet normal 0 -1 0
    outer loop
      vertex 13.8541 31.3 213.545
      vertex 2.4 31.3 294.6
      vertex 13.6488 31.3 213.586
    endloop
  endfacet
  facet normal 0 -1 0
    outer loop
      vertex 34.7688 31.3 213.586
      vertex 45.6 31.3 294.6
      vertex 34.56 31.3 213.6
    endloop
  endfacet
  facet normal 0 -1 0
    outer loop
      vertex 34.9741 31.3 213.545
      vertex 45.6 31.3 294.6
      vertex 34.7688 31.3 213.586
    endloop
  endfacet
  facet normal 0 -1 0
    outer loop
      vertex 35.1723 31.3 213.478
      vertex 45.6 31.3 294.6
      vertex 34.9741 31.3 213.545
    endloop
  endfacet
  facet normal 0 -1 0
    outer loop
      vertex 35.36 31.3 213.386
      vertex 45.6 31.3 294.6
      vertex 35.1723 31.3 213.478
    endloop
  endfacet
  facet normal 0 -1 0
    outer loop
      vertex 35.534 31.3 213.269
      vertex 45.6 31.3 294.6
      vertex 35.36 31.3 213.386
    endloop
  endfacet
  facet normal 0 -1 0
    outer loop
      vertex 35.6914 31.3 213.131
      vertex 45.6 31.3 294.6
      vertex 35.534 31.3 213.269
    endloop
  endfacet
  facet normal 0 -1 0
    outer loop
      vertex 35.8294 31.3 212.974
      vertex 45.6 31.3 294.6
      vertex 35.6914 31.3 213.131
    endloop
  endfacet
  facet normal 0 -1 0
    outer loop
      vertex 35.9456 31.3 212.8
      vertex 45.6 31.3 294.6
      vertex 35.8294 31.3 212.974
    endloop
  endfacet
  facet normal 0 -1 0
    outer loop
      vertex 36.0382 31.3 212.612
      vertex 45.6 31.3 294.6
      vertex 35.9456 31.3 212.8
    endloop
  endfacet
  facet normal 0 -1 0
    outer loop
      vertex 36.1055 31.3 212.414
      vertex 45.6 31.3 294.6
      vertex 36.0382 31.3 212.612
    endloop
  endfacet
  facet normal 0 -1 0
    outer loop
      vertex 36.1463 31.3 212.209
      vertex 45.6 31.3 294.6
      vertex 36.1055 31.3 212.414
    endloop
  endfacet
  facet normal 0 -1 0
    outer loop
      vertex 36.16 31.3 212
      vertex 45.6 31.3 294.6
      vertex 36.1463 31.3 212.209
    endloop
  endfacet
  facet normal 0 -1 0
    outer loop
      vertex 36.1463 31.3 211.791
      vertex 45.6 31.3 294.6
      vertex 36.16 31.3 212
    endloop
  endfacet
  facet normal 0 -1 0
    outer loop
      vertex 34.3512 31.3 210.414
      vertex 34.56 31.3 99.6
      vertex 34.56 31.3 210.4
    endloop
  endfacet
  facet normal 0 -1 0
    outer loop
      vertex 34.56 31.3 210.4
      vertex 34.56 31.3 99.6
      vertex 34.7688 31.3 210.414
    endloop
  endfacet
  facet normal 0 -1 0
    outer loop
      vertex 34.7688 31.3 99.5863
      vertex 34.7688 31.3 210.414
      vertex 34.56 31.3 99.6
    endloop
  endfacet
  facet normal 0 -1 0
    outer loop
      vertex 34.7688 31.3 210.414
      vertex 34.7688 31.3 99.5863
      vertex 34.9741 31.3 210.455
    endloop
  endfacet
  facet normal 0 -1 0
    outer loop
      vertex 34.9741 31.3 99.5455
      vertex 34.9741 31.3 210.455
      vertex 34.7688 31.3 99.5863
    endloop
  endfacet
  facet normal 0 -1 0
    outer loop
      vertex 34.9741 31.3 210.455
      vertex 34.9741 31.3 99.5455
      vertex 35.1723 31.3 210.522
    endloop
  endfacet
  facet normal 0 -1 0
    outer loop
      vertex 35.1723 31.3 99.4782
      vertex 35.1723 31.3 210.522
      vertex 34.9741 31.3 99.5455
    endloop
  endfacet
  facet normal 0 -1 0
    outer loop
      vertex 35.1723 31.3 210.522
      vertex 35.1723 31.3 99.4782
      vertex 35.36 31.3 210.614
    endloop
  endfacet
  facet normal 0 -1 0
    outer loop
      vertex 35.36 31.3 99.3856
      vertex 35.36 31.3 210.614
      vertex 35.1723 31.3 99.4782
    endloop
  endfacet
  facet normal 0 -1 0
    outer loop
      vertex 35.36 31.3 210.614
      vertex 35.36 31.3 99.3856
      vertex 35.534 31.3 210.731
    endloop
  endfacet
  facet normal 0 -1 0
    outer loop
      vertex 35.534 31.3 99.2694
      vertex 35.534 31.3 210.731
      vertex 35.36 31.3 99.3856
    endloop
  endfacet
  facet normal 0 -1 0
    outer loop
      vertex 35.534 31.3 210.731
      vertex 35.534 31.3 99.2694
      vertex 35.6914 31.3 210.869
    endloop
  endfacet
  facet normal 0 -1 0
    outer loop
      vertex 35.6914 31.3 99.1314
      vertex 35.6914 31.3 210.869
      vertex 35.534 31.3 99.2694
    endloop
  endfacet
  facet normal 0 -1 0
    outer loop
      vertex 35.6914 31.3 210.869
      vertex 35.6914 31.3 99.1314
      vertex 35.8294 31.3 211.026
    endloop
  endfacet
  facet normal 0 -1 0
    outer loop
      vertex 35.8294 31.3 98.974
      vertex 35.8294 31.3 211.026
      vertex 35.6914 31.3 99.1314
    endloop
  endfacet
  facet normal 0 -1 0
    outer loop
      vertex 35.8294 31.3 211.026
      vertex 35.8294 31.3 98.974
      vertex 35.9456 31.3 211.2
    endloop
  endfacet
  facet normal 0 -1 0
    outer loop
      vertex 35.9456 31.3 98.8
      vertex 35.9456 31.3 211.2
      vertex 35.8294 31.3 98.974
    endloop
  endfacet
  facet normal 0 -1 0
    outer loop
      vertex 35.9456 31.3 211.2
      vertex 35.9456 31.3 98.8
      vertex 36.0382 31.3 211.388
    endloop
  endfacet
  facet normal 0 -1 0
    outer loop
      vertex 36.0382 31.3 98.6123
      vertex 36.0382 31.3 211.388
      vertex 35.9456 31.3 98.8
    endloop
  endfacet
  facet normal 0 -1 0
    outer loop
      vertex 36.0382 31.3 211.388
      vertex 36.0382 31.3 98.6123
      vertex 36.1055 31.3 211.586
    endloop
  endfacet
  facet normal 0 -1 0
    outer loop
      vertex 36.1055 31.3 98.4141
      vertex 36.1055 31.3 211.586
      vertex 36.0382 31.3 98.6123
    endloop
  endfacet
  facet normal 0 -1 0
    outer loop
      vertex 36.1055 31.3 211.586
      vertex 36.1055 31.3 98.4141
      vertex 36.1463 31.3 211.791
    endloop
  endfacet
  facet normal 0 -1 0
    outer loop
      vertex 36.1463 31.3 98.2088
      vertex 36.1463 31.3 211.791
      vertex 36.1055 31.3 98.4141
    endloop
  endfacet
  facet normal 0 -1 0
    outer loop
      vertex 36.1463 31.3 211.791
      vertex 36.1463 31.3 98.2088
      vertex 45.6 31.3 294.6
    endloop
  endfacet
  facet normal 0 -1 0
    outer loop
      vertex 36.16 31.3 98
      vertex 45.6 31.3 294.6
      vertex 36.1463 31.3 98.2088
    endloop
  endfacet
  facet normal 0 -1 -0
    outer loop
      vertex 34.3512 31.3 96.4137
      vertex 24.4568 31.3 19.4701
      vertex 34.56 31.3 96.4
    endloop
  endfacet
  facet normal 0 -1 0
    outer loop
      vertex 24.9059 31.3 19.3807
      vertex 34.56 31.3 96.4
      vertex 24.4568 31.3 19.4701
    endloop
  endfacet
  facet normal 0 -1 -0
    outer loop
      vertex 34.56 31.3 96.4
      vertex 24.9059 31.3 19.3807
      vertex 34.7688 31.3 96.4137
    endloop
  endfacet
  facet normal 0 -1 0
    outer loop
      vertex 25.3394 31.3 19.2336
      vertex 34.7688 31.3 96.4137
      vertex 24.9059 31.3 19.3807
    endloop
  endfacet
  facet normal 0 -1 -0
    outer loop
      vertex 34.7688 31.3 96.4137
      vertex 25.3394 31.3 19.2336
      vertex 34.9741 31.3 96.4545
    endloop
  endfacet
  facet normal 0 -1 0
    outer loop
      vertex 25.75 31.3 19.0311
      vertex 34.9741 31.3 96.4545
      vertex 25.3394 31.3 19.2336
    endloop
  endfacet
  facet normal 0 -1 -0
    outer loop
      vertex 34.9741 31.3 96.4545
      vertex 25.75 31.3 19.0311
      vertex 35.1723 31.3 96.5218
    endloop
  endfacet
  facet normal 0 -1 0
    outer loop
      vertex 45.6 31.3 12.4
      vertex 35.1723 31.3 96.5218
      vertex 25.75 31.3 19.0311
    endloop
  endfacet
  facet normal 0 -1 0
    outer loop
      vertex 35.1723 31.3 96.5218
      vertex 45.6 31.3 12.4
      vertex 35.36 31.3 96.6144
    endloop
  endfacet
  facet normal 0 -1 0
    outer loop
      vertex 35.36 31.3 96.6144
      vertex 45.6 31.3 12.4
      vertex 35.534 31.3 96.7306
    endloop
  endfacet
  facet normal 0 -1 0
    outer loop
      vertex 35.534 31.3 96.7306
      vertex 45.6 31.3 12.4
      vertex 35.6914 31.3 96.8686
    endloop
  endfacet
  facet normal 0 -1 0
    outer loop
      vertex 35.6914 31.3 96.8686
      vertex 45.6 31.3 12.4
      vertex 35.8294 31.3 97.026
    endloop
  endfacet
  facet normal 0 -1 0
    outer loop
      vertex 35.8294 31.3 97.026
      vertex 45.6 31.3 12.4
      vertex 35.9456 31.3 97.2
    endloop
  endfacet
  facet normal 0 -1 0
    outer loop
      vertex 35.9456 31.3 97.2
      vertex 45.6 31.3 12.4
      vertex 36.0382 31.3 97.3877
    endloop
  endfacet
  facet normal 0 -1 0
    outer loop
      vertex 36.0382 31.3 97.3877
      vertex 45.6 31.3 12.4
      vertex 36.1055 31.3 97.5859
    endloop
  endfacet
  facet normal 0 -1 0
    outer loop
      vertex 45.6 31.3 12.4
      vertex 25.75 31.3 19.0311
      vertex 26.1307 31.3 18.7767
    endloop
  endfacet
  facet normal 0 -1 0
    outer loop
      vertex 45.6 31.3 12.4
      vertex 26.1307 31.3 18.7767
      vertex 26.4749 31.3 18.4749
    endloop
  endfacet
  facet normal 0 -1 0
    outer loop
      vertex 45.6 31.3 12.4
      vertex 26.4749 31.3 18.4749
      vertex 26.7767 31.3 18.1307
    endloop
  endfacet
  facet normal 0 -1 0
    outer loop
      vertex 45.6 31.3 12.4
      vertex 26.7767 31.3 18.1307
      vertex 27.0311 31.3 17.75
    endloop
  endfacet
  facet normal 0 -1 0
    outer loop
      vertex 45.6 31.3 12.4
      vertex 27.0311 31.3 17.75
      vertex 27.2336 31.3 17.3394
    endloop
  endfacet
  facet normal 0 -1 0
    outer loop
      vertex 45.6 31.3 12.4
      vertex 27.2336 31.3 17.3394
      vertex 27.3807 31.3 16.9059
    endloop
  endfacet
  facet normal 0 -1 0
    outer loop
      vertex 45.6 31.3 12.4
      vertex 27.3807 31.3 16.9059
      vertex 27.4701 31.3 16.4568
    endloop
  endfacet
  facet normal 0 -1 0
    outer loop
      vertex 45.6 31.3 12.4
      vertex 27.4701 31.3 16.4568
      vertex 27.5 31.3 16
    endloop
  endfacet
  facet normal 0 -1 0
    outer loop
      vertex 45.6 31.3 12.4
      vertex 27.5 31.3 16
      vertex 27.4701 31.3 15.5432
    endloop
  endfacet
  facet normal 0 -1 0
    outer loop
      vertex 36.16 31.3 98
      vertex 45.6 31.3 12.4
      vertex 45.6 31.3 294.6
    endloop
  endfacet
  facet normal 0 -1 0
    outer loop
      vertex 36.1463 31.3 97.7912
      vertex 45.6 31.3 12.4
      vertex 36.16 31.3 98
    endloop
  endfacet
  facet normal 0 -1 0
    outer loop
      vertex 36.1055 31.3 97.5859
      vertex 45.6 31.3 12.4
      vertex 36.1463 31.3 97.7912
    endloop
  endfacet
  facet normal 0 -1 0
    outer loop
      vertex 27.3807 31.3 15.0941
      vertex 45.6 31.3 12.4
      vertex 27.4701 31.3 15.5432
    endloop
  endfacet
  facet normal 0 -1 0
    outer loop
      vertex 27.2336 31.3 14.6606
      vertex 45.6 31.3 12.4
      vertex 27.3807 31.3 15.0941
    endloop
  endfacet
  facet normal 0 -1 0
    outer loop
      vertex 27.0311 31.3 14.25
      vertex 45.6 31.3 12.4
      vertex 27.2336 31.3 14.6606
    endloop
  endfacet
  facet normal 0 -1 0
    outer loop
      vertex 26.7767 31.3 13.8693
      vertex 45.6 31.3 12.4
      vertex 27.0311 31.3 14.25
    endloop
  endfacet
  facet normal 0 -1 0
    outer loop
      vertex 26.4749 31.3 13.5251
      vertex 45.6 31.3 12.4
      vertex 26.7767 31.3 13.8693
    endloop
  endfacet
  facet normal 0 -1 0
    outer loop
      vertex 26.1307 31.3 13.2233
      vertex 45.6 31.3 12.4
      vertex 26.4749 31.3 13.5251
    endloop
  endfacet
  facet normal 0 -1 0
    outer loop
      vertex 25.75 31.3 12.9689
      vertex 45.6 31.3 12.4
      vertex 26.1307 31.3 13.2233
    endloop
  endfacet
  facet normal 0 -1 0
    outer loop
      vertex 25.3394 31.3 12.7664
      vertex 45.6 31.3 12.4
      vertex 25.75 31.3 12.9689
    endloop
  endfacet
  facet normal 0 -1 0
    outer loop
      vertex 24.9059 31.3 12.6193
      vertex 45.6 31.3 12.4
      vertex 25.3394 31.3 12.7664
    endloop
  endfacet
  facet normal 0 -1 0
    outer loop
      vertex 24.4568 31.3 12.5299
      vertex 45.6 31.3 12.4
      vertex 24.9059 31.3 12.6193
    endloop
  endfacet
  facet normal 0 -1 0
    outer loop
      vertex 24 31.3 12.5
      vertex 45.6 31.3 12.4
      vertex 24.4568 31.3 12.5299
    endloop
  endfacet
  facet normal 0 -1 0
    outer loop
      vertex 45.6 31.3 12.4
      vertex 24 31.3 12.5
      vertex 2.4 31.3 12.4
    endloop
  endfacet
  facet normal 0 1 0
    outer loop
      vertex 45.6 7.2 294.6
      vertex 45.25 7.2 220
      vertex 2.4 7.2 294.6
    endloop
  endfacet
  facet normal 0 1 0
    outer loop
      vertex 45.6 7.2 294.6
      vertex 45.25 7.2 90
      vertex 45.25 7.2 220
    endloop
  endfacet
  facet normal 0 1 0
    outer loop
      vertex 45.25 7.2 90
      vertex 43.6 7.2 13.49
      vertex 2.75 7.2 90
    endloop
  endfacet
  facet normal 0 1 -0
    outer loop
      vertex 45.6 7.2 12.4
      vertex 45.25 7.2 90
      vertex 45.6 7.2 294.6
    endloop
  endfacet
  facet normal 0 1 0
    outer loop
      vertex 45.6 7.2 12.4
      vertex 43.6 7.2 13.49
      vertex 45.25 7.2 90
    endloop
  endfacet
  facet normal 0 1 0
    outer loop
      vertex 43.6 7.2 13.49
      vertex 45.6 7.2 12.4
      vertex 43.6 7.2 12.4
    endloop
  endfacet
  facet normal 0 1 -0
    outer loop
      vertex 2.75 7.2 220
      vertex 2.4 7.2 294.6
      vertex 45.25 7.2 220
    endloop
  endfacet
  facet normal 0 1 -0
    outer loop
      vertex 2.75 7.2 90
      vertex 2.4 7.2 294.6
      vertex 2.75 7.2 220
    endloop
  endfacet
  facet normal 0 1 -0
    outer loop
      vertex 4.4 7.2 13.49
      vertex 2.75 7.2 90
      vertex 43.6 7.2 13.49
    endloop
  endfacet
  facet normal 0 1 0
    outer loop
      vertex 2.4 7.2 12.4
      vertex 4.4 7.2 13.49
      vertex 4.4 7.2 12.4
    endloop
  endfacet
  facet normal 0 1 0
    outer loop
      vertex 2.75 7.2 90
      vertex 2.4 7.2 12.4
      vertex 2.4 7.2 294.6
    endloop
  endfacet
  facet normal 0 1 0
    outer loop
      vertex 4.4 7.2 13.49
      vertex 2.4 7.2 12.4
      vertex 2.75 7.2 90
    endloop
  endfacet
  facet normal -1 0 0
    outer loop
      vertex 45.25 1.2 90
      vertex 45.25 7.2 220
      vertex 45.25 7.2 90
    endloop
  endfacet
  facet normal -1 -0 0
    outer loop
      vertex 45.25 7.2 220
      vertex 45.25 1.2 90
      vertex 45.25 1.2 220
    endloop
  endfacet
  facet normal 0 0 -1
    outer loop
      vertex 2.75 1.2 220
      vertex 45.25 7.2 220
      vertex 45.25 1.2 220
    endloop
  endfacet
  facet normal -0 0 -1
    outer loop
      vertex 45.25 7.2 220
      vertex 2.75 1.2 220
      vertex 2.75 7.2 220
    endloop
  endfacet
  facet normal -0 0 1
    outer loop
      vertex 2.75 7.2 90
      vertex 45.25 1.2 90
      vertex 45.25 7.2 90
    endloop
  endfacet
  facet normal 0 0 1
    outer loop
      vertex 45.25 1.2 90
      vertex 2.75 7.2 90
      vertex 2.75 1.2 90
    endloop
  endfacet
  facet normal 1 -0 0
    outer loop
      vertex 2.75 1.2 220
      vertex 2.75 7.2 90
      vertex 2.75 7.2 220
    endloop
  endfacet
  facet normal 1 0 0
    outer loop
      vertex 2.75 7.2 90
      vertex 2.75 1.2 220
      vertex 2.75 1.2 90
    endloop
  endfacet
  facet normal 0 1 0
    outer loop
      vertex 13.6488 1.2 99.5863
      vertex 13.6488 1.2 210.414
      vertex 34.3512 1.2 99.5863
    endloop
  endfacet
  facet normal 0 1 0
    outer loop
      vertex 13.6488 1.2 210.414
      vertex 13.6488 1.2 99.5863
      vertex 13.44 1.2 99.6
    endloop
  endfacet
  facet normal 0 1 -0
    outer loop
      vertex 34.1459 1.2 99.5455
      vertex 13.6488 1.2 99.5863
      vertex 34.3512 1.2 99.5863
    endloop
  endfacet
  facet normal 0 1 0
    outer loop
      vertex 34.1459 1.2 99.5455
      vertex 13.8541 1.2 99.5455
      vertex 13.6488 1.2 99.5863
    endloop
  endfacet
  facet normal 0 1 -0
    outer loop
      vertex 33.9477 1.2 99.4782
      vertex 13.8541 1.2 99.5455
      vertex 34.1459 1.2 99.5455
    endloop
  endfacet
  facet normal 0 1 0
    outer loop
      vertex 33.9477 1.2 99.4782
      vertex 14.0523 1.2 99.4782
      vertex 13.8541 1.2 99.5455
    endloop
  endfacet
  facet normal 0 1 -0
    outer loop
      vertex 33.76 1.2 99.3856
      vertex 14.0523 1.2 99.4782
      vertex 33.9477 1.2 99.4782
    endloop
  endfacet
  facet normal 0 1 0
    outer loop
      vertex 33.76 1.2 99.3856
      vertex 14.24 1.2 99.3856
      vertex 14.0523 1.2 99.4782
    endloop
  endfacet
  facet normal 0 1 -0
    outer loop
      vertex 33.586 1.2 99.2694
      vertex 14.24 1.2 99.3856
      vertex 33.76 1.2 99.3856
    endloop
  endfacet
  facet normal 0 1 0
    outer loop
      vertex 33.586 1.2 99.2694
      vertex 14.414 1.2 99.2694
      vertex 14.24 1.2 99.3856
    endloop
  endfacet
  facet normal 0 1 -0
    outer loop
      vertex 33.4286 1.2 99.1314
      vertex 14.414 1.2 99.2694
      vertex 33.586 1.2 99.2694
    endloop
  endfacet
  facet normal 0 1 0
    outer loop
      vertex 33.4286 1.2 99.1314
      vertex 14.5714 1.2 99.1314
      vertex 14.414 1.2 99.2694
    endloop
  endfacet
  facet normal 0 1 -0
    outer loop
      vertex 33.2906 1.2 98.974
      vertex 14.5714 1.2 99.1314
      vertex 33.4286 1.2 99.1314
    endloop
  endfacet
  facet normal 0 1 0
    outer loop
      vertex 33.2906 1.2 98.974
      vertex 14.7094 1.2 98.974
      vertex 14.5714 1.2 99.1314
    endloop
  endfacet
  facet normal 0 1 -0
    outer loop
      vertex 33.1744 1.2 98.8
      vertex 14.7094 1.2 98.974
      vertex 33.2906 1.2 98.974
    endloop
  endfacet
  facet normal 0 1 0
    outer loop
      vertex 33.1744 1.2 98.8
      vertex 14.8256 1.2 98.8
      vertex 14.7094 1.2 98.974
    endloop
  endfacet
  facet normal 0 1 -0
    outer loop
      vertex 33.0818 1.2 98.6123
      vertex 14.8256 1.2 98.8
      vertex 33.1744 1.2 98.8
    endloop
  endfacet
  facet normal 0 1 0
    outer loop
      vertex 33.0818 1.2 98.6123
      vertex 14.9182 1.2 98.6123
      vertex 14.8256 1.2 98.8
    endloop
  endfacet
  facet normal 0 1 -0
    outer loop
      vertex 33.0145 1.2 98.4141
      vertex 14.9182 1.2 98.6123
      vertex 33.0818 1.2 98.6123
    endloop
  endfacet
  facet normal 0 1 0
    outer loop
      vertex 33.0145 1.2 98.4141
      vertex 14.9855 1.2 98.4141
      vertex 14.9182 1.2 98.6123
    endloop
  endfacet
  facet normal 0 1 -0
    outer loop
      vertex 32.9737 1.2 98.2088
      vertex 14.9855 1.2 98.4141
      vertex 33.0145 1.2 98.4141
    endloop
  endfacet
  facet normal 0 1 0
    outer loop
      vertex 32.9737 1.2 98.2088
      vertex 15.0263 1.2 98.2088
      vertex 14.9855 1.2 98.4141
    endloop
  endfacet
  facet normal 0 1 -0
    outer loop
      vertex 32.96 1.2 98
      vertex 15.0263 1.2 98.2088
      vertex 32.9737 1.2 98.2088
    endloop
  endfacet
  facet normal 0 1 0
    outer loop
      vertex 32.96 1.2 98
      vertex 15.04 1.2 98
      vertex 15.0263 1.2 98.2088
    endloop
  endfacet
  facet normal 0 1 0
    outer loop
      vertex 32.9737 1.2 97.7912
      vertex 15.04 1.2 98
      vertex 32.96 1.2 98
    endloop
  endfacet
  facet normal 0 1 0
    outer loop
      vertex 32.9737 1.2 97.7912
      vertex 15.0263 1.2 97.7912
      vertex 15.04 1.2 98
    endloop
  endfacet
  facet normal 0 1 0
    outer loop
      vertex 33.0145 1.2 97.5859
      vertex 15.0263 1.2 97.7912
      vertex 32.9737 1.2 97.7912
    endloop
  endfacet
  facet normal 0 1 0
    outer loop
      vertex 33.0145 1.2 97.5859
      vertex 14.9855 1.2 97.5859
      vertex 15.0263 1.2 97.7912
    endloop
  endfacet
  facet normal 0 1 0
    outer loop
      vertex 33.0818 1.2 97.3877
      vertex 14.9855 1.2 97.5859
      vertex 33.0145 1.2 97.5859
    endloop
  endfacet
  facet normal 0 1 0
    outer loop
      vertex 33.0818 1.2 97.3877
      vertex 14.9182 1.2 97.3877
      vertex 14.9855 1.2 97.5859
    endloop
  endfacet
  facet normal 0 1 0
    outer loop
      vertex 33.1744 1.2 97.2
      vertex 14.9182 1.2 97.3877
      vertex 33.0818 1.2 97.3877
    endloop
  endfacet
  facet normal 0 1 0
    outer loop
      vertex 33.1744 1.2 97.2
      vertex 14.8256 1.2 97.2
      vertex 14.9182 1.2 97.3877
    endloop
  endfacet
  facet normal 0 1 0
    outer loop
      vertex 33.2906 1.2 97.026
      vertex 14.8256 1.2 97.2
      vertex 33.1744 1.2 97.2
    endloop
  endfacet
  facet normal 0 1 0
    outer loop
      vertex 33.2906 1.2 97.026
      vertex 14.7094 1.2 97.026
      vertex 14.8256 1.2 97.2
    endloop
  endfacet
  facet normal 0 1 0
    outer loop
      vertex 33.4286 1.2 96.8686
      vertex 14.7094 1.2 97.026
      vertex 33.2906 1.2 97.026
    endloop
  endfacet
  facet normal 0 1 0
    outer loop
      vertex 33.4286 1.2 96.8686
      vertex 14.5714 1.2 96.8686
      vertex 14.7094 1.2 97.026
    endloop
  endfacet
  facet normal 0 1 0
    outer loop
      vertex 33.586 1.2 96.7306
      vertex 14.5714 1.2 96.8686
      vertex 33.4286 1.2 96.8686
    endloop
  endfacet
  facet normal 0 1 0
    outer loop
      vertex 33.586 1.2 96.7306
      vertex 14.414 1.2 96.7306
      vertex 14.5714 1.2 96.8686
    endloop
  endfacet
  facet normal 0 1 0
    outer loop
      vertex 33.76 1.2 96.6144
      vertex 14.414 1.2 96.7306
      vertex 33.586 1.2 96.7306
    endloop
  endfacet
  facet normal 0 1 0
    outer loop
      vertex 33.76 1.2 96.6144
      vertex 14.24 1.2 96.6144
      vertex 14.414 1.2 96.7306
    endloop
  endfacet
  facet normal 0 1 0
    outer loop
      vertex 33.9477 1.2 96.5218
      vertex 14.24 1.2 96.6144
      vertex 33.76 1.2 96.6144
    endloop
  endfacet
  facet normal 0 1 0
    outer loop
      vertex 33.9477 1.2 96.5218
      vertex 14.0523 1.2 96.5218
      vertex 14.24 1.2 96.6144
    endloop
  endfacet
  facet normal 0 1 0
    outer loop
      vertex 34.1459 1.2 96.4545
      vertex 14.0523 1.2 96.5218
      vertex 33.9477 1.2 96.5218
    endloop
  endfacet
  facet normal 0 1 0
    outer loop
      vertex 34.1459 1.2 96.4545
      vertex 13.8541 1.2 96.4545
      vertex 14.0523 1.2 96.5218
    endloop
  endfacet
  facet normal 0 1 0
    outer loop
      vertex 45.25 1.2 90
      vertex 34.1459 1.2 96.4545
      vertex 34.3512 1.2 96.4137
    endloop
  endfacet
  facet normal 0 1 0
    outer loop
      vertex 34.1459 1.2 96.4545
      vertex 45.25 1.2 90
      vertex 13.8541 1.2 96.4545
    endloop
  endfacet
  facet normal 0 1 0
    outer loop
      vertex 45.25 1.2 90
      vertex 34.3512 1.2 96.4137
      vertex 34.56 1.2 96.4
    endloop
  endfacet
  facet normal 0 1 0
    outer loop
      vertex 2.75 1.2 90
      vertex 13.8541 1.2 96.4545
      vertex 45.25 1.2 90
    endloop
  endfacet
  facet normal 0 1 0
    outer loop
      vertex 45.25 1.2 220
      vertex 34.1459 1.2 213.545
      vertex 2.75 1.2 220
    endloop
  endfacet
  facet normal 0 1 0
    outer loop
      vertex 2.75 1.2 220
      vertex 13.6488 1.2 213.586
      vertex 13.44 1.2 213.6
    endloop
  endfacet
  facet normal 0 1 -0
    outer loop
      vertex 13.8541 1.2 213.545
      vertex 2.75 1.2 220
      vertex 34.1459 1.2 213.545
    endloop
  endfacet
  facet normal 0 1 0
    outer loop
      vertex 2.75 1.2 220
      vertex 13.8541 1.2 213.545
      vertex 13.6488 1.2 213.586
    endloop
  endfacet
  facet normal 0 1 -0
    outer loop
      vertex 33.9477 1.2 213.478
      vertex 13.8541 1.2 213.545
      vertex 34.1459 1.2 213.545
    endloop
  endfacet
  facet normal 0 1 0
    outer loop
      vertex 33.9477 1.2 213.478
      vertex 14.0523 1.2 213.478
      vertex 13.8541 1.2 213.545
    endloop
  endfacet
  facet normal 0 1 -0
    outer loop
      vertex 33.76 1.2 213.386
      vertex 14.0523 1.2 213.478
      vertex 33.9477 1.2 213.478
    endloop
  endfacet
  facet normal 0 1 0
    outer loop
      vertex 33.76 1.2 213.386
      vertex 14.24 1.2 213.386
      vertex 14.0523 1.2 213.478
    endloop
  endfacet
  facet normal 0 1 -0
    outer loop
      vertex 33.586 1.2 213.269
      vertex 14.24 1.2 213.386
      vertex 33.76 1.2 213.386
    endloop
  endfacet
  facet normal 0 1 0
    outer loop
      vertex 33.586 1.2 213.269
      vertex 14.414 1.2 213.269
      vertex 14.24 1.2 213.386
    endloop
  endfacet
  facet normal 0 1 -0
    outer loop
      vertex 33.4286 1.2 213.131
      vertex 14.414 1.2 213.269
      vertex 33.586 1.2 213.269
    endloop
  endfacet
  facet normal 0 1 0
    outer loop
      vertex 33.4286 1.2 213.131
      vertex 14.5714 1.2 213.131
      vertex 14.414 1.2 213.269
    endloop
  endfacet
  facet normal 0 1 -0
    outer loop
      vertex 33.2906 1.2 212.974
      vertex 14.5714 1.2 213.131
      vertex 33.4286 1.2 213.131
    endloop
  endfacet
  facet normal 0 1 0
    outer loop
      vertex 33.2906 1.2 212.974
      vertex 14.7094 1.2 212.974
      vertex 14.5714 1.2 213.131
    endloop
  endfacet
  facet normal 0 1 -0
    outer loop
      vertex 33.1744 1.2 212.8
      vertex 14.7094 1.2 212.974
      vertex 33.2906 1.2 212.974
    endloop
  endfacet
  facet normal 0 1 0
    outer loop
      vertex 33.1744 1.2 212.8
      vertex 14.8256 1.2 212.8
      vertex 14.7094 1.2 212.974
    endloop
  endfacet
  facet normal 0 1 -0
    outer loop
      vertex 33.0818 1.2 212.612
      vertex 14.8256 1.2 212.8
      vertex 33.1744 1.2 212.8
    endloop
  endfacet
  facet normal 0 1 0
    outer loop
      vertex 33.0818 1.2 212.612
      vertex 14.9182 1.2 212.612
      vertex 14.8256 1.2 212.8
    endloop
  endfacet
  facet normal 0 1 -0
    outer loop
      vertex 33.0145 1.2 212.414
      vertex 14.9182 1.2 212.612
      vertex 33.0818 1.2 212.612
    endloop
  endfacet
  facet normal 0 1 0
    outer loop
      vertex 33.0145 1.2 212.414
      vertex 14.9855 1.2 212.414
      vertex 14.9182 1.2 212.612
    endloop
  endfacet
  facet normal 0 1 -0
    outer loop
      vertex 32.9737 1.2 212.209
      vertex 14.9855 1.2 212.414
      vertex 33.0145 1.2 212.414
    endloop
  endfacet
  facet normal 0 1 0
    outer loop
      vertex 32.9737 1.2 212.209
      vertex 15.0263 1.2 212.209
      vertex 14.9855 1.2 212.414
    endloop
  endfacet
  facet normal 0 1 -0
    outer loop
      vertex 32.96 1.2 212
      vertex 15.0263 1.2 212.209
      vertex 32.9737 1.2 212.209
    endloop
  endfacet
  facet normal 0 1 0
    outer loop
      vertex 32.96 1.2 212
      vertex 15.04 1.2 212
      vertex 15.0263 1.2 212.209
    endloop
  endfacet
  facet normal 0 1 0
    outer loop
      vertex 32.9737 1.2 211.791
      vertex 15.04 1.2 212
      vertex 32.96 1.2 212
    endloop
  endfacet
  facet normal 0 1 0
    outer loop
      vertex 32.9737 1.2 211.791
      vertex 15.0263 1.2 211.791
      vertex 15.04 1.2 212
    endloop
  endfacet
  facet normal 0 1 0
    outer loop
      vertex 33.0145 1.2 211.586
      vertex 15.0263 1.2 211.791
      vertex 32.9737 1.2 211.791
    endloop
  endfacet
  facet normal 0 1 0
    outer loop
      vertex 33.0145 1.2 211.586
      vertex 14.9855 1.2 211.586
      vertex 15.0263 1.2 211.791
    endloop
  endfacet
  facet normal 0 1 0
    outer loop
      vertex 33.0818 1.2 211.388
      vertex 14.9855 1.2 211.586
      vertex 33.0145 1.2 211.586
    endloop
  endfacet
  facet normal 0 1 0
    outer loop
      vertex 33.0818 1.2 211.388
      vertex 14.9182 1.2 211.388
      vertex 14.9855 1.2 211.586
    endloop
  endfacet
  facet normal 0 1 0
    outer loop
      vertex 33.1744 1.2 211.2
      vertex 14.9182 1.2 211.388
      vertex 33.0818 1.2 211.388
    endloop
  endfacet
  facet normal 0 1 0
    outer loop
      vertex 33.1744 1.2 211.2
      vertex 14.8256 1.2 211.2
      vertex 14.9182 1.2 211.388
    endloop
  endfacet
  facet normal 0 1 0
    outer loop
      vertex 33.2906 1.2 211.026
      vertex 14.8256 1.2 211.2
      vertex 33.1744 1.2 211.2
    endloop
  endfacet
  facet normal 0 1 0
    outer loop
      vertex 33.2906 1.2 211.026
      vertex 14.7094 1.2 211.026
      vertex 14.8256 1.2 211.2
    endloop
  endfacet
  facet normal 0 1 0
    outer loop
      vertex 33.4286 1.2 210.869
      vertex 14.7094 1.2 211.026
      vertex 33.2906 1.2 211.026
    endloop
  endfacet
  facet normal 0 1 0
    outer loop
      vertex 33.4286 1.2 210.869
      vertex 14.5714 1.2 210.869
      vertex 14.7094 1.2 211.026
    endloop
  endfacet
  facet normal 0 1 0
    outer loop
      vertex 33.586 1.2 210.731
      vertex 14.5714 1.2 210.869
      vertex 33.4286 1.2 210.869
    endloop
  endfacet
  facet normal 0 1 0
    outer loop
      vertex 33.586 1.2 210.731
      vertex 14.414 1.2 210.731
      vertex 14.5714 1.2 210.869
    endloop
  endfacet
  facet normal 0 1 0
    outer loop
      vertex 33.76 1.2 210.614
      vertex 14.414 1.2 210.731
      vertex 33.586 1.2 210.731
    endloop
  endfacet
  facet normal 0 1 0
    outer loop
      vertex 33.76 1.2 210.614
      vertex 14.24 1.2 210.614
      vertex 14.414 1.2 210.731
    endloop
  endfacet
  facet normal 0 1 0
    outer loop
      vertex 33.9477 1.2 210.522
      vertex 14.24 1.2 210.614
      vertex 33.76 1.2 210.614
    endloop
  endfacet
  facet normal 0 1 0
    outer loop
      vertex 33.9477 1.2 210.522
      vertex 14.0523 1.2 210.522
      vertex 14.24 1.2 210.614
    endloop
  endfacet
  facet normal 0 1 0
    outer loop
      vertex 34.1459 1.2 210.455
      vertex 14.0523 1.2 210.522
      vertex 33.9477 1.2 210.522
    endloop
  endfacet
  facet normal 0 1 0
    outer loop
      vertex 34.1459 1.2 210.455
      vertex 13.8541 1.2 210.455
      vertex 14.0523 1.2 210.522
    endloop
  endfacet
  facet normal 0 1 0
    outer loop
      vertex 34.3512 1.2 210.414
      vertex 13.8541 1.2 210.455
      vertex 34.1459 1.2 210.455
    endloop
  endfacet
  facet normal 0 1 0
    outer loop
      vertex 34.3512 1.2 210.414
      vertex 13.6488 1.2 210.414
      vertex 13.8541 1.2 210.455
    endloop
  endfacet
  facet normal 0 1 -0
    outer loop
      vertex 34.56 1.2 99.6
      vertex 34.3512 1.2 210.414
      vertex 34.56 1.2 210.4
    endloop
  endfacet
  facet normal 0 1 0
    outer loop
      vertex 34.3512 1.2 99.5863
      vertex 34.3512 1.2 210.414
      vertex 34.56 1.2 99.6
    endloop
  endfacet
  facet normal 0 1 0
    outer loop
      vertex 34.3512 1.2 213.586
      vertex 45.25 1.2 220
      vertex 34.56 1.2 213.6
    endloop
  endfacet
  facet normal 0 1 0
    outer loop
      vertex 45.25 1.2 220
      vertex 34.7688 1.2 213.586
      vertex 34.56 1.2 213.6
    endloop
  endfacet
  facet normal 0 1 0
    outer loop
      vertex 45.25 1.2 220
      vertex 34.9741 1.2 213.545
      vertex 34.7688 1.2 213.586
    endloop
  endfacet
  facet normal 0 1 0
    outer loop
      vertex 45.25 1.2 220
      vertex 35.1723 1.2 213.478
      vertex 34.9741 1.2 213.545
    endloop
  endfacet
  facet normal 0 1 0
    outer loop
      vertex 45.25 1.2 220
      vertex 35.36 1.2 213.386
      vertex 35.1723 1.2 213.478
    endloop
  endfacet
  facet normal 0 1 0
    outer loop
      vertex 45.25 1.2 220
      vertex 35.534 1.2 213.269
      vertex 35.36 1.2 213.386
    endloop
  endfacet
  facet normal 0 1 0
    outer loop
      vertex 45.25 1.2 220
      vertex 35.6914 1.2 213.131
      vertex 35.534 1.2 213.269
    endloop
  endfacet
  facet normal 0 1 0
    outer loop
      vertex 45.25 1.2 220
      vertex 35.8294 1.2 212.974
      vertex 35.6914 1.2 213.131
    endloop
  endfacet
  facet normal 0 1 0
    outer loop
      vertex 45.25 1.2 220
      vertex 35.9456 1.2 212.8
      vertex 35.8294 1.2 212.974
    endloop
  endfacet
  facet normal 0 1 0
    outer loop
      vertex 45.25 1.2 220
      vertex 36.0382 1.2 212.612
      vertex 35.9456 1.2 212.8
    endloop
  endfacet
  facet normal 0 1 0
    outer loop
      vertex 45.25 1.2 220
      vertex 36.1055 1.2 212.414
      vertex 36.0382 1.2 212.612
    endloop
  endfacet
  facet normal 0 1 0
    outer loop
      vertex 45.25 1.2 220
      vertex 36.1463 1.2 212.209
      vertex 36.1055 1.2 212.414
    endloop
  endfacet
  facet normal 0 1 0
    outer loop
      vertex 45.25 1.2 220
      vertex 36.16 1.2 212
      vertex 36.1463 1.2 212.209
    endloop
  endfacet
  facet normal 0 1 0
    outer loop
      vertex 45.25 1.2 220
      vertex 36.1463 1.2 211.791
      vertex 36.16 1.2 212
    endloop
  endfacet
  facet normal 0 1 0
    outer loop
      vertex 45.25 1.2 220
      vertex 36.1055 1.2 211.586
      vertex 36.1463 1.2 211.791
    endloop
  endfacet
  facet normal 0 1 0
    outer loop
      vertex 45.25 1.2 220
      vertex 36.0382 1.2 211.388
      vertex 36.1055 1.2 211.586
    endloop
  endfacet
  facet normal 0 1 0
    outer loop
      vertex 45.25 1.2 220
      vertex 35.9456 1.2 211.2
      vertex 36.0382 1.2 211.388
    endloop
  endfacet
  facet normal 0 1 0
    outer loop
      vertex 45.25 1.2 220
      vertex 35.8294 1.2 211.026
      vertex 35.9456 1.2 211.2
    endloop
  endfacet
  facet normal 0 1 0
    outer loop
      vertex 45.25 1.2 220
      vertex 35.6914 1.2 210.869
      vertex 35.8294 1.2 211.026
    endloop
  endfacet
  facet normal 0 1 0
    outer loop
      vertex 34.3512 1.2 210.414
      vertex 34.3512 1.2 99.5863
      vertex 13.6488 1.2 210.414
    endloop
  endfacet
  facet normal 0 1 0
    outer loop
      vertex 34.7688 1.2 210.414
      vertex 34.56 1.2 99.6
      vertex 34.56 1.2 210.4
    endloop
  endfacet
  facet normal 0 1 0
    outer loop
      vertex 34.7688 1.2 99.5863
      vertex 34.7688 1.2 210.414
      vertex 34.9741 1.2 210.455
    endloop
  endfacet
  facet normal 0 1 0
    outer loop
      vertex 34.9741 1.2 99.5455
      vertex 34.9741 1.2 210.455
      vertex 35.1723 1.2 210.522
    endloop
  endfacet
  facet normal 0 1 0
    outer loop
      vertex 35.1723 1.2 99.4782
      vertex 35.1723 1.2 210.522
      vertex 35.36 1.2 210.614
    endloop
  endfacet
  facet normal 0 1 0
    outer loop
      vertex 35.36 1.2 99.3856
      vertex 35.36 1.2 210.614
      vertex 35.534 1.2 210.731
    endloop
  endfacet
  facet normal 0 1 0
    outer loop
      vertex 35.534 1.2 99.2694
      vertex 35.534 1.2 210.731
      vertex 35.6914 1.2 210.869
    endloop
  endfacet
  facet normal 0 1 0
    outer loop
      vertex 35.6914 1.2 99.1314
      vertex 35.6914 1.2 210.869
      vertex 45.25 1.2 220
    endloop
  endfacet
  facet normal 0 1 0
    outer loop
      vertex 34.7688 1.2 210.414
      vertex 34.7688 1.2 99.5863
      vertex 34.56 1.2 99.6
    endloop
  endfacet
  facet normal 0 1 0
    outer loop
      vertex 34.9741 1.2 210.455
      vertex 34.9741 1.2 99.5455
      vertex 34.7688 1.2 99.5863
    endloop
  endfacet
  facet normal 0 1 0
    outer loop
      vertex 35.1723 1.2 210.522
      vertex 35.1723 1.2 99.4782
      vertex 34.9741 1.2 99.5455
    endloop
  endfacet
  facet normal 0 1 0
    outer loop
      vertex 35.36 1.2 210.614
      vertex 35.36 1.2 99.3856
      vertex 35.1723 1.2 99.4782
    endloop
  endfacet
  facet normal 0 1 0
    outer loop
      vertex 35.534 1.2 210.731
      vertex 35.534 1.2 99.2694
      vertex 35.36 1.2 99.3856
    endloop
  endfacet
  facet normal 0 1 0
    outer loop
      vertex 35.6914 1.2 210.869
      vertex 35.6914 1.2 99.1314
      vertex 35.534 1.2 99.2694
    endloop
  endfacet
  facet normal 0 1 -0
    outer loop
      vertex 45.25 1.2 90
      vertex 35.6914 1.2 99.1314
      vertex 45.25 1.2 220
    endloop
  endfacet
  facet normal 0 1 0
    outer loop
      vertex 35.6914 1.2 99.1314
      vertex 45.25 1.2 90
      vertex 35.8294 1.2 98.974
    endloop
  endfacet
  facet normal 0 1 0
    outer loop
      vertex 35.8294 1.2 98.974
      vertex 45.25 1.2 90
      vertex 35.9456 1.2 98.8
    endloop
  endfacet
  facet normal 0 1 0
    outer loop
      vertex 35.9456 1.2 98.8
      vertex 45.25 1.2 90
      vertex 36.0382 1.2 98.6123
    endloop
  endfacet
  facet normal 0 1 0
    outer loop
      vertex 36.0382 1.2 98.6123
      vertex 45.25 1.2 90
      vertex 36.1055 1.2 98.4141
    endloop
  endfacet
  facet normal 0 1 0
    outer loop
      vertex 36.1055 1.2 98.4141
      vertex 45.25 1.2 90
      vertex 36.1463 1.2 98.2088
    endloop
  endfacet
  facet normal 0 1 0
    outer loop
      vertex 36.1463 1.2 98.2088
      vertex 45.25 1.2 90
      vertex 36.16 1.2 98
    endloop
  endfacet
  facet normal 0 1 0
    outer loop
      vertex 13.8541 1.2 96.4545
      vertex 2.75 1.2 90
      vertex 13.6488 1.2 96.4137
    endloop
  endfacet
  facet normal 0 1 0
    outer loop
      vertex 34.7688 1.2 96.4137
      vertex 45.25 1.2 90
      vertex 34.56 1.2 96.4
    endloop
  endfacet
  facet normal 0 1 0
    outer loop
      vertex 34.9741 1.2 96.4545
      vertex 45.25 1.2 90
      vertex 34.7688 1.2 96.4137
    endloop
  endfacet
  facet normal 0 1 0
    outer loop
      vertex 35.1723 1.2 96.5218
      vertex 45.25 1.2 90
      vertex 34.9741 1.2 96.4545
    endloop
  endfacet
  facet normal 0 1 0
    outer loop
      vertex 35.36 1.2 96.6144
      vertex 45.25 1.2 90
      vertex 35.1723 1.2 96.5218
    endloop
  endfacet
  facet normal 0 1 0
    outer loop
      vertex 35.534 1.2 96.7306
      vertex 45.25 1.2 90
      vertex 35.36 1.2 96.6144
    endloop
  endfacet
  facet normal 0 1 0
    outer loop
      vertex 35.6914 1.2 96.8686
      vertex 45.25 1.2 90
      vertex 35.534 1.2 96.7306
    endloop
  endfacet
  facet normal 0 1 0
    outer loop
      vertex 35.8294 1.2 97.026
      vertex 45.25 1.2 90
      vertex 35.6914 1.2 96.8686
    endloop
  endfacet
  facet normal 0 1 0
    outer loop
      vertex 35.9456 1.2 97.2
      vertex 45.25 1.2 90
      vertex 35.8294 1.2 97.026
    endloop
  endfacet
  facet normal 0 1 0
    outer loop
      vertex 36.0382 1.2 97.3877
      vertex 45.25 1.2 90
      vertex 35.9456 1.2 97.2
    endloop
  endfacet
  facet normal 0 1 0
    outer loop
      vertex 36.1055 1.2 97.5859
      vertex 45.25 1.2 90
      vertex 36.0382 1.2 97.3877
    endloop
  endfacet
  facet normal 0 1 0
    outer loop
      vertex 36.1463 1.2 97.7912
      vertex 45.25 1.2 90
      vertex 36.1055 1.2 97.5859
    endloop
  endfacet
  facet normal 0 1 0
    outer loop
      vertex 36.16 1.2 98
      vertex 45.25 1.2 90
      vertex 36.1463 1.2 97.7912
    endloop
  endfacet
  facet normal 0 1 0
    outer loop
      vertex 34.1459 1.2 213.545
      vertex 45.25 1.2 220
      vertex 34.3512 1.2 213.586
    endloop
  endfacet
  facet normal 0 1 -0
    outer loop
      vertex 13.2312 1.2 213.586
      vertex 2.75 1.2 220
      vertex 13.44 1.2 213.6
    endloop
  endfacet
  facet normal 0 1 -0
    outer loop
      vertex 13.0259 1.2 213.545
      vertex 2.75 1.2 220
      vertex 13.2312 1.2 213.586
    endloop
  endfacet
  facet normal 0 1 -0
    outer loop
      vertex 12.8277 1.2 213.478
      vertex 2.75 1.2 220
      vertex 13.0259 1.2 213.545
    endloop
  endfacet
  facet normal 0 1 -0
    outer loop
      vertex 12.64 1.2 213.386
      vertex 2.75 1.2 220
      vertex 12.8277 1.2 213.478
    endloop
  endfacet
  facet normal 0 1 -0
    outer loop
      vertex 12.466 1.2 213.269
      vertex 2.75 1.2 220
      vertex 12.64 1.2 213.386
    endloop
  endfacet
  facet normal 0 1 -0
    outer loop
      vertex 12.3086 1.2 213.131
      vertex 2.75 1.2 220
      vertex 12.466 1.2 213.269
    endloop
  endfacet
  facet normal 0 1 -0
    outer loop
      vertex 12.1706 1.2 212.974
      vertex 2.75 1.2 220
      vertex 12.3086 1.2 213.131
    endloop
  endfacet
  facet normal 0 1 -0
    outer loop
      vertex 12.0544 1.2 212.8
      vertex 2.75 1.2 220
      vertex 12.1706 1.2 212.974
    endloop
  endfacet
  facet normal 0 1 -0
    outer loop
      vertex 11.9618 1.2 212.612
      vertex 2.75 1.2 220
      vertex 12.0544 1.2 212.8
    endloop
  endfacet
  facet normal 0 1 -0
    outer loop
      vertex 11.8945 1.2 212.414
      vertex 2.75 1.2 220
      vertex 11.9618 1.2 212.612
    endloop
  endfacet
  facet normal 0 1 -0
    outer loop
      vertex 11.8537 1.2 212.209
      vertex 2.75 1.2 220
      vertex 11.8945 1.2 212.414
    endloop
  endfacet
  facet normal 0 1 -0
    outer loop
      vertex 11.84 1.2 212
      vertex 2.75 1.2 220
      vertex 11.8537 1.2 212.209
    endloop
  endfacet
  facet normal 0 1 0
    outer loop
      vertex 11.8537 1.2 211.791
      vertex 2.75 1.2 220
      vertex 11.84 1.2 212
    endloop
  endfacet
  facet normal 0 1 0
    outer loop
      vertex 11.8945 1.2 211.586
      vertex 2.75 1.2 220
      vertex 11.8537 1.2 211.791
    endloop
  endfacet
  facet normal 0 1 0
    outer loop
      vertex 11.9618 1.2 211.388
      vertex 2.75 1.2 220
      vertex 11.8945 1.2 211.586
    endloop
  endfacet
  facet normal 0 1 0
    outer loop
      vertex 12.0544 1.2 211.2
      vertex 2.75 1.2 220
      vertex 11.9618 1.2 211.388
    endloop
  endfacet
  facet normal 0 1 0
    outer loop
      vertex 12.1706 1.2 211.026
      vertex 2.75 1.2 220
      vertex 12.0544 1.2 211.2
    endloop
  endfacet
  facet normal 0 1 0
    outer loop
      vertex 12.3086 1.2 210.869
      vertex 2.75 1.2 220
      vertex 12.1706 1.2 211.026
    endloop
  endfacet
  facet normal 0 1 0
    outer loop
      vertex 13.6488 1.2 210.414
      vertex 13.44 1.2 99.6
      vertex 13.44 1.2 210.4
    endloop
  endfacet
  facet normal 0 1 0
    outer loop
      vertex 13.44 1.2 210.4
      vertex 13.44 1.2 99.6
      vertex 13.2312 1.2 210.414
    endloop
  endfacet
  facet normal 0 1 0
    outer loop
      vertex 13.2312 1.2 99.5863
      vertex 13.2312 1.2 210.414
      vertex 13.44 1.2 99.6
    endloop
  endfacet
  facet normal 0 1 0
    outer loop
      vertex 13.2312 1.2 210.414
      vertex 13.2312 1.2 99.5863
      vertex 13.0259 1.2 210.455
    endloop
  endfacet
  facet normal 0 1 0
    outer loop
      vertex 13.0259 1.2 99.5455
      vertex 13.0259 1.2 210.455
      vertex 13.2312 1.2 99.5863
    endloop
  endfacet
  facet normal 0 1 0
    outer loop
      vertex 13.0259 1.2 210.455
      vertex 13.0259 1.2 99.5455
      vertex 12.8277 1.2 210.522
    endloop
  endfacet
  facet normal 0 1 0
    outer loop
      vertex 12.8277 1.2 99.4782
      vertex 12.8277 1.2 210.522
      vertex 13.0259 1.2 99.5455
    endloop
  endfacet
  facet normal 0 1 0
    outer loop
      vertex 12.8277 1.2 210.522
      vertex 12.8277 1.2 99.4782
      vertex 12.64 1.2 210.614
    endloop
  endfacet
  facet normal 0 1 0
    outer loop
      vertex 12.64 1.2 99.3856
      vertex 12.64 1.2 210.614
      vertex 12.8277 1.2 99.4782
    endloop
  endfacet
  facet normal 0 1 0
    outer loop
      vertex 12.64 1.2 210.614
      vertex 12.64 1.2 99.3856
      vertex 12.466 1.2 210.731
    endloop
  endfacet
  facet normal 0 1 0
    outer loop
      vertex 12.466 1.2 99.2694
      vertex 12.466 1.2 210.731
      vertex 12.64 1.2 99.3856
    endloop
  endfacet
  facet normal 0 1 0
    outer loop
      vertex 12.466 1.2 210.731
      vertex 12.466 1.2 99.2694
      vertex 12.3086 1.2 210.869
    endloop
  endfacet
  facet normal 0 1 0
    outer loop
      vertex 12.3086 1.2 99.1314
      vertex 12.3086 1.2 210.869
      vertex 12.466 1.2 99.2694
    endloop
  endfacet
  facet normal 0 1 0
    outer loop
      vertex 12.3086 1.2 210.869
      vertex 12.3086 1.2 99.1314
      vertex 2.75 1.2 220
    endloop
  endfacet
  facet normal 0 1 0
    outer loop
      vertex 2.75 1.2 90
      vertex 12.3086 1.2 99.1314
      vertex 12.1706 1.2 98.974
    endloop
  endfacet
  facet normal 0 1 0
    outer loop
      vertex 2.75 1.2 90
      vertex 12.1706 1.2 98.974
      vertex 12.0544 1.2 98.8
    endloop
  endfacet
  facet normal 0 1 0
    outer loop
      vertex 2.75 1.2 90
      vertex 12.0544 1.2 98.8
      vertex 11.9618 1.2 98.6123
    endloop
  endfacet
  facet normal 0 1 0
    outer loop
      vertex 2.75 1.2 90
      vertex 11.9618 1.2 98.6123
      vertex 11.8945 1.2 98.4141
    endloop
  endfacet
  facet normal 0 1 0
    outer loop
      vertex 2.75 1.2 90
      vertex 11.8945 1.2 98.4141
      vertex 11.8537 1.2 98.2088
    endloop
  endfacet
  facet normal 0 1 0
    outer loop
      vertex 2.75 1.2 90
      vertex 11.8537 1.2 98.2088
      vertex 11.84 1.2 98
    endloop
  endfacet
  facet normal 0 1 0
    outer loop
      vertex 2.75 1.2 90
      vertex 11.84 1.2 98
      vertex 11.8537 1.2 97.7912
    endloop
  endfacet
  facet normal 0 1 0
    outer loop
      vertex 13.6488 1.2 96.4137
      vertex 2.75 1.2 90
      vertex 13.44 1.2 96.4
    endloop
  endfacet
  facet normal 0 1 0
    outer loop
      vertex 13.44 1.2 96.4
      vertex 2.75 1.2 90
      vertex 13.2312 1.2 96.4137
    endloop
  endfacet
  facet normal 0 1 0
    outer loop
      vertex 12.3086 1.2 99.1314
      vertex 2.75 1.2 90
      vertex 2.75 1.2 220
    endloop
  endfacet
  facet normal 0 1 0
    outer loop
      vertex 11.8945 1.2 97.5859
      vertex 2.75 1.2 90
      vertex 11.8537 1.2 97.7912
    endloop
  endfacet
  facet normal 0 1 0
    outer loop
      vertex 11.9618 1.2 97.3877
      vertex 2.75 1.2 90
      vertex 11.8945 1.2 97.5859
    endloop
  endfacet
  facet normal 0 1 0
    outer loop
      vertex 12.0544 1.2 97.2
      vertex 2.75 1.2 90
      vertex 11.9618 1.2 97.3877
    endloop
  endfacet
  facet normal 0 1 0
    outer loop
      vertex 12.1706 1.2 97.026
      vertex 2.75 1.2 90
      vertex 12.0544 1.2 97.2
    endloop
  endfacet
  facet normal 0 1 0
    outer loop
      vertex 12.3086 1.2 96.8686
      vertex 2.75 1.2 90
      vertex 12.1706 1.2 97.026
    endloop
  endfacet
  facet normal 0 1 0
    outer loop
      vertex 12.466 1.2 96.7306
      vertex 2.75 1.2 90
      vertex 12.3086 1.2 96.8686
    endloop
  endfacet
  facet normal 0 1 0
    outer loop
      vertex 12.64 1.2 96.6144
      vertex 2.75 1.2 90
      vertex 12.466 1.2 96.7306
    endloop
  endfacet
  facet normal 0 1 0
    outer loop
      vertex 12.8277 1.2 96.5218
      vertex 2.75 1.2 90
      vertex 12.64 1.2 96.6144
    endloop
  endfacet
  facet normal 0 1 0
    outer loop
      vertex 13.0259 1.2 96.4545
      vertex 2.75 1.2 90
      vertex 12.8277 1.2 96.5218
    endloop
  endfacet
  facet normal 0 1 0
    outer loop
      vertex 13.2312 1.2 96.4137
      vertex 2.75 1.2 90
      vertex 13.0259 1.2 96.4545
    endloop
  endfacet
  facet normal -0.442429 0 -0.896803
    outer loop
      vertex 14.0523 0 99.4782
      vertex 14.24 1.2 99.3856
      vertex 14.24 0 99.3856
    endloop
  endfacet
  facet normal -0.442429 0 -0.896803
    outer loop
      vertex 14.24 1.2 99.3856
      vertex 14.0523 0 99.4782
      vertex 14.0523 1.2 99.4782
    endloop
  endfacet
  facet normal -0.442429 0 -0.896803
    outer loop
      vertex 14.0523 31.3 99.4782
      vertex 14.24 34 99.3856
      vertex 14.24 31.3 99.3856
    endloop
  endfacet
  facet normal -0.442429 0 -0.896803
    outer loop
      vertex 14.24 34 99.3856
      vertex 14.0523 31.3 99.4782
      vertex 14.0523 34 99.4782
    endloop
  endfacet
  facet normal -0.980819 0 -0.194922
    outer loop
      vertex 15.0263 0 98.2088
      vertex 14.9855 1.2 98.4141
      vertex 15.0263 1.2 98.2088
    endloop
  endfacet
  facet normal -0.980819 -0 -0.194922
    outer loop
      vertex 14.9855 1.2 98.4141
      vertex 15.0263 0 98.2088
      vertex 14.9855 0 98.4141
    endloop
  endfacet
  facet normal -0.980819 0 -0.194922
    outer loop
      vertex 15.0263 31.3 98.2088
      vertex 14.9855 34 98.4141
      vertex 15.0263 34 98.2088
    endloop
  endfacet
  facet normal -0.980819 -0 -0.194922
    outer loop
      vertex 14.9855 34 98.4141
      vertex 15.0263 31.3 98.2088
      vertex 14.9855 31.3 98.4141
    endloop
  endfacet
  facet normal -0.997854 0 -0.0654722
    outer loop
      vertex 15.04 0 98
      vertex 15.0263 1.2 98.2088
      vertex 15.04 1.2 98
    endloop
  endfacet
  facet normal -0.997854 -0 -0.0654722
    outer loop
      vertex 15.0263 1.2 98.2088
      vertex 15.04 0 98
      vertex 15.0263 0 98.2088
    endloop
  endfacet
  facet normal -0.997854 0 -0.0654722
    outer loop
      vertex 15.04 31.3 98
      vertex 15.0263 34 98.2088
      vertex 15.04 34 98
    endloop
  endfacet
  facet normal -0.997854 -0 -0.0654722
    outer loop
      vertex 15.0263 34 98.2088
      vertex 15.04 31.3 98
      vertex 15.0263 31.3 98.2088
    endloop
  endfacet
  facet normal -0.321526 0 -0.946901
    outer loop
      vertex 13.8541 0 99.5455
      vertex 14.0523 1.2 99.4782
      vertex 14.0523 0 99.4782
    endloop
  endfacet
  facet normal -0.321526 0 -0.946901
    outer loop
      vertex 14.0523 1.2 99.4782
      vertex 13.8541 0 99.5455
      vertex 13.8541 1.2 99.5455
    endloop
  endfacet
  facet normal -0.321526 0 -0.946901
    outer loop
      vertex 13.8541 31.3 99.5455
      vertex 14.0523 34 99.4782
      vertex 14.0523 31.3 99.4782
    endloop
  endfacet
  facet normal -0.321526 0 -0.946901
    outer loop
      vertex 14.0523 34 99.4782
      vertex 13.8541 31.3 99.5455
      vertex 13.8541 34 99.5455
    endloop
  endfacet
  facet normal 0.751925 0 -0.659248
    outer loop
      vertex 12.3086 0 99.1314
      vertex 12.1706 1.2 98.974
      vertex 12.3086 1.2 99.1314
    endloop
  endfacet
  facet normal 0.751925 0 -0.659248
    outer loop
      vertex 12.1706 1.2 98.974
      vertex 12.3086 0 99.1314
      vertex 12.1706 0 98.974
    endloop
  endfacet
  facet normal 0.751925 0 -0.659248
    outer loop
      vertex 12.3086 31.3 99.1314
      vertex 12.1706 34 98.974
      vertex 12.3086 34 99.1314
    endloop
  endfacet
  facet normal 0.751925 0 -0.659248
    outer loop
      vertex 12.1706 34 98.974
      vertex 12.3086 31.3 99.1314
      vertex 12.1706 31.3 98.974
    endloop
  endfacet
  facet normal -0.831609 0 -0.555362
    outer loop
      vertex 14.8256 0 98.8
      vertex 14.7094 1.2 98.974
      vertex 14.8256 1.2 98.8
    endloop
  endfacet
  facet normal -0.831609 -0 -0.555362
    outer loop
      vertex 14.7094 1.2 98.974
      vertex 14.8256 0 98.8
      vertex 14.7094 0 98.974
    endloop
  endfacet
  facet normal -0.831609 0 -0.555362
    outer loop
      vertex 14.8256 31.3 98.8
      vertex 14.7094 34 98.974
      vertex 14.8256 34 98.8
    endloop
  endfacet
  facet normal -0.831609 -0 -0.555362
    outer loop
      vertex 14.7094 34 98.974
      vertex 14.8256 31.3 98.8
      vertex 14.7094 31.3 98.974
    endloop
  endfacet
  facet normal 0.194922 0 0.980819
    outer loop
      vertex 13.0259 1.2 96.4545
      vertex 13.2312 0 96.4137
      vertex 13.2312 1.2 96.4137
    endloop
  endfacet
  facet normal 0.194922 0 0.980819
    outer loop
      vertex 13.2312 0 96.4137
      vertex 13.0259 1.2 96.4545
      vertex 13.0259 0 96.4545
    endloop
  endfacet
  facet normal 0.194922 0 0.980819
    outer loop
      vertex 13.0259 34 96.4545
      vertex 13.2312 31.3 96.4137
      vertex 13.2312 34 96.4137
    endloop
  endfacet
  facet normal 0.194922 0 0.980819
    outer loop
      vertex 13.2312 31.3 96.4137
      vertex 13.0259 34 96.4545
      vertex 13.0259 31.3 96.4545
    endloop
  endfacet
  facet normal -0.946901 0 0.321526
    outer loop
      vertex 14.9182 0 97.3877
      vertex 14.9855 1.2 97.5859
      vertex 14.9182 1.2 97.3877
    endloop
  endfacet
  facet normal -0.946901 0 0.321526
    outer loop
      vertex 14.9855 1.2 97.5859
      vertex 14.9182 0 97.3877
      vertex 14.9855 0 97.5859
    endloop
  endfacet
  facet normal -0.946901 0 0.321526
    outer loop
      vertex 14.9182 31.3 97.3877
      vertex 14.9855 34 97.5859
      vertex 14.9182 34 97.3877
    endloop
  endfacet
  facet normal -0.946901 0 0.321526
    outer loop
      vertex 14.9855 34 97.5859
      vertex 14.9182 31.3 97.3877
      vertex 14.9855 31.3 97.5859
    endloop
  endfacet
  facet normal -0.751925 0 -0.659248
    outer loop
      vertex 14.7094 0 98.974
      vertex 14.5714 1.2 99.1314
      vertex 14.7094 1.2 98.974
    endloop
  endfacet
  facet normal -0.751925 -0 -0.659248
    outer loop
      vertex 14.5714 1.2 99.1314
      vertex 14.7094 0 98.974
      vertex 14.5714 0 99.1314
    endloop
  endfacet
  facet normal -0.751925 0 -0.659248
    outer loop
      vertex 14.7094 31.3 98.974
      vertex 14.5714 34 99.1314
      vertex 14.7094 34 98.974
    endloop
  endfacet
  facet normal -0.751925 -0 -0.659248
    outer loop
      vertex 14.5714 34 99.1314
      vertex 14.7094 31.3 98.974
      vertex 14.5714 31.3 99.1314
    endloop
  endfacet
  facet normal -0.659248 0 0.751925
    outer loop
      vertex 14.414 1.2 96.7306
      vertex 14.5714 0 96.8686
      vertex 14.5714 1.2 96.8686
    endloop
  endfacet
  facet normal -0.659248 0 0.751925
    outer loop
      vertex 14.5714 0 96.8686
      vertex 14.414 1.2 96.7306
      vertex 14.414 0 96.7306
    endloop
  endfacet
  facet normal -0.659248 0 0.751925
    outer loop
      vertex 14.414 34 96.7306
      vertex 14.5714 31.3 96.8686
      vertex 14.5714 34 96.8686
    endloop
  endfacet
  facet normal -0.659248 0 0.751925
    outer loop
      vertex 14.5714 31.3 96.8686
      vertex 14.414 34 96.7306
      vertex 14.414 31.3 96.7306
    endloop
  endfacet
  facet normal 0.946901 -0 0.321526
    outer loop
      vertex 11.8945 0 97.5859
      vertex 11.9618 1.2 97.3877
      vertex 11.8945 1.2 97.5859
    endloop
  endfacet
  facet normal 0.946901 0 0.321526
    outer loop
      vertex 11.9618 1.2 97.3877
      vertex 11.8945 0 97.5859
      vertex 11.9618 0 97.3877
    endloop
  endfacet
  facet normal 0.946901 -0 0.321526
    outer loop
      vertex 11.8945 31.3 97.5859
      vertex 11.9618 34 97.3877
      vertex 11.8945 34 97.5859
    endloop
  endfacet
  facet normal 0.946901 0 0.321526
    outer loop
      vertex 11.9618 34 97.3877
      vertex 11.8945 31.3 97.5859
      vertex 11.9618 31.3 97.3877
    endloop
  endfacet
  facet normal -0.946901 0 -0.321526
    outer loop
      vertex 14.9855 0 98.4141
      vertex 14.9182 1.2 98.6123
      vertex 14.9855 1.2 98.4141
    endloop
  endfacet
  facet normal -0.946901 -0 -0.321526
    outer loop
      vertex 14.9182 1.2 98.6123
      vertex 14.9855 0 98.4141
      vertex 14.9182 0 98.6123
    endloop
  endfacet
  facet normal -0.946901 0 -0.321526
    outer loop
      vertex 14.9855 31.3 98.4141
      vertex 14.9182 34 98.6123
      vertex 14.9855 34 98.4141
    endloop
  endfacet
  facet normal -0.946901 -0 -0.321526
    outer loop
      vertex 14.9182 34 98.6123
      vertex 14.9855 31.3 98.4141
      vertex 14.9182 31.3 98.6123
    endloop
  endfacet
  facet normal -0.321526 0 0.946901
    outer loop
      vertex 13.8541 1.2 96.4545
      vertex 14.0523 0 96.5218
      vertex 14.0523 1.2 96.5218
    endloop
  endfacet
  facet normal -0.321526 0 0.946901
    outer loop
      vertex 14.0523 0 96.5218
      vertex 13.8541 1.2 96.4545
      vertex 13.8541 0 96.4545
    endloop
  endfacet
  facet normal -0.321526 0 0.946901
    outer loop
      vertex 13.8541 34 96.4545
      vertex 14.0523 31.3 96.5218
      vertex 14.0523 34 96.5218
    endloop
  endfacet
  facet normal -0.321526 0 0.946901
    outer loop
      vertex 14.0523 31.3 96.5218
      vertex 13.8541 34 96.4545
      vertex 13.8541 31.3 96.4545
    endloop
  endfacet
  facet normal -0.194922 0 -0.980819
    outer loop
      vertex 13.6488 0 99.5863
      vertex 13.8541 1.2 99.5455
      vertex 13.8541 0 99.5455
    endloop
  endfacet
  facet normal -0.194922 0 -0.980819
    outer loop
      vertex 13.8541 1.2 99.5455
      vertex 13.6488 0 99.5863
      vertex 13.6488 1.2 99.5863
    endloop
  endfacet
  facet normal -0.194922 0 -0.980819
    outer loop
      vertex 13.6488 31.3 99.5863
      vertex 13.8541 34 99.5455
      vertex 13.8541 31.3 99.5455
    endloop
  endfacet
  facet normal -0.194922 0 -0.980819
    outer loop
      vertex 13.8541 34 99.5455
      vertex 13.6488 31.3 99.5863
      vertex 13.6488 34 99.5863
    endloop
  endfacet
  facet normal -0.555362 0 0.831609
    outer loop
      vertex 14.24 1.2 96.6144
      vertex 14.414 0 96.7306
      vertex 14.414 1.2 96.7306
    endloop
  endfacet
  facet normal -0.555362 0 0.831609
    outer loop
      vertex 14.414 0 96.7306
      vertex 14.24 1.2 96.6144
      vertex 14.24 0 96.6144
    endloop
  endfacet
  facet normal -0.555362 0 0.831609
    outer loop
      vertex 14.24 34 96.6144
      vertex 14.414 31.3 96.7306
      vertex 14.414 34 96.7306
    endloop
  endfacet
  facet normal -0.555362 0 0.831609
    outer loop
      vertex 14.414 31.3 96.7306
      vertex 14.24 34 96.6144
      vertex 14.24 31.3 96.6144
    endloop
  endfacet
  facet normal -0.896803 0 -0.442429
    outer loop
      vertex 14.9182 0 98.6123
      vertex 14.8256 1.2 98.8
      vertex 14.9182 1.2 98.6123
    endloop
  endfacet
  facet normal -0.896803 -0 -0.442429
    outer loop
      vertex 14.8256 1.2 98.8
      vertex 14.9182 0 98.6123
      vertex 14.8256 0 98.8
    endloop
  endfacet
  facet normal -0.896803 0 -0.442429
    outer loop
      vertex 14.9182 31.3 98.6123
      vertex 14.8256 34 98.8
      vertex 14.9182 34 98.6123
    endloop
  endfacet
  facet normal -0.896803 -0 -0.442429
    outer loop
      vertex 14.8256 34 98.8
      vertex 14.9182 31.3 98.6123
      vertex 14.8256 31.3 98.8
    endloop
  endfacet
  facet normal 0.442429 0 0.896803
    outer loop
      vertex 12.64 1.2 96.6144
      vertex 12.8277 0 96.5218
      vertex 12.8277 1.2 96.5218
    endloop
  endfacet
  facet normal 0.442429 0 0.896803
    outer loop
      vertex 12.8277 0 96.5218
      vertex 12.64 1.2 96.6144
      vertex 12.64 0 96.6144
    endloop
  endfacet
  facet normal 0.442429 0 0.896803
    outer loop
      vertex 12.64 34 96.6144
      vertex 12.8277 31.3 96.5218
      vertex 12.8277 34 96.5218
    endloop
  endfacet
  facet normal 0.442429 0 0.896803
    outer loop
      vertex 12.8277 31.3 96.5218
      vertex 12.64 34 96.6144
      vertex 12.64 31.3 96.6144
    endloop
  endfacet
  facet normal -0.442429 0 0.896803
    outer loop
      vertex 14.0523 1.2 96.5218
      vertex 14.24 0 96.6144
      vertex 14.24 1.2 96.6144
    endloop
  endfacet
  facet normal -0.442429 0 0.896803
    outer loop
      vertex 14.24 0 96.6144
      vertex 14.0523 1.2 96.5218
      vertex 14.0523 0 96.5218
    endloop
  endfacet
  facet normal -0.442429 0 0.896803
    outer loop
      vertex 14.0523 34 96.5218
      vertex 14.24 31.3 96.6144
      vertex 14.24 34 96.6144
    endloop
  endfacet
  facet normal -0.442429 0 0.896803
    outer loop
      vertex 14.24 31.3 96.6144
      vertex 14.0523 34 96.5218
      vertex 14.0523 31.3 96.5218
    endloop
  endfacet
  facet normal 0.980819 0 -0.194922
    outer loop
      vertex 11.8945 0 98.4141
      vertex 11.8537 1.2 98.2088
      vertex 11.8945 1.2 98.4141
    endloop
  endfacet
  facet normal 0.980819 0 -0.194922
    outer loop
      vertex 11.8537 1.2 98.2088
      vertex 11.8945 0 98.4141
      vertex 11.8537 0 98.2088
    endloop
  endfacet
  facet normal 0.980819 0 -0.194922
    outer loop
      vertex 11.8945 31.3 98.4141
      vertex 11.8537 34 98.2088
      vertex 11.8945 34 98.4141
    endloop
  endfacet
  facet normal 0.980819 0 -0.194922
    outer loop
      vertex 11.8537 34 98.2088
      vertex 11.8945 31.3 98.4141
      vertex 11.8537 31.3 98.2088
    endloop
  endfacet
  facet normal -0.997854 0 0.0654722
    outer loop
      vertex 15.0263 0 97.7912
      vertex 15.04 1.2 98
      vertex 15.0263 1.2 97.7912
    endloop
  endfacet
  facet normal -0.997854 0 0.0654722
    outer loop
      vertex 15.04 1.2 98
      vertex 15.0263 0 97.7912
      vertex 15.04 0 98
    endloop
  endfacet
  facet normal -0.997854 0 0.0654722
    outer loop
      vertex 15.0263 31.3 97.7912
      vertex 15.04 34 98
      vertex 15.0263 34 97.7912
    endloop
  endfacet
  facet normal -0.997854 0 0.0654722
    outer loop
      vertex 15.04 34 98
      vertex 15.0263 31.3 97.7912
      vertex 15.04 31.3 98
    endloop
  endfacet
  facet normal 0.194922 0 -0.980819
    outer loop
      vertex 13.0259 0 99.5455
      vertex 13.2312 1.2 99.5863
      vertex 13.2312 0 99.5863
    endloop
  endfacet
  facet normal 0.194922 0 -0.980819
    outer loop
      vertex 13.2312 1.2 99.5863
      vertex 13.0259 0 99.5455
      vertex 13.0259 1.2 99.5455
    endloop
  endfacet
  facet normal 0.194922 0 -0.980819
    outer loop
      vertex 13.0259 31.3 99.5455
      vertex 13.2312 34 99.5863
      vertex 13.2312 31.3 99.5863
    endloop
  endfacet
  facet normal 0.194922 0 -0.980819
    outer loop
      vertex 13.2312 34 99.5863
      vertex 13.0259 31.3 99.5455
      vertex 13.0259 34 99.5455
    endloop
  endfacet
  facet normal -0.751925 0 0.659248
    outer loop
      vertex 14.5714 0 96.8686
      vertex 14.7094 1.2 97.026
      vertex 14.5714 1.2 96.8686
    endloop
  endfacet
  facet normal -0.751925 0 0.659248
    outer loop
      vertex 14.7094 1.2 97.026
      vertex 14.5714 0 96.8686
      vertex 14.7094 0 97.026
    endloop
  endfacet
  facet normal -0.751925 0 0.659248
    outer loop
      vertex 14.5714 31.3 96.8686
      vertex 14.7094 34 97.026
      vertex 14.5714 34 96.8686
    endloop
  endfacet
  facet normal -0.751925 0 0.659248
    outer loop
      vertex 14.7094 34 97.026
      vertex 14.5714 31.3 96.8686
      vertex 14.7094 31.3 97.026
    endloop
  endfacet
  facet normal 0.555362 0 -0.831609
    outer loop
      vertex 12.466 0 99.2694
      vertex 12.64 1.2 99.3856
      vertex 12.64 0 99.3856
    endloop
  endfacet
  facet normal 0.555362 0 -0.831609
    outer loop
      vertex 12.64 1.2 99.3856
      vertex 12.466 0 99.2694
      vertex 12.466 1.2 99.2694
    endloop
  endfacet
  facet normal 0.555362 0 -0.831609
    outer loop
      vertex 12.466 31.3 99.2694
      vertex 12.64 34 99.3856
      vertex 12.64 31.3 99.3856
    endloop
  endfacet
  facet normal 0.555362 0 -0.831609
    outer loop
      vertex 12.64 34 99.3856
      vertex 12.466 31.3 99.2694
      vertex 12.466 34 99.2694
    endloop
  endfacet
  facet normal 0.659248 0 0.751925
    outer loop
      vertex 12.3086 1.2 96.8686
      vertex 12.466 0 96.7306
      vertex 12.466 1.2 96.7306
    endloop
  endfacet
  facet normal 0.659248 0 0.751925
    outer loop
      vertex 12.466 0 96.7306
      vertex 12.3086 1.2 96.8686
      vertex 12.3086 0 96.8686
    endloop
  endfacet
  facet normal 0.659248 0 0.751925
    outer loop
      vertex 12.3086 34 96.8686
      vertex 12.466 31.3 96.7306
      vertex 12.466 34 96.7306
    endloop
  endfacet
  facet normal 0.659248 0 0.751925
    outer loop
      vertex 12.466 31.3 96.7306
      vertex 12.3086 34 96.8686
      vertex 12.3086 31.3 96.8686
    endloop
  endfacet
  facet normal 0.321526 0 -0.946901
    outer loop
      vertex 12.8277 0 99.4782
      vertex 13.0259 1.2 99.5455
      vertex 13.0259 0 99.5455
    endloop
  endfacet
  facet normal 0.321526 0 -0.946901
    outer loop
      vertex 13.0259 1.2 99.5455
      vertex 12.8277 0 99.4782
      vertex 12.8277 1.2 99.4782
    endloop
  endfacet
  facet normal 0.321526 0 -0.946901
    outer loop
      vertex 12.8277 31.3 99.4782
      vertex 13.0259 34 99.5455
      vertex 13.0259 31.3 99.5455
    endloop
  endfacet
  facet normal 0.321526 0 -0.946901
    outer loop
      vertex 13.0259 34 99.5455
      vertex 12.8277 31.3 99.4782
      vertex 12.8277 34 99.4782
    endloop
  endfacet
  facet normal -0.896803 0 0.442429
    outer loop
      vertex 14.8256 0 97.2
      vertex 14.9182 1.2 97.3877
      vertex 14.8256 1.2 97.2
    endloop
  endfacet
  facet normal -0.896803 0 0.442429
    outer loop
      vertex 14.9182 1.2 97.3877
      vertex 14.8256 0 97.2
      vertex 14.9182 0 97.3877
    endloop
  endfacet
  facet normal -0.896803 0 0.442429
    outer loop
      vertex 14.8256 31.3 97.2
      vertex 14.9182 34 97.3877
      vertex 14.8256 34 97.2
    endloop
  endfacet
  facet normal -0.896803 0 0.442429
    outer loop
      vertex 14.9182 34 97.3877
      vertex 14.8256 31.3 97.2
      vertex 14.9182 31.3 97.3877
    endloop
  endfacet
  facet normal -0.555362 0 -0.831609
    outer loop
      vertex 14.24 0 99.3856
      vertex 14.414 1.2 99.2694
      vertex 14.414 0 99.2694
    endloop
  endfacet
  facet normal -0.555362 0 -0.831609
    outer loop
      vertex 14.414 1.2 99.2694
      vertex 14.24 0 99.3856
      vertex 14.24 1.2 99.3856
    endloop
  endfacet
  facet normal -0.555362 0 -0.831609
    outer loop
      vertex 14.24 31.3 99.3856
      vertex 14.414 34 99.2694
      vertex 14.414 31.3 99.2694
    endloop
  endfacet
  facet normal -0.555362 0 -0.831609
    outer loop
      vertex 14.414 34 99.2694
      vertex 14.24 31.3 99.3856
      vertex 14.24 34 99.3856
    endloop
  endfacet
  facet normal -0.0654722 0 -0.997854
    outer loop
      vertex 13.44 0 99.6
      vertex 13.6488 1.2 99.5863
      vertex 13.6488 0 99.5863
    endloop
  endfacet
  facet normal -0.0654722 0 -0.997854
    outer loop
      vertex 13.6488 1.2 99.5863
      vertex 13.44 0 99.6
      vertex 13.44 1.2 99.6
    endloop
  endfacet
  facet normal -0.0654722 0 -0.997854
    outer loop
      vertex 13.44 31.3 99.6
      vertex 13.6488 34 99.5863
      vertex 13.6488 31.3 99.5863
    endloop
  endfacet
  facet normal -0.0654722 0 -0.997854
    outer loop
      vertex 13.6488 34 99.5863
      vertex 13.44 31.3 99.6
      vertex 13.44 34 99.6
    endloop
  endfacet
  facet normal 0.997854 0 -0.0654722
    outer loop
      vertex 11.8537 0 98.2088
      vertex 11.84 1.2 98
      vertex 11.8537 1.2 98.2088
    endloop
  endfacet
  facet normal 0.997854 0 -0.0654722
    outer loop
      vertex 11.84 1.2 98
      vertex 11.8537 0 98.2088
      vertex 11.84 0 98
    endloop
  endfacet
  facet normal 0.997854 0 -0.0654722
    outer loop
      vertex 11.8537 31.3 98.2088
      vertex 11.84 34 98
      vertex 11.8537 34 98.2088
    endloop
  endfacet
  facet normal 0.997854 0 -0.0654722
    outer loop
      vertex 11.84 34 98
      vertex 11.8537 31.3 98.2088
      vertex 11.84 31.3 98
    endloop
  endfacet
  facet normal 0.442429 0 -0.896803
    outer loop
      vertex 12.64 0 99.3856
      vertex 12.8277 1.2 99.4782
      vertex 12.8277 0 99.4782
    endloop
  endfacet
  facet normal 0.442429 0 -0.896803
    outer loop
      vertex 12.8277 1.2 99.4782
      vertex 12.64 0 99.3856
      vertex 12.64 1.2 99.3856
    endloop
  endfacet
  facet normal 0.442429 0 -0.896803
    outer loop
      vertex 12.64 31.3 99.3856
      vertex 12.8277 34 99.4782
      vertex 12.8277 31.3 99.4782
    endloop
  endfacet
  facet normal 0.442429 0 -0.896803
    outer loop
      vertex 12.8277 34 99.4782
      vertex 12.64 31.3 99.3856
      vertex 12.64 34 99.3856
    endloop
  endfacet
  facet normal 0.659248 0 -0.751925
    outer loop
      vertex 12.3086 0 99.1314
      vertex 12.466 1.2 99.2694
      vertex 12.466 0 99.2694
    endloop
  endfacet
  facet normal 0.659248 0 -0.751925
    outer loop
      vertex 12.466 1.2 99.2694
      vertex 12.3086 0 99.1314
      vertex 12.3086 1.2 99.1314
    endloop
  endfacet
  facet normal 0.659248 0 -0.751925
    outer loop
      vertex 12.3086 31.3 99.1314
      vertex 12.466 34 99.2694
      vertex 12.466 31.3 99.2694
    endloop
  endfacet
  facet normal 0.659248 0 -0.751925
    outer loop
      vertex 12.466 34 99.2694
      vertex 12.3086 31.3 99.1314
      vertex 12.3086 34 99.1314
    endloop
  endfacet
  facet normal 0.0654722 0 0.997854
    outer loop
      vertex 13.2312 34 96.4137
      vertex 13.44 31.3 96.4
      vertex 13.44 34 96.4
    endloop
  endfacet
  facet normal 0.0654722 0 0.997854
    outer loop
      vertex 13.44 31.3 96.4
      vertex 13.2312 34 96.4137
      vertex 13.2312 31.3 96.4137
    endloop
  endfacet
  facet normal 0.0654722 0 0.997854
    outer loop
      vertex 13.2312 1.2 96.4137
      vertex 13.44 0 96.4
      vertex 13.44 1.2 96.4
    endloop
  endfacet
  facet normal 0.0654722 0 0.997854
    outer loop
      vertex 13.44 0 96.4
      vertex 13.2312 1.2 96.4137
      vertex 13.2312 0 96.4137
    endloop
  endfacet
  facet normal -0.194922 0 0.980819
    outer loop
      vertex 13.6488 1.2 96.4137
      vertex 13.8541 0 96.4545
      vertex 13.8541 1.2 96.4545
    endloop
  endfacet
  facet normal -0.194922 0 0.980819
    outer loop
      vertex 13.8541 0 96.4545
      vertex 13.6488 1.2 96.4137
      vertex 13.6488 0 96.4137
    endloop
  endfacet
  facet normal -0.194922 0 0.980819
    outer loop
      vertex 13.6488 34 96.4137
      vertex 13.8541 31.3 96.4545
      vertex 13.8541 34 96.4545
    endloop
  endfacet
  facet normal -0.194922 0 0.980819
    outer loop
      vertex 13.8541 31.3 96.4545
      vertex 13.6488 34 96.4137
      vertex 13.6488 31.3 96.4137
    endloop
  endfacet
  facet normal 0.831609 -0 0.555362
    outer loop
      vertex 12.0544 0 97.2
      vertex 12.1706 1.2 97.026
      vertex 12.0544 1.2 97.2
    endloop
  endfacet
  facet normal 0.831609 0 0.555362
    outer loop
      vertex 12.1706 1.2 97.026
      vertex 12.0544 0 97.2
      vertex 12.1706 0 97.026
    endloop
  endfacet
  facet normal 0.831609 -0 0.555362
    outer loop
      vertex 12.0544 31.3 97.2
      vertex 12.1706 34 97.026
      vertex 12.0544 34 97.2
    endloop
  endfacet
  facet normal 0.831609 0 0.555362
    outer loop
      vertex 12.1706 34 97.026
      vertex 12.0544 31.3 97.2
      vertex 12.1706 31.3 97.026
    endloop
  endfacet
  facet normal -0.980819 0 0.194922
    outer loop
      vertex 14.9855 0 97.5859
      vertex 15.0263 1.2 97.7912
      vertex 14.9855 1.2 97.5859
    endloop
  endfacet
  facet normal -0.980819 0 0.194922
    outer loop
      vertex 15.0263 1.2 97.7912
      vertex 14.9855 0 97.5859
      vertex 15.0263 0 97.7912
    endloop
  endfacet
  facet normal -0.980819 0 0.194922
    outer loop
      vertex 14.9855 31.3 97.5859
      vertex 15.0263 34 97.7912
      vertex 14.9855 34 97.5859
    endloop
  endfacet
  facet normal -0.980819 0 0.194922
    outer loop
      vertex 15.0263 34 97.7912
      vertex 14.9855 31.3 97.5859
      vertex 15.0263 31.3 97.7912
    endloop
  endfacet
  facet normal 0.896803 -0 0.442429
    outer loop
      vertex 11.9618 0 97.3877
      vertex 12.0544 1.2 97.2
      vertex 11.9618 1.2 97.3877
    endloop
  endfacet
  facet normal 0.896803 0 0.442429
    outer loop
      vertex 12.0544 1.2 97.2
      vertex 11.9618 0 97.3877
      vertex 12.0544 0 97.2
    endloop
  endfacet
  facet normal 0.896803 -0 0.442429
    outer loop
      vertex 11.9618 31.3 97.3877
      vertex 12.0544 34 97.2
      vertex 11.9618 34 97.3877
    endloop
  endfacet
  facet normal 0.896803 0 0.442429
    outer loop
      vertex 12.0544 34 97.2
      vertex 11.9618 31.3 97.3877
      vertex 12.0544 31.3 97.2
    endloop
  endfacet
  facet normal 0.946901 0 -0.321526
    outer loop
      vertex 11.9618 0 98.6123
      vertex 11.8945 1.2 98.4141
      vertex 11.9618 1.2 98.6123
    endloop
  endfacet
  facet normal 0.946901 0 -0.321526
    outer loop
      vertex 11.8945 1.2 98.4141
      vertex 11.9618 0 98.6123
      vertex 11.8945 0 98.4141
    endloop
  endfacet
  facet normal 0.946901 0 -0.321526
    outer loop
      vertex 11.9618 31.3 98.6123
      vertex 11.8945 34 98.4141
      vertex 11.9618 34 98.6123
    endloop
  endfacet
  facet normal 0.946901 0 -0.321526
    outer loop
      vertex 11.8945 34 98.4141
      vertex 11.9618 31.3 98.6123
      vertex 11.8945 31.3 98.4141
    endloop
  endfacet
  facet normal -0.659248 0 -0.751925
    outer loop
      vertex 14.414 0 99.2694
      vertex 14.5714 1.2 99.1314
      vertex 14.5714 0 99.1314
    endloop
  endfacet
  facet normal -0.659248 0 -0.751925
    outer loop
      vertex 14.5714 1.2 99.1314
      vertex 14.414 0 99.2694
      vertex 14.414 1.2 99.2694
    endloop
  endfacet
  facet normal -0.659248 0 -0.751925
    outer loop
      vertex 14.414 31.3 99.2694
      vertex 14.5714 34 99.1314
      vertex 14.5714 31.3 99.1314
    endloop
  endfacet
  facet normal -0.659248 0 -0.751925
    outer loop
      vertex 14.5714 34 99.1314
      vertex 14.414 31.3 99.2694
      vertex 14.414 34 99.2694
    endloop
  endfacet
  facet normal -0.831609 0 0.555362
    outer loop
      vertex 14.7094 0 97.026
      vertex 14.8256 1.2 97.2
      vertex 14.7094 1.2 97.026
    endloop
  endfacet
  facet normal -0.831609 0 0.555362
    outer loop
      vertex 14.8256 1.2 97.2
      vertex 14.7094 0 97.026
      vertex 14.8256 0 97.2
    endloop
  endfacet
  facet normal -0.831609 0 0.555362
    outer loop
      vertex 14.7094 31.3 97.026
      vertex 14.8256 34 97.2
      vertex 14.7094 34 97.026
    endloop
  endfacet
  facet normal -0.831609 0 0.555362
    outer loop
      vertex 14.8256 34 97.2
      vertex 14.7094 31.3 97.026
      vertex 14.8256 31.3 97.2
    endloop
  endfacet
  facet normal 0.321526 0 0.946901
    outer loop
      vertex 12.8277 1.2 96.5218
      vertex 13.0259 0 96.4545
      vertex 13.0259 1.2 96.4545
    endloop
  endfacet
  facet normal 0.321526 0 0.946901
    outer loop
      vertex 13.0259 0 96.4545
      vertex 12.8277 1.2 96.5218
      vertex 12.8277 0 96.5218
    endloop
  endfacet
  facet normal 0.321526 0 0.946901
    outer loop
      vertex 12.8277 34 96.5218
      vertex 13.0259 31.3 96.4545
      vertex 13.0259 34 96.4545
    endloop
  endfacet
  facet normal 0.321526 0 0.946901
    outer loop
      vertex 13.0259 31.3 96.4545
      vertex 12.8277 34 96.5218
      vertex 12.8277 31.3 96.5218
    endloop
  endfacet
  facet normal 0.980819 -0 0.194922
    outer loop
      vertex 11.8537 0 97.7912
      vertex 11.8945 1.2 97.5859
      vertex 11.8537 1.2 97.7912
    endloop
  endfacet
  facet normal 0.980819 0 0.194922
    outer loop
      vertex 11.8945 1.2 97.5859
      vertex 11.8537 0 97.7912
      vertex 11.8945 0 97.5859
    endloop
  endfacet
  facet normal 0.980819 -0 0.194922
    outer loop
      vertex 11.8537 31.3 97.7912
      vertex 11.8945 34 97.5859
      vertex 11.8537 34 97.7912
    endloop
  endfacet
  facet normal 0.980819 0 0.194922
    outer loop
      vertex 11.8945 34 97.5859
      vertex 11.8537 31.3 97.7912
      vertex 11.8945 31.3 97.5859
    endloop
  endfacet
  facet normal 0.0654722 0 -0.997854
    outer loop
      vertex 13.2312 0 99.5863
      vertex 13.44 1.2 99.6
      vertex 13.44 0 99.6
    endloop
  endfacet
  facet normal 0.0654722 0 -0.997854
    outer loop
      vertex 13.44 1.2 99.6
      vertex 13.2312 0 99.5863
      vertex 13.2312 1.2 99.5863
    endloop
  endfacet
  facet normal 0.0654722 0 -0.997854
    outer loop
      vertex 13.2312 31.3 99.5863
      vertex 13.44 34 99.6
      vertex 13.44 31.3 99.6
    endloop
  endfacet
  facet normal 0.0654722 0 -0.997854
    outer loop
      vertex 13.44 34 99.6
      vertex 13.2312 31.3 99.5863
      vertex 13.2312 34 99.5863
    endloop
  endfacet
  facet normal 0.896803 0 -0.442429
    outer loop
      vertex 12.0544 0 98.8
      vertex 11.9618 1.2 98.6123
      vertex 12.0544 1.2 98.8
    endloop
  endfacet
  facet normal 0.896803 0 -0.442429
    outer loop
      vertex 11.9618 1.2 98.6123
      vertex 12.0544 0 98.8
      vertex 11.9618 0 98.6123
    endloop
  endfacet
  facet normal 0.896803 0 -0.442429
    outer loop
      vertex 12.0544 31.3 98.8
      vertex 11.9618 34 98.6123
      vertex 12.0544 34 98.8
    endloop
  endfacet
  facet normal 0.896803 0 -0.442429
    outer loop
      vertex 11.9618 34 98.6123
      vertex 12.0544 31.3 98.8
      vertex 11.9618 31.3 98.6123
    endloop
  endfacet
  facet normal 0.751925 -0 0.659248
    outer loop
      vertex 12.1706 0 97.026
      vertex 12.3086 1.2 96.8686
      vertex 12.1706 1.2 97.026
    endloop
  endfacet
  facet normal 0.751925 0 0.659248
    outer loop
      vertex 12.3086 1.2 96.8686
      vertex 12.1706 0 97.026
      vertex 12.3086 0 96.8686
    endloop
  endfacet
  facet normal 0.751925 -0 0.659248
    outer loop
      vertex 12.1706 31.3 97.026
      vertex 12.3086 34 96.8686
      vertex 12.1706 34 97.026
    endloop
  endfacet
  facet normal 0.751925 0 0.659248
    outer loop
      vertex 12.3086 34 96.8686
      vertex 12.1706 31.3 97.026
      vertex 12.3086 31.3 96.8686
    endloop
  endfacet
  facet normal 0.555362 0 0.831609
    outer loop
      vertex 12.466 1.2 96.7306
      vertex 12.64 0 96.6144
      vertex 12.64 1.2 96.6144
    endloop
  endfacet
  facet normal 0.555362 0 0.831609
    outer loop
      vertex 12.64 0 96.6144
      vertex 12.466 1.2 96.7306
      vertex 12.466 0 96.7306
    endloop
  endfacet
  facet normal 0.555362 0 0.831609
    outer loop
      vertex 12.466 34 96.7306
      vertex 12.64 31.3 96.6144
      vertex 12.64 34 96.6144
    endloop
  endfacet
  facet normal 0.555362 0 0.831609
    outer loop
      vertex 12.64 31.3 96.6144
      vertex 12.466 34 96.7306
      vertex 12.466 31.3 96.7306
    endloop
  endfacet
  facet normal 0.997854 -0 0.0654722
    outer loop
      vertex 11.84 0 98
      vertex 11.8537 1.2 97.7912
      vertex 11.84 1.2 98
    endloop
  endfacet
  facet normal 0.997854 0 0.0654722
    outer loop
      vertex 11.8537 1.2 97.7912
      vertex 11.84 0 98
      vertex 11.8537 0 97.7912
    endloop
  endfacet
  facet normal 0.997854 -0 0.0654722
    outer loop
      vertex 11.84 31.3 98
      vertex 11.8537 34 97.7912
      vertex 11.84 34 98
    endloop
  endfacet
  facet normal 0.997854 0 0.0654722
    outer loop
      vertex 11.8537 34 97.7912
      vertex 11.84 31.3 98
      vertex 11.8537 31.3 97.7912
    endloop
  endfacet
  facet normal -0.0654722 0 0.997854
    outer loop
      vertex 13.44 34 96.4
      vertex 13.6488 31.3 96.4137
      vertex 13.6488 34 96.4137
    endloop
  endfacet
  facet normal -0.0654722 0 0.997854
    outer loop
      vertex 13.6488 31.3 96.4137
      vertex 13.44 34 96.4
      vertex 13.44 31.3 96.4
    endloop
  endfacet
  facet normal -0.0654722 0 0.997854
    outer loop
      vertex 13.44 1.2 96.4
      vertex 13.6488 0 96.4137
      vertex 13.6488 1.2 96.4137
    endloop
  endfacet
  facet normal -0.0654722 0 0.997854
    outer loop
      vertex 13.6488 0 96.4137
      vertex 13.44 1.2 96.4
      vertex 13.44 0 96.4
    endloop
  endfacet
  facet normal 0.831609 0 -0.555362
    outer loop
      vertex 12.1706 0 98.974
      vertex 12.0544 1.2 98.8
      vertex 12.1706 1.2 98.974
    endloop
  endfacet
  facet normal 0.831609 0 -0.555362
    outer loop
      vertex 12.0544 1.2 98.8
      vertex 12.1706 0 98.974
      vertex 12.0544 0 98.8
    endloop
  endfacet
  facet normal 0.831609 0 -0.555362
    outer loop
      vertex 12.1706 31.3 98.974
      vertex 12.0544 34 98.8
      vertex 12.1706 34 98.974
    endloop
  endfacet
  facet normal 0.831609 0 -0.555362
    outer loop
      vertex 12.0544 34 98.8
      vertex 12.1706 31.3 98.974
      vertex 12.0544 31.3 98.8
    endloop
  endfacet
  facet normal -0.980819 0 -0.194922
    outer loop
      vertex 36.1463 0 98.2088
      vertex 36.1055 1.2 98.4141
      vertex 36.1463 1.2 98.2088
    endloop
  endfacet
  facet normal -0.980819 -0 -0.194922
    outer loop
      vertex 36.1055 1.2 98.4141
      vertex 36.1463 0 98.2088
      vertex 36.1055 0 98.4141
    endloop
  endfacet
  facet normal -0.980819 0 -0.194922
    outer loop
      vertex 36.1463 31.3 98.2088
      vertex 36.1055 34 98.4141
      vertex 36.1463 34 98.2088
    endloop
  endfacet
  facet normal -0.980819 -0 -0.194922
    outer loop
      vertex 36.1055 34 98.4141
      vertex 36.1463 31.3 98.2088
      vertex 36.1055 31.3 98.4141
    endloop
  endfacet
  facet normal -0.997854 0 -0.0654722
    outer loop
      vertex 36.16 0 98
      vertex 36.1463 1.2 98.2088
      vertex 36.16 1.2 98
    endloop
  endfacet
  facet normal -0.997854 -0 -0.0654722
    outer loop
      vertex 36.1463 1.2 98.2088
      vertex 36.16 0 98
      vertex 36.1463 0 98.2088
    endloop
  endfacet
  facet normal -0.997854 0 -0.0654722
    outer loop
      vertex 36.16 31.3 98
      vertex 36.1463 34 98.2088
      vertex 36.16 34 98
    endloop
  endfacet
  facet normal -0.997854 -0 -0.0654722
    outer loop
      vertex 36.1463 34 98.2088
      vertex 36.16 31.3 98
      vertex 36.1463 31.3 98.2088
    endloop
  endfacet
  facet normal -0.751925 0 -0.659248
    outer loop
      vertex 35.8294 0 98.974
      vertex 35.6914 1.2 99.1314
      vertex 35.8294 1.2 98.974
    endloop
  endfacet
  facet normal -0.751925 -0 -0.659248
    outer loop
      vertex 35.6914 1.2 99.1314
      vertex 35.8294 0 98.974
      vertex 35.6914 0 99.1314
    endloop
  endfacet
  facet normal -0.751925 0 -0.659248
    outer loop
      vertex 35.8294 31.3 98.974
      vertex 35.6914 34 99.1314
      vertex 35.8294 34 98.974
    endloop
  endfacet
  facet normal -0.751925 -0 -0.659248
    outer loop
      vertex 35.6914 34 99.1314
      vertex 35.8294 31.3 98.974
      vertex 35.6914 31.3 99.1314
    endloop
  endfacet
  facet normal -0.0654722 0 -0.997854
    outer loop
      vertex 34.56 0 99.6
      vertex 34.7688 1.2 99.5863
      vertex 34.7688 0 99.5863
    endloop
  endfacet
  facet normal -0.0654722 0 -0.997854
    outer loop
      vertex 34.7688 1.2 99.5863
      vertex 34.56 0 99.6
      vertex 34.56 1.2 99.6
    endloop
  endfacet
  facet normal -0.0654722 0 -0.997854
    outer loop
      vertex 34.56 31.3 99.6
      vertex 34.7688 34 99.5863
      vertex 34.7688 31.3 99.5863
    endloop
  endfacet
  facet normal -0.0654722 0 -0.997854
    outer loop
      vertex 34.7688 34 99.5863
      vertex 34.56 31.3 99.6
      vertex 34.56 34 99.6
    endloop
  endfacet
  facet normal 0.831609 0 -0.555362
    outer loop
      vertex 33.2906 0 98.974
      vertex 33.1744 1.2 98.8
      vertex 33.2906 1.2 98.974
    endloop
  endfacet
  facet normal 0.831609 0 -0.555362
    outer loop
      vertex 33.1744 1.2 98.8
      vertex 33.2906 0 98.974
      vertex 33.1744 0 98.8
    endloop
  endfacet
  facet normal 0.831609 0 -0.555362
    outer loop
      vertex 33.2906 31.3 98.974
      vertex 33.1744 34 98.8
      vertex 33.2906 34 98.974
    endloop
  endfacet
  facet normal 0.831609 0 -0.555362
    outer loop
      vertex 33.1744 34 98.8
      vertex 33.2906 31.3 98.974
      vertex 33.1744 31.3 98.8
    endloop
  endfacet
  facet normal -0.831609 0 0.555362
    outer loop
      vertex 35.8294 0 97.026
      vertex 35.9456 1.2 97.2
      vertex 35.8294 1.2 97.026
    endloop
  endfacet
  facet normal -0.831609 0 0.555362
    outer loop
      vertex 35.9456 1.2 97.2
      vertex 35.8294 0 97.026
      vertex 35.9456 0 97.2
    endloop
  endfacet
  facet normal -0.831609 0 0.555362
    outer loop
      vertex 35.8294 31.3 97.026
      vertex 35.9456 34 97.2
      vertex 35.8294 34 97.026
    endloop
  endfacet
  facet normal -0.831609 0 0.555362
    outer loop
      vertex 35.9456 34 97.2
      vertex 35.8294 31.3 97.026
      vertex 35.9456 31.3 97.2
    endloop
  endfacet
  facet normal -0.659248 0 -0.751925
    outer loop
      vertex 35.534 0 99.2694
      vertex 35.6914 1.2 99.1314
      vertex 35.6914 0 99.1314
    endloop
  endfacet
  facet normal -0.659248 0 -0.751925
    outer loop
      vertex 35.6914 1.2 99.1314
      vertex 35.534 0 99.2694
      vertex 35.534 1.2 99.2694
    endloop
  endfacet
  facet normal -0.659248 0 -0.751925
    outer loop
      vertex 35.534 31.3 99.2694
      vertex 35.6914 34 99.1314
      vertex 35.6914 31.3 99.1314
    endloop
  endfacet
  facet normal -0.659248 0 -0.751925
    outer loop
      vertex 35.6914 34 99.1314
      vertex 35.534 31.3 99.2694
      vertex 35.534 34 99.2694
    endloop
  endfacet
  facet normal -0.980819 0 0.194922
    outer loop
      vertex 36.1055 0 97.5859
      vertex 36.1463 1.2 97.7912
      vertex 36.1055 1.2 97.5859
    endloop
  endfacet
  facet normal -0.980819 0 0.194922
    outer loop
      vertex 36.1463 1.2 97.7912
      vertex 36.1055 0 97.5859
      vertex 36.1463 0 97.7912
    endloop
  endfacet
  facet normal -0.980819 0 0.194922
    outer loop
      vertex 36.1055 31.3 97.5859
      vertex 36.1463 34 97.7912
      vertex 36.1055 34 97.5859
    endloop
  endfacet
  facet normal -0.980819 0 0.194922
    outer loop
      vertex 36.1463 34 97.7912
      vertex 36.1055 31.3 97.5859
      vertex 36.1463 31.3 97.7912
    endloop
  endfacet
  facet normal 0.751925 0 -0.659248
    outer loop
      vertex 33.4286 0 99.1314
      vertex 33.2906 1.2 98.974
      vertex 33.4286 1.2 99.1314
    endloop
  endfacet
  facet normal 0.751925 0 -0.659248
    outer loop
      vertex 33.2906 1.2 98.974
      vertex 33.4286 0 99.1314
      vertex 33.2906 0 98.974
    endloop
  endfacet
  facet normal 0.751925 0 -0.659248
    outer loop
      vertex 33.4286 31.3 99.1314
      vertex 33.2906 34 98.974
      vertex 33.4286 34 99.1314
    endloop
  endfacet
  facet normal 0.751925 0 -0.659248
    outer loop
      vertex 33.2906 34 98.974
      vertex 33.4286 31.3 99.1314
      vertex 33.2906 31.3 98.974
    endloop
  endfacet
  facet normal 0.442429 0 0.896803
    outer loop
      vertex 33.76 1.2 96.6144
      vertex 33.9477 0 96.5218
      vertex 33.9477 1.2 96.5218
    endloop
  endfacet
  facet normal 0.442429 0 0.896803
    outer loop
      vertex 33.9477 0 96.5218
      vertex 33.76 1.2 96.6144
      vertex 33.76 0 96.6144
    endloop
  endfacet
  facet normal 0.442429 0 0.896803
    outer loop
      vertex 33.76 34 96.6144
      vertex 33.9477 31.3 96.5218
      vertex 33.9477 34 96.5218
    endloop
  endfacet
  facet normal 0.442429 0 0.896803
    outer loop
      vertex 33.9477 31.3 96.5218
      vertex 33.76 34 96.6144
      vertex 33.76 31.3 96.6144
    endloop
  endfacet
  facet normal -0.321526 0 -0.946901
    outer loop
      vertex 34.9741 0 99.5455
      vertex 35.1723 1.2 99.4782
      vertex 35.1723 0 99.4782
    endloop
  endfacet
  facet normal -0.321526 0 -0.946901
    outer loop
      vertex 35.1723 1.2 99.4782
      vertex 34.9741 0 99.5455
      vertex 34.9741 1.2 99.5455
    endloop
  endfacet
  facet normal -0.321526 0 -0.946901
    outer loop
      vertex 34.9741 31.3 99.5455
      vertex 35.1723 34 99.4782
      vertex 35.1723 31.3 99.4782
    endloop
  endfacet
  facet normal -0.321526 0 -0.946901
    outer loop
      vertex 35.1723 34 99.4782
      vertex 34.9741 31.3 99.5455
      vertex 34.9741 34 99.5455
    endloop
  endfacet
  facet normal 0.751925 -0 0.659248
    outer loop
      vertex 33.2906 0 97.026
      vertex 33.4286 1.2 96.8686
      vertex 33.2906 1.2 97.026
    endloop
  endfacet
  facet normal 0.751925 0 0.659248
    outer loop
      vertex 33.4286 1.2 96.8686
      vertex 33.2906 0 97.026
      vertex 33.4286 0 96.8686
    endloop
  endfacet
  facet normal 0.751925 -0 0.659248
    outer loop
      vertex 33.2906 31.3 97.026
      vertex 33.4286 34 96.8686
      vertex 33.2906 34 97.026
    endloop
  endfacet
  facet normal 0.751925 0 0.659248
    outer loop
      vertex 33.4286 34 96.8686
      vertex 33.2906 31.3 97.026
      vertex 33.4286 31.3 96.8686
    endloop
  endfacet
  facet normal -0.946901 0 0.321526
    outer loop
      vertex 36.0382 0 97.3877
      vertex 36.1055 1.2 97.5859
      vertex 36.0382 1.2 97.3877
    endloop
  endfacet
  facet normal -0.946901 0 0.321526
    outer loop
      vertex 36.1055 1.2 97.5859
      vertex 36.0382 0 97.3877
      vertex 36.1055 0 97.5859
    endloop
  endfacet
  facet normal -0.946901 0 0.321526
    outer loop
      vertex 36.0382 31.3 97.3877
      vertex 36.1055 34 97.5859
      vertex 36.0382 34 97.3877
    endloop
  endfacet
  facet normal -0.946901 0 0.321526
    outer loop
      vertex 36.1055 34 97.5859
      vertex 36.0382 31.3 97.3877
      vertex 36.1055 31.3 97.5859
    endloop
  endfacet
  facet normal -0.831609 0 -0.555362
    outer loop
      vertex 35.9456 0 98.8
      vertex 35.8294 1.2 98.974
      vertex 35.9456 1.2 98.8
    endloop
  endfacet
  facet normal -0.831609 -0 -0.555362
    outer loop
      vertex 35.8294 1.2 98.974
      vertex 35.9456 0 98.8
      vertex 35.8294 0 98.974
    endloop
  endfacet
  facet normal -0.831609 0 -0.555362
    outer loop
      vertex 35.9456 31.3 98.8
      vertex 35.8294 34 98.974
      vertex 35.9456 34 98.8
    endloop
  endfacet
  facet normal -0.831609 -0 -0.555362
    outer loop
      vertex 35.8294 34 98.974
      vertex 35.9456 31.3 98.8
      vertex 35.8294 31.3 98.974
    endloop
  endfacet
  facet normal -0.946901 0 -0.321526
    outer loop
      vertex 36.1055 0 98.4141
      vertex 36.0382 1.2 98.6123
      vertex 36.1055 1.2 98.4141
    endloop
  endfacet
  facet normal -0.946901 -0 -0.321526
    outer loop
      vertex 36.0382 1.2 98.6123
      vertex 36.1055 0 98.4141
      vertex 36.0382 0 98.6123
    endloop
  endfacet
  facet normal -0.946901 0 -0.321526
    outer loop
      vertex 36.1055 31.3 98.4141
      vertex 36.0382 34 98.6123
      vertex 36.1055 34 98.4141
    endloop
  endfacet
  facet normal -0.946901 -0 -0.321526
    outer loop
      vertex 36.0382 34 98.6123
      vertex 36.1055 31.3 98.4141
      vertex 36.0382 31.3 98.6123
    endloop
  endfacet
  facet normal -0.659248 0 0.751925
    outer loop
      vertex 35.534 1.2 96.7306
      vertex 35.6914 0 96.8686
      vertex 35.6914 1.2 96.8686
    endloop
  endfacet
  facet normal -0.659248 0 0.751925
    outer loop
      vertex 35.6914 0 96.8686
      vertex 35.534 1.2 96.7306
      vertex 35.534 0 96.7306
    endloop
  endfacet
  facet normal -0.659248 0 0.751925
    outer loop
      vertex 35.534 34 96.7306
      vertex 35.6914 31.3 96.8686
      vertex 35.6914 34 96.8686
    endloop
  endfacet
  facet normal -0.659248 0 0.751925
    outer loop
      vertex 35.6914 31.3 96.8686
      vertex 35.534 34 96.7306
      vertex 35.534 31.3 96.7306
    endloop
  endfacet
  facet normal 0.946901 -0 0.321526
    outer loop
      vertex 33.0145 0 97.5859
      vertex 33.0818 1.2 97.3877
      vertex 33.0145 1.2 97.5859
    endloop
  endfacet
  facet normal 0.946901 0 0.321526
    outer loop
      vertex 33.0818 1.2 97.3877
      vertex 33.0145 0 97.5859
      vertex 33.0818 0 97.3877
    endloop
  endfacet
  facet normal 0.946901 -0 0.321526
    outer loop
      vertex 33.0145 31.3 97.5859
      vertex 33.0818 34 97.3877
      vertex 33.0145 34 97.5859
    endloop
  endfacet
  facet normal 0.946901 0 0.321526
    outer loop
      vertex 33.0818 34 97.3877
      vertex 33.0145 31.3 97.5859
      vertex 33.0818 31.3 97.3877
    endloop
  endfacet
  facet normal 0.442429 0 -0.896803
    outer loop
      vertex 33.76 0 99.3856
      vertex 33.9477 1.2 99.4782
      vertex 33.9477 0 99.4782
    endloop
  endfacet
  facet normal 0.442429 0 -0.896803
    outer loop
      vertex 33.9477 1.2 99.4782
      vertex 33.76 0 99.3856
      vertex 33.76 1.2 99.3856
    endloop
  endfacet
  facet normal 0.442429 0 -0.896803
    outer loop
      vertex 33.76 31.3 99.3856
      vertex 33.9477 34 99.4782
      vertex 33.9477 31.3 99.4782
    endloop
  endfacet
  facet normal 0.442429 0 -0.896803
    outer loop
      vertex 33.9477 34 99.4782
      vertex 33.76 31.3 99.3856
      vertex 33.76 34 99.3856
    endloop
  endfacet
  facet normal -0.442429 0 -0.896803
    outer loop
      vertex 35.1723 0 99.4782
      vertex 35.36 1.2 99.3856
      vertex 35.36 0 99.3856
    endloop
  endfacet
  facet normal -0.442429 0 -0.896803
    outer loop
      vertex 35.36 1.2 99.3856
      vertex 35.1723 0 99.4782
      vertex 35.1723 1.2 99.4782
    endloop
  endfacet
  facet normal -0.442429 0 -0.896803
    outer loop
      vertex 35.1723 31.3 99.4782
      vertex 35.36 34 99.3856
      vertex 35.36 31.3 99.3856
    endloop
  endfacet
  facet normal -0.442429 0 -0.896803
    outer loop
      vertex 35.36 34 99.3856
      vertex 35.1723 31.3 99.4782
      vertex 35.1723 34 99.4782
    endloop
  endfacet
  facet normal -0.896803 0 -0.442429
    outer loop
      vertex 36.0382 0 98.6123
      vertex 35.9456 1.2 98.8
      vertex 36.0382 1.2 98.6123
    endloop
  endfacet
  facet normal -0.896803 -0 -0.442429
    outer loop
      vertex 35.9456 1.2 98.8
      vertex 36.0382 0 98.6123
      vertex 35.9456 0 98.8
    endloop
  endfacet
  facet normal -0.896803 0 -0.442429
    outer loop
      vertex 36.0382 31.3 98.6123
      vertex 35.9456 34 98.8
      vertex 36.0382 34 98.6123
    endloop
  endfacet
  facet normal -0.896803 -0 -0.442429
    outer loop
      vertex 35.9456 34 98.8
      vertex 36.0382 31.3 98.6123
      vertex 35.9456 31.3 98.8
    endloop
  endfacet
  facet normal 0.555362 0 -0.831609
    outer loop
      vertex 33.586 0 99.2694
      vertex 33.76 1.2 99.3856
      vertex 33.76 0 99.3856
    endloop
  endfacet
  facet normal 0.555362 0 -0.831609
    outer loop
      vertex 33.76 1.2 99.3856
      vertex 33.586 0 99.2694
      vertex 33.586 1.2 99.2694
    endloop
  endfacet
  facet normal 0.555362 0 -0.831609
    outer loop
      vertex 33.586 31.3 99.2694
      vertex 33.76 34 99.3856
      vertex 33.76 31.3 99.3856
    endloop
  endfacet
  facet normal 0.555362 0 -0.831609
    outer loop
      vertex 33.76 34 99.3856
      vertex 33.586 31.3 99.2694
      vertex 33.586 34 99.2694
    endloop
  endfacet
  facet normal -0.321526 0 0.946901
    outer loop
      vertex 34.9741 1.2 96.4545
      vertex 35.1723 0 96.5218
      vertex 35.1723 1.2 96.5218
    endloop
  endfacet
  facet normal -0.321526 0 0.946901
    outer loop
      vertex 35.1723 0 96.5218
      vertex 34.9741 1.2 96.4545
      vertex 34.9741 0 96.4545
    endloop
  endfacet
  facet normal -0.321526 0 0.946901
    outer loop
      vertex 34.9741 34 96.4545
      vertex 35.1723 31.3 96.5218
      vertex 35.1723 34 96.5218
    endloop
  endfacet
  facet normal -0.321526 0 0.946901
    outer loop
      vertex 35.1723 31.3 96.5218
      vertex 34.9741 34 96.4545
      vertex 34.9741 31.3 96.4545
    endloop
  endfacet
  facet normal 0.980819 -0 0.194922
    outer loop
      vertex 32.9737 0 97.7912
      vertex 33.0145 1.2 97.5859
      vertex 32.9737 1.2 97.7912
    endloop
  endfacet
  facet normal 0.980819 0 0.194922
    outer loop
      vertex 33.0145 1.2 97.5859
      vertex 32.9737 0 97.7912
      vertex 33.0145 0 97.5859
    endloop
  endfacet
  facet normal 0.980819 -0 0.194922
    outer loop
      vertex 32.9737 31.3 97.7912
      vertex 33.0145 34 97.5859
      vertex 32.9737 34 97.7912
    endloop
  endfacet
  facet normal 0.980819 0 0.194922
    outer loop
      vertex 33.0145 34 97.5859
      vertex 32.9737 31.3 97.7912
      vertex 33.0145 31.3 97.5859
    endloop
  endfacet
  facet normal 0.659248 0 0.751925
    outer loop
      vertex 33.4286 1.2 96.8686
      vertex 33.586 0 96.7306
      vertex 33.586 1.2 96.7306
    endloop
  endfacet
  facet normal 0.659248 0 0.751925
    outer loop
      vertex 33.586 0 96.7306
      vertex 33.4286 1.2 96.8686
      vertex 33.4286 0 96.8686
    endloop
  endfacet
  facet normal 0.659248 0 0.751925
    outer loop
      vertex 33.4286 34 96.8686
      vertex 33.586 31.3 96.7306
      vertex 33.586 34 96.7306
    endloop
  endfacet
  facet normal 0.659248 0 0.751925
    outer loop
      vertex 33.586 31.3 96.7306
      vertex 33.4286 34 96.8686
      vertex 33.4286 31.3 96.8686
    endloop
  endfacet
  facet normal 0.997854 0 -0.0654722
    outer loop
      vertex 32.9737 0 98.2088
      vertex 32.96 1.2 98
      vertex 32.9737 1.2 98.2088
    endloop
  endfacet
  facet normal 0.997854 0 -0.0654722
    outer loop
      vertex 32.96 1.2 98
      vertex 32.9737 0 98.2088
      vertex 32.96 0 98
    endloop
  endfacet
  facet normal 0.997854 0 -0.0654722
    outer loop
      vertex 32.9737 31.3 98.2088
      vertex 32.96 34 98
      vertex 32.9737 34 98.2088
    endloop
  endfacet
  facet normal 0.997854 0 -0.0654722
    outer loop
      vertex 32.96 34 98
      vertex 32.9737 31.3 98.2088
      vertex 32.96 31.3 98
    endloop
  endfacet
  facet normal 0.896803 0 -0.442429
    outer loop
      vertex 33.1744 0 98.8
      vertex 33.0818 1.2 98.6123
      vertex 33.1744 1.2 98.8
    endloop
  endfacet
  facet normal 0.896803 0 -0.442429
    outer loop
      vertex 33.0818 1.2 98.6123
      vertex 33.1744 0 98.8
      vertex 33.0818 0 98.6123
    endloop
  endfacet
  facet normal 0.896803 0 -0.442429
    outer loop
      vertex 33.1744 31.3 98.8
      vertex 33.0818 34 98.6123
      vertex 33.1744 34 98.8
    endloop
  endfacet
  facet normal 0.896803 0 -0.442429
    outer loop
      vertex 33.0818 34 98.6123
      vertex 33.1744 31.3 98.8
      vertex 33.0818 31.3 98.6123
    endloop
  endfacet
  facet normal 0.321526 0 -0.946901
    outer loop
      vertex 33.9477 0 99.4782
      vertex 34.1459 1.2 99.5455
      vertex 34.1459 0 99.5455
    endloop
  endfacet
  facet normal 0.321526 0 -0.946901
    outer loop
      vertex 34.1459 1.2 99.5455
      vertex 33.9477 0 99.4782
      vertex 33.9477 1.2 99.4782
    endloop
  endfacet
  facet normal 0.321526 0 -0.946901
    outer loop
      vertex 33.9477 31.3 99.4782
      vertex 34.1459 34 99.5455
      vertex 34.1459 31.3 99.5455
    endloop
  endfacet
  facet normal 0.321526 0 -0.946901
    outer loop
      vertex 34.1459 34 99.5455
      vertex 33.9477 31.3 99.4782
      vertex 33.9477 34 99.4782
    endloop
  endfacet
  facet normal -0.194922 0 -0.980819
    outer loop
      vertex 34.7688 0 99.5863
      vertex 34.9741 1.2 99.5455
      vertex 34.9741 0 99.5455
    endloop
  endfacet
  facet normal -0.194922 0 -0.980819
    outer loop
      vertex 34.9741 1.2 99.5455
      vertex 34.7688 0 99.5863
      vertex 34.7688 1.2 99.5863
    endloop
  endfacet
  facet normal -0.194922 0 -0.980819
    outer loop
      vertex 34.7688 31.3 99.5863
      vertex 34.9741 34 99.5455
      vertex 34.9741 31.3 99.5455
    endloop
  endfacet
  facet normal -0.194922 0 -0.980819
    outer loop
      vertex 34.9741 34 99.5455
      vertex 34.7688 31.3 99.5863
      vertex 34.7688 34 99.5863
    endloop
  endfacet
  facet normal 0.194922 0 -0.980819
    outer loop
      vertex 34.1459 0 99.5455
      vertex 34.3512 1.2 99.5863
      vertex 34.3512 0 99.5863
    endloop
  endfacet
  facet normal 0.194922 0 -0.980819
    outer loop
      vertex 34.3512 1.2 99.5863
      vertex 34.1459 0 99.5455
      vertex 34.1459 1.2 99.5455
    endloop
  endfacet
  facet normal 0.194922 0 -0.980819
    outer loop
      vertex 34.1459 31.3 99.5455
      vertex 34.3512 34 99.5863
      vertex 34.3512 31.3 99.5863
    endloop
  endfacet
  facet normal 0.194922 0 -0.980819
    outer loop
      vertex 34.3512 34 99.5863
      vertex 34.1459 31.3 99.5455
      vertex 34.1459 34 99.5455
    endloop
  endfacet
  facet normal 0.0654722 0 -0.997854
    outer loop
      vertex 34.3512 0 99.5863
      vertex 34.56 1.2 99.6
      vertex 34.56 0 99.6
    endloop
  endfacet
  facet normal 0.0654722 0 -0.997854
    outer loop
      vertex 34.56 1.2 99.6
      vertex 34.3512 0 99.5863
      vertex 34.3512 1.2 99.5863
    endloop
  endfacet
  facet normal 0.0654722 0 -0.997854
    outer loop
      vertex 34.3512 31.3 99.5863
      vertex 34.56 34 99.6
      vertex 34.56 31.3 99.6
    endloop
  endfacet
  facet normal 0.0654722 0 -0.997854
    outer loop
      vertex 34.56 34 99.6
      vertex 34.3512 31.3 99.5863
      vertex 34.3512 34 99.5863
    endloop
  endfacet
  facet normal -0.555362 0 -0.831609
    outer loop
      vertex 35.36 0 99.3856
      vertex 35.534 1.2 99.2694
      vertex 35.534 0 99.2694
    endloop
  endfacet
  facet normal -0.555362 0 -0.831609
    outer loop
      vertex 35.534 1.2 99.2694
      vertex 35.36 0 99.3856
      vertex 35.36 1.2 99.3856
    endloop
  endfacet
  facet normal -0.555362 0 -0.831609
    outer loop
      vertex 35.36 31.3 99.3856
      vertex 35.534 34 99.2694
      vertex 35.534 31.3 99.2694
    endloop
  endfacet
  facet normal -0.555362 0 -0.831609
    outer loop
      vertex 35.534 34 99.2694
      vertex 35.36 31.3 99.3856
      vertex 35.36 34 99.3856
    endloop
  endfacet
  facet normal 0.997854 -0 0.0654722
    outer loop
      vertex 32.96 0 98
      vertex 32.9737 1.2 97.7912
      vertex 32.96 1.2 98
    endloop
  endfacet
  facet normal 0.997854 0 0.0654722
    outer loop
      vertex 32.9737 1.2 97.7912
      vertex 32.96 0 98
      vertex 32.9737 0 97.7912
    endloop
  endfacet
  facet normal 0.997854 -0 0.0654722
    outer loop
      vertex 32.96 31.3 98
      vertex 32.9737 34 97.7912
      vertex 32.96 34 98
    endloop
  endfacet
  facet normal 0.997854 0 0.0654722
    outer loop
      vertex 32.9737 34 97.7912
      vertex 32.96 31.3 98
      vertex 32.9737 31.3 97.7912
    endloop
  endfacet
  facet normal 0.980819 0 -0.194922
    outer loop
      vertex 33.0145 0 98.4141
      vertex 32.9737 1.2 98.2088
      vertex 33.0145 1.2 98.4141
    endloop
  endfacet
  facet normal 0.980819 0 -0.194922
    outer loop
      vertex 32.9737 1.2 98.2088
      vertex 33.0145 0 98.4141
      vertex 32.9737 0 98.2088
    endloop
  endfacet
  facet normal 0.980819 0 -0.194922
    outer loop
      vertex 33.0145 31.3 98.4141
      vertex 32.9737 34 98.2088
      vertex 33.0145 34 98.4141
    endloop
  endfacet
  facet normal 0.980819 0 -0.194922
    outer loop
      vertex 32.9737 34 98.2088
      vertex 33.0145 31.3 98.4141
      vertex 32.9737 31.3 98.2088
    endloop
  endfacet
  facet normal -0.555362 0 0.831609
    outer loop
      vertex 35.36 1.2 96.6144
      vertex 35.534 0 96.7306
      vertex 35.534 1.2 96.7306
    endloop
  endfacet
  facet normal -0.555362 0 0.831609
    outer loop
      vertex 35.534 0 96.7306
      vertex 35.36 1.2 96.6144
      vertex 35.36 0 96.6144
    endloop
  endfacet
  facet normal -0.555362 0 0.831609
    outer loop
      vertex 35.36 34 96.6144
      vertex 35.534 31.3 96.7306
      vertex 35.534 34 96.7306
    endloop
  endfacet
  facet normal -0.555362 0 0.831609
    outer loop
      vertex 35.534 31.3 96.7306
      vertex 35.36 34 96.6144
      vertex 35.36 31.3 96.6144
    endloop
  endfacet
  facet normal 0.946901 0 -0.321526
    outer loop
      vertex 33.0818 0 98.6123
      vertex 33.0145 1.2 98.4141
      vertex 33.0818 1.2 98.6123
    endloop
  endfacet
  facet normal 0.946901 0 -0.321526
    outer loop
      vertex 33.0145 1.2 98.4141
      vertex 33.0818 0 98.6123
      vertex 33.0145 0 98.4141
    endloop
  endfacet
  facet normal 0.946901 0 -0.321526
    outer loop
      vertex 33.0818 31.3 98.6123
      vertex 33.0145 34 98.4141
      vertex 33.0818 34 98.6123
    endloop
  endfacet
  facet normal 0.946901 0 -0.321526
    outer loop
      vertex 33.0145 34 98.4141
      vertex 33.0818 31.3 98.6123
      vertex 33.0145 31.3 98.4141
    endloop
  endfacet
  facet normal 0.0654722 0 0.997854
    outer loop
      vertex 34.3512 34 96.4137
      vertex 34.56 31.3 96.4
      vertex 34.56 34 96.4
    endloop
  endfacet
  facet normal 0.0654722 0 0.997854
    outer loop
      vertex 34.56 31.3 96.4
      vertex 34.3512 34 96.4137
      vertex 34.3512 31.3 96.4137
    endloop
  endfacet
  facet normal 0.0654722 0 0.997854
    outer loop
      vertex 34.3512 1.2 96.4137
      vertex 34.56 0 96.4
      vertex 34.56 1.2 96.4
    endloop
  endfacet
  facet normal 0.0654722 0 0.997854
    outer loop
      vertex 34.56 0 96.4
      vertex 34.3512 1.2 96.4137
      vertex 34.3512 0 96.4137
    endloop
  endfacet
  facet normal 0.659248 0 -0.751925
    outer loop
      vertex 33.4286 0 99.1314
      vertex 33.586 1.2 99.2694
      vertex 33.586 0 99.2694
    endloop
  endfacet
  facet normal 0.659248 0 -0.751925
    outer loop
      vertex 33.586 1.2 99.2694
      vertex 33.4286 0 99.1314
      vertex 33.4286 1.2 99.1314
    endloop
  endfacet
  facet normal 0.659248 0 -0.751925
    outer loop
      vertex 33.4286 31.3 99.1314
      vertex 33.586 34 99.2694
      vertex 33.586 31.3 99.2694
    endloop
  endfacet
  facet normal 0.659248 0 -0.751925
    outer loop
      vertex 33.586 34 99.2694
      vertex 33.4286 31.3 99.1314
      vertex 33.4286 34 99.1314
    endloop
  endfacet
  facet normal 0.194922 0 0.980819
    outer loop
      vertex 34.1459 1.2 96.4545
      vertex 34.3512 0 96.4137
      vertex 34.3512 1.2 96.4137
    endloop
  endfacet
  facet normal 0.194922 0 0.980819
    outer loop
      vertex 34.3512 0 96.4137
      vertex 34.1459 1.2 96.4545
      vertex 34.1459 0 96.4545
    endloop
  endfacet
  facet normal 0.194922 0 0.980819
    outer loop
      vertex 34.1459 34 96.4545
      vertex 34.3512 31.3 96.4137
      vertex 34.3512 34 96.4137
    endloop
  endfacet
  facet normal 0.194922 0 0.980819
    outer loop
      vertex 34.3512 31.3 96.4137
      vertex 34.1459 34 96.4545
      vertex 34.1459 31.3 96.4545
    endloop
  endfacet
  facet normal -0.442429 0 0.896803
    outer loop
      vertex 35.1723 1.2 96.5218
      vertex 35.36 0 96.6144
      vertex 35.36 1.2 96.6144
    endloop
  endfacet
  facet normal -0.442429 0 0.896803
    outer loop
      vertex 35.36 0 96.6144
      vertex 35.1723 1.2 96.5218
      vertex 35.1723 0 96.5218
    endloop
  endfacet
  facet normal -0.442429 0 0.896803
    outer loop
      vertex 35.1723 34 96.5218
      vertex 35.36 31.3 96.6144
      vertex 35.36 34 96.6144
    endloop
  endfacet
  facet normal -0.442429 0 0.896803
    outer loop
      vertex 35.36 31.3 96.6144
      vertex 35.1723 34 96.5218
      vertex 35.1723 31.3 96.5218
    endloop
  endfacet
  facet normal -0.997854 0 0.0654722
    outer loop
      vertex 36.1463 0 97.7912
      vertex 36.16 1.2 98
      vertex 36.1463 1.2 97.7912
    endloop
  endfacet
  facet normal -0.997854 0 0.0654722
    outer loop
      vertex 36.16 1.2 98
      vertex 36.1463 0 97.7912
      vertex 36.16 0 98
    endloop
  endfacet
  facet normal -0.997854 0 0.0654722
    outer loop
      vertex 36.1463 31.3 97.7912
      vertex 36.16 34 98
      vertex 36.1463 34 97.7912
    endloop
  endfacet
  facet normal -0.997854 0 0.0654722
    outer loop
      vertex 36.16 34 98
      vertex 36.1463 31.3 97.7912
      vertex 36.16 31.3 98
    endloop
  endfacet
  facet normal -0.194922 0 0.980819
    outer loop
      vertex 34.7688 1.2 96.4137
      vertex 34.9741 0 96.4545
      vertex 34.9741 1.2 96.4545
    endloop
  endfacet
  facet normal -0.194922 0 0.980819
    outer loop
      vertex 34.9741 0 96.4545
      vertex 34.7688 1.2 96.4137
      vertex 34.7688 0 96.4137
    endloop
  endfacet
  facet normal -0.194922 0 0.980819
    outer loop
      vertex 34.7688 34 96.4137
      vertex 34.9741 31.3 96.4545
      vertex 34.9741 34 96.4545
    endloop
  endfacet
  facet normal -0.194922 0 0.980819
    outer loop
      vertex 34.9741 31.3 96.4545
      vertex 34.7688 34 96.4137
      vertex 34.7688 31.3 96.4137
    endloop
  endfacet
  facet normal -0.896803 0 0.442429
    outer loop
      vertex 35.9456 0 97.2
      vertex 36.0382 1.2 97.3877
      vertex 35.9456 1.2 97.2
    endloop
  endfacet
  facet normal -0.896803 0 0.442429
    outer loop
      vertex 36.0382 1.2 97.3877
      vertex 35.9456 0 97.2
      vertex 36.0382 0 97.3877
    endloop
  endfacet
  facet normal -0.896803 0 0.442429
    outer loop
      vertex 35.9456 31.3 97.2
      vertex 36.0382 34 97.3877
      vertex 35.9456 34 97.2
    endloop
  endfacet
  facet normal -0.896803 0 0.442429
    outer loop
      vertex 36.0382 34 97.3877
      vertex 35.9456 31.3 97.2
      vertex 36.0382 31.3 97.3877
    endloop
  endfacet
  facet normal 0.555362 0 0.831609
    outer loop
      vertex 33.586 1.2 96.7306
      vertex 33.76 0 96.6144
      vertex 33.76 1.2 96.6144
    endloop
  endfacet
  facet normal 0.555362 0 0.831609
    outer loop
      vertex 33.76 0 96.6144
      vertex 33.586 1.2 96.7306
      vertex 33.586 0 96.7306
    endloop
  endfacet
  facet normal 0.555362 0 0.831609
    outer loop
      vertex 33.586 34 96.7306
      vertex 33.76 31.3 96.6144
      vertex 33.76 34 96.6144
    endloop
  endfacet
  facet normal 0.555362 0 0.831609
    outer loop
      vertex 33.76 31.3 96.6144
      vertex 33.586 34 96.7306
      vertex 33.586 31.3 96.7306
    endloop
  endfacet
  facet normal -0.0654722 0 0.997854
    outer loop
      vertex 34.56 34 96.4
      vertex 34.7688 31.3 96.4137
      vertex 34.7688 34 96.4137
    endloop
  endfacet
  facet normal -0.0654722 0 0.997854
    outer loop
      vertex 34.7688 31.3 96.4137
      vertex 34.56 34 96.4
      vertex 34.56 31.3 96.4
    endloop
  endfacet
  facet normal -0.0654722 0 0.997854
    outer loop
      vertex 34.56 1.2 96.4
      vertex 34.7688 0 96.4137
      vertex 34.7688 1.2 96.4137
    endloop
  endfacet
  facet normal -0.0654722 0 0.997854
    outer loop
      vertex 34.7688 0 96.4137
      vertex 34.56 1.2 96.4
      vertex 34.56 0 96.4
    endloop
  endfacet
  facet normal 0.321526 0 0.946901
    outer loop
      vertex 33.9477 1.2 96.5218
      vertex 34.1459 0 96.4545
      vertex 34.1459 1.2 96.4545
    endloop
  endfacet
  facet normal 0.321526 0 0.946901
    outer loop
      vertex 34.1459 0 96.4545
      vertex 33.9477 1.2 96.5218
      vertex 33.9477 0 96.5218
    endloop
  endfacet
  facet normal 0.321526 0 0.946901
    outer loop
      vertex 33.9477 34 96.5218
      vertex 34.1459 31.3 96.4545
      vertex 34.1459 34 96.4545
    endloop
  endfacet
  facet normal 0.321526 0 0.946901
    outer loop
      vertex 34.1459 31.3 96.4545
      vertex 33.9477 34 96.5218
      vertex 33.9477 31.3 96.5218
    endloop
  endfacet
  facet normal -0.751925 0 0.659248
    outer loop
      vertex 35.6914 0 96.8686
      vertex 35.8294 1.2 97.026
      vertex 35.6914 1.2 96.8686
    endloop
  endfacet
  facet normal -0.751925 0 0.659248
    outer loop
      vertex 35.8294 1.2 97.026
      vertex 35.6914 0 96.8686
      vertex 35.8294 0 97.026
    endloop
  endfacet
  facet normal -0.751925 0 0.659248
    outer loop
      vertex 35.6914 31.3 96.8686
      vertex 35.8294 34 97.026
      vertex 35.6914 34 96.8686
    endloop
  endfacet
  facet normal -0.751925 0 0.659248
    outer loop
      vertex 35.8294 34 97.026
      vertex 35.6914 31.3 96.8686
      vertex 35.8294 31.3 97.026
    endloop
  endfacet
  facet normal 0.896803 -0 0.442429
    outer loop
      vertex 33.0818 0 97.3877
      vertex 33.1744 1.2 97.2
      vertex 33.0818 1.2 97.3877
    endloop
  endfacet
  facet normal 0.896803 0 0.442429
    outer loop
      vertex 33.1744 1.2 97.2
      vertex 33.0818 0 97.3877
      vertex 33.1744 0 97.2
    endloop
  endfacet
  facet normal 0.896803 -0 0.442429
    outer loop
      vertex 33.0818 31.3 97.3877
      vertex 33.1744 34 97.2
      vertex 33.0818 34 97.3877
    endloop
  endfacet
  facet normal 0.896803 0 0.442429
    outer loop
      vertex 33.1744 34 97.2
      vertex 33.0818 31.3 97.3877
      vertex 33.1744 31.3 97.2
    endloop
  endfacet
  facet normal 0.831609 -0 0.555362
    outer loop
      vertex 33.1744 0 97.2
      vertex 33.2906 1.2 97.026
      vertex 33.1744 1.2 97.2
    endloop
  endfacet
  facet normal 0.831609 0 0.555362
    outer loop
      vertex 33.2906 1.2 97.026
      vertex 33.1744 0 97.2
      vertex 33.2906 0 97.026
    endloop
  endfacet
  facet normal 0.831609 -0 0.555362
    outer loop
      vertex 33.1744 31.3 97.2
      vertex 33.2906 34 97.026
      vertex 33.1744 34 97.2
    endloop
  endfacet
  facet normal 0.831609 0 0.555362
    outer loop
      vertex 33.2906 34 97.026
      vertex 33.1744 31.3 97.2
      vertex 33.2906 31.3 97.026
    endloop
  endfacet
  facet normal -0.440119 0 -0.897939
    outer loop
      vertex 14.0523 0 213.478
      vertex 14.24 1.2 213.386
      vertex 14.24 0 213.386
    endloop
  endfacet
  facet normal -0.440119 0 -0.897939
    outer loop
      vertex 14.24 1.2 213.386
      vertex 14.0523 0 213.478
      vertex 14.0523 1.2 213.478
    endloop
  endfacet
  facet normal -0.440119 0 -0.897939
    outer loop
      vertex 14.0523 31.3 213.478
      vertex 14.24 34 213.386
      vertex 14.24 31.3 213.386
    endloop
  endfacet
  facet normal -0.440119 0 -0.897939
    outer loop
      vertex 14.24 34 213.386
      vertex 14.0523 31.3 213.478
      vertex 14.0523 34 213.478
    endloop
  endfacet
  facet normal -0.997858 0 -0.0654099
    outer loop
      vertex 15.04 0 212
      vertex 15.0263 1.2 212.209
      vertex 15.04 1.2 212
    endloop
  endfacet
  facet normal -0.997858 -0 -0.0654099
    outer loop
      vertex 15.0263 1.2 212.209
      vertex 15.04 0 212
      vertex 15.0263 0 212.209
    endloop
  endfacet
  facet normal -0.997858 0 -0.0654099
    outer loop
      vertex 15.04 31.3 212
      vertex 15.0263 34 212.209
      vertex 15.04 34 212
    endloop
  endfacet
  facet normal -0.997858 -0 -0.0654099
    outer loop
      vertex 15.0263 34 212.209
      vertex 15.04 31.3 212
      vertex 15.0263 31.3 212.209
    endloop
  endfacet
  facet normal -0.32024 0 -0.947336
    outer loop
      vertex 13.8541 0 213.545
      vertex 14.0523 1.2 213.478
      vertex 14.0523 0 213.478
    endloop
  endfacet
  facet normal -0.32024 0 -0.947336
    outer loop
      vertex 14.0523 1.2 213.478
      vertex 13.8541 0 213.545
      vertex 13.8541 1.2 213.545
    endloop
  endfacet
  facet normal -0.32024 0 -0.947336
    outer loop
      vertex 13.8541 31.3 213.545
      vertex 14.0523 34 213.478
      vertex 14.0523 31.3 213.478
    endloop
  endfacet
  facet normal -0.32024 0 -0.947336
    outer loop
      vertex 14.0523 34 213.478
      vertex 13.8541 31.3 213.545
      vertex 13.8541 34 213.545
    endloop
  endfacet
  facet normal 0.751093 0 -0.660196
    outer loop
      vertex 12.3086 0 213.131
      vertex 12.1706 1.2 212.974
      vertex 12.3086 1.2 213.131
    endloop
  endfacet
  facet normal 0.751093 0 -0.660196
    outer loop
      vertex 12.1706 1.2 212.974
      vertex 12.3086 0 213.131
      vertex 12.1706 0 212.974
    endloop
  endfacet
  facet normal 0.751093 0 -0.660196
    outer loop
      vertex 12.3086 31.3 213.131
      vertex 12.1706 34 212.974
      vertex 12.3086 34 213.131
    endloop
  endfacet
  facet normal 0.751093 0 -0.660196
    outer loop
      vertex 12.1706 34 212.974
      vertex 12.3086 31.3 213.131
      vertex 12.1706 31.3 212.974
    endloop
  endfacet
  facet normal -0.831609 0 -0.555362
    outer loop
      vertex 14.8256 0 212.8
      vertex 14.7094 1.2 212.974
      vertex 14.8256 1.2 212.8
    endloop
  endfacet
  facet normal -0.831609 -0 -0.555362
    outer loop
      vertex 14.7094 1.2 212.974
      vertex 14.8256 0 212.8
      vertex 14.7094 0 212.974
    endloop
  endfacet
  facet normal -0.831609 0 -0.555362
    outer loop
      vertex 14.8256 31.3 212.8
      vertex 14.7094 34 212.974
      vertex 14.8256 34 212.8
    endloop
  endfacet
  facet normal -0.831609 -0 -0.555362
    outer loop
      vertex 14.7094 34 212.974
      vertex 14.8256 31.3 212.8
      vertex 14.7094 31.3 212.974
    endloop
  endfacet
  facet normal 0.195841 0 0.980636
    outer loop
      vertex 13.0259 1.2 210.455
      vertex 13.2312 0 210.414
      vertex 13.2312 1.2 210.414
    endloop
  endfacet
  facet normal 0.195841 0 0.980636
    outer loop
      vertex 13.2312 0 210.414
      vertex 13.0259 1.2 210.455
      vertex 13.0259 0 210.455
    endloop
  endfacet
  facet normal 0.195841 0 0.980636
    outer loop
      vertex 13.0259 34 210.455
      vertex 13.2312 31.3 210.414
      vertex 13.2312 34 210.414
    endloop
  endfacet
  facet normal 0.195841 0 0.980636
    outer loop
      vertex 13.2312 31.3 210.414
      vertex 13.0259 34 210.455
      vertex 13.0259 31.3 210.455
    endloop
  endfacet
  facet normal -0.946802 0 0.321817
    outer loop
      vertex 14.9182 0 211.388
      vertex 14.9855 1.2 211.586
      vertex 14.9182 1.2 211.388
    endloop
  endfacet
  facet normal -0.946802 0 0.321817
    outer loop
      vertex 14.9855 1.2 211.586
      vertex 14.9182 0 211.388
      vertex 14.9855 0 211.586
    endloop
  endfacet
  facet normal -0.946802 0 0.321817
    outer loop
      vertex 14.9182 31.3 211.388
      vertex 14.9855 34 211.586
      vertex 14.9182 34 211.388
    endloop
  endfacet
  facet normal -0.946802 0 0.321817
    outer loop
      vertex 14.9855 34 211.586
      vertex 14.9182 31.3 211.388
      vertex 14.9855 31.3 211.586
    endloop
  endfacet
  facet normal -0.751093 0 -0.660196
    outer loop
      vertex 14.7094 0 212.974
      vertex 14.5714 1.2 213.131
      vertex 14.7094 1.2 212.974
    endloop
  endfacet
  facet normal -0.751093 -0 -0.660196
    outer loop
      vertex 14.5714 1.2 213.131
      vertex 14.7094 0 212.974
      vertex 14.5714 0 213.131
    endloop
  endfacet
  facet normal -0.751093 0 -0.660196
    outer loop
      vertex 14.7094 31.3 212.974
      vertex 14.5714 34 213.131
      vertex 14.7094 34 212.974
    endloop
  endfacet
  facet normal -0.751093 -0 -0.660196
    outer loop
      vertex 14.5714 34 213.131
      vertex 14.7094 31.3 212.974
      vertex 14.5714 31.3 213.131
    endloop
  endfacet
  facet normal -0.659248 0 0.751925
    outer loop
      vertex 14.414 1.2 210.731
      vertex 14.5714 0 210.869
      vertex 14.5714 1.2 210.869
    endloop
  endfacet
  facet normal -0.659248 0 0.751925
    outer loop
      vertex 14.5714 0 210.869
      vertex 14.414 1.2 210.731
      vertex 14.414 0 210.731
    endloop
  endfacet
  facet normal -0.659248 0 0.751925
    outer loop
      vertex 14.414 34 210.731
      vertex 14.5714 31.3 210.869
      vertex 14.5714 34 210.869
    endloop
  endfacet
  facet normal -0.659248 0 0.751925
    outer loop
      vertex 14.5714 31.3 210.869
      vertex 14.414 34 210.731
      vertex 14.414 31.3 210.731
    endloop
  endfacet
  facet normal 0.946802 -0 0.321817
    outer loop
      vertex 11.8945 0 211.586
      vertex 11.9618 1.2 211.388
      vertex 11.8945 1.2 211.586
    endloop
  endfacet
  facet normal 0.946802 0 0.321817
    outer loop
      vertex 11.9618 1.2 211.388
      vertex 11.8945 0 211.586
      vertex 11.9618 0 211.388
    endloop
  endfacet
  facet normal 0.946802 -0 0.321817
    outer loop
      vertex 11.8945 31.3 211.586
      vertex 11.9618 34 211.388
      vertex 11.8945 34 211.586
    endloop
  endfacet
  facet normal 0.946802 0 0.321817
    outer loop
      vertex 11.9618 34 211.388
      vertex 11.8945 31.3 211.586
      vertex 11.9618 31.3 211.388
    endloop
  endfacet
  facet normal -0.946802 0 -0.321817
    outer loop
      vertex 14.9855 0 212.414
      vertex 14.9182 1.2 212.612
      vertex 14.9855 1.2 212.414
    endloop
  endfacet
  facet normal -0.946802 -0 -0.321817
    outer loop
      vertex 14.9182 1.2 212.612
      vertex 14.9855 0 212.414
      vertex 14.9182 0 212.612
    endloop
  endfacet
  facet normal -0.946802 0 -0.321817
    outer loop
      vertex 14.9855 31.3 212.414
      vertex 14.9182 34 212.612
      vertex 14.9855 34 212.414
    endloop
  endfacet
  facet normal -0.946802 -0 -0.321817
    outer loop
      vertex 14.9182 34 212.612
      vertex 14.9855 31.3 212.414
      vertex 14.9182 31.3 212.612
    endloop
  endfacet
  facet normal -0.32024 0 0.947336
    outer loop
      vertex 13.8541 1.2 210.455
      vertex 14.0523 0 210.522
      vertex 14.0523 1.2 210.522
    endloop
  endfacet
  facet normal -0.32024 0 0.947336
    outer loop
      vertex 14.0523 0 210.522
      vertex 13.8541 1.2 210.455
      vertex 13.8541 0 210.455
    endloop
  endfacet
  facet normal -0.32024 0 0.947336
    outer loop
      vertex 13.8541 34 210.455
      vertex 14.0523 31.3 210.522
      vertex 14.0523 34 210.522
    endloop
  endfacet
  facet normal -0.32024 0 0.947336
    outer loop
      vertex 14.0523 31.3 210.522
      vertex 13.8541 34 210.455
      vertex 13.8541 31.3 210.455
    endloop
  endfacet
  facet normal -0.195841 0 -0.980636
    outer loop
      vertex 13.6488 31.3 213.586
      vertex 13.8541 34 213.545
      vertex 13.8541 31.3 213.545
    endloop
  endfacet
  facet normal -0.195841 0 -0.980636
    outer loop
      vertex 13.8541 34 213.545
      vertex 13.6488 31.3 213.586
      vertex 13.6488 34 213.586
    endloop
  endfacet
  facet normal -0.195841 0 -0.980636
    outer loop
      vertex 13.6488 0 213.586
      vertex 13.8541 1.2 213.545
      vertex 13.8541 0 213.545
    endloop
  endfacet
  facet normal -0.195841 0 -0.980636
    outer loop
      vertex 13.8541 1.2 213.545
      vertex 13.6488 0 213.586
      vertex 13.6488 1.2 213.586
    endloop
  endfacet
  facet normal -0.557998 0 0.829843
    outer loop
      vertex 14.24 1.2 210.614
      vertex 14.414 0 210.731
      vertex 14.414 1.2 210.731
    endloop
  endfacet
  facet normal -0.557998 0 0.829843
    outer loop
      vertex 14.414 0 210.731
      vertex 14.24 1.2 210.614
      vertex 14.24 0 210.614
    endloop
  endfacet
  facet normal -0.557998 0 0.829843
    outer loop
      vertex 14.24 34 210.614
      vertex 14.414 31.3 210.731
      vertex 14.414 34 210.731
    endloop
  endfacet
  facet normal -0.557998 0 0.829843
    outer loop
      vertex 14.414 31.3 210.731
      vertex 14.24 34 210.614
      vertex 14.24 31.3 210.614
    endloop
  endfacet
  facet normal -0.897083 0 -0.441861
    outer loop
      vertex 14.9182 0 212.612
      vertex 14.8256 1.2 212.8
      vertex 14.9182 1.2 212.612
    endloop
  endfacet
  facet normal -0.897083 -0 -0.441861
    outer loop
      vertex 14.8256 1.2 212.8
      vertex 14.9182 0 212.612
      vertex 14.8256 0 212.8
    endloop
  endfacet
  facet normal -0.897083 0 -0.441861
    outer loop
      vertex 14.9182 31.3 212.612
      vertex 14.8256 34 212.8
      vertex 14.9182 34 212.612
    endloop
  endfacet
  facet normal -0.897083 -0 -0.441861
    outer loop
      vertex 14.8256 34 212.8
      vertex 14.9182 31.3 212.612
      vertex 14.8256 31.3 212.8
    endloop
  endfacet
  facet normal 0.440119 0 0.897939
    outer loop
      vertex 12.64 1.2 210.614
      vertex 12.8277 0 210.522
      vertex 12.8277 1.2 210.522
    endloop
  endfacet
  facet normal 0.440119 0 0.897939
    outer loop
      vertex 12.8277 0 210.522
      vertex 12.64 1.2 210.614
      vertex 12.64 0 210.614
    endloop
  endfacet
  facet normal 0.440119 0 0.897939
    outer loop
      vertex 12.64 34 210.614
      vertex 12.8277 31.3 210.522
      vertex 12.8277 34 210.522
    endloop
  endfacet
  facet normal 0.440119 0 0.897939
    outer loop
      vertex 12.8277 31.3 210.522
      vertex 12.64 34 210.614
      vertex 12.64 31.3 210.614
    endloop
  endfacet
  facet normal -0.440119 0 0.897939
    outer loop
      vertex 14.0523 1.2 210.522
      vertex 14.24 0 210.614
      vertex 14.24 1.2 210.614
    endloop
  endfacet
  facet normal -0.440119 0 0.897939
    outer loop
      vertex 14.24 0 210.614
      vertex 14.0523 1.2 210.522
      vertex 14.0523 0 210.522
    endloop
  endfacet
  facet normal -0.440119 0 0.897939
    outer loop
      vertex 14.0523 34 210.522
      vertex 14.24 31.3 210.614
      vertex 14.24 34 210.614
    endloop
  endfacet
  facet normal -0.440119 0 0.897939
    outer loop
      vertex 14.24 31.3 210.614
      vertex 14.0523 34 210.522
      vertex 14.0523 31.3 210.522
    endloop
  endfacet
  facet normal 0.980764 0 -0.195196
    outer loop
      vertex 11.8945 0 212.414
      vertex 11.8537 1.2 212.209
      vertex 11.8945 1.2 212.414
    endloop
  endfacet
  facet normal 0.980764 0 -0.195196
    outer loop
      vertex 11.8537 1.2 212.209
      vertex 11.8945 0 212.414
      vertex 11.8537 0 212.209
    endloop
  endfacet
  facet normal 0.980764 0 -0.195196
    outer loop
      vertex 11.8945 31.3 212.414
      vertex 11.8537 34 212.209
      vertex 11.8945 34 212.414
    endloop
  endfacet
  facet normal 0.980764 0 -0.195196
    outer loop
      vertex 11.8537 34 212.209
      vertex 11.8945 31.3 212.414
      vertex 11.8537 31.3 212.209
    endloop
  endfacet
  facet normal -0.997858 0 0.0654099
    outer loop
      vertex 15.0263 0 211.791
      vertex 15.04 1.2 212
      vertex 15.0263 1.2 211.791
    endloop
  endfacet
  facet normal -0.997858 0 0.0654099
    outer loop
      vertex 15.04 1.2 212
      vertex 15.0263 0 211.791
      vertex 15.04 0 212
    endloop
  endfacet
  facet normal -0.997858 0 0.0654099
    outer loop
      vertex 15.0263 31.3 211.791
      vertex 15.04 34 212
      vertex 15.0263 34 211.791
    endloop
  endfacet
  facet normal -0.997858 0 0.0654099
    outer loop
      vertex 15.04 34 212
      vertex 15.0263 31.3 211.791
      vertex 15.04 31.3 212
    endloop
  endfacet
  facet normal 0.195841 0 -0.980636
    outer loop
      vertex 13.0259 31.3 213.545
      vertex 13.2312 34 213.586
      vertex 13.2312 31.3 213.586
    endloop
  endfacet
  facet normal 0.195841 0 -0.980636
    outer loop
      vertex 13.2312 34 213.586
      vertex 13.0259 31.3 213.545
      vertex 13.0259 34 213.545
    endloop
  endfacet
  facet normal 0.195841 0 -0.980636
    outer loop
      vertex 13.0259 0 213.545
      vertex 13.2312 1.2 213.586
      vertex 13.2312 0 213.586
    endloop
  endfacet
  facet normal 0.195841 0 -0.980636
    outer loop
      vertex 13.2312 1.2 213.586
      vertex 13.0259 0 213.545
      vertex 13.0259 1.2 213.545
    endloop
  endfacet
  facet normal -0.751093 0 0.660196
    outer loop
      vertex 14.5714 0 210.869
      vertex 14.7094 1.2 211.026
      vertex 14.5714 1.2 210.869
    endloop
  endfacet
  facet normal -0.751093 0 0.660196
    outer loop
      vertex 14.7094 1.2 211.026
      vertex 14.5714 0 210.869
      vertex 14.7094 0 211.026
    endloop
  endfacet
  facet normal -0.751093 0 0.660196
    outer loop
      vertex 14.5714 31.3 210.869
      vertex 14.7094 34 211.026
      vertex 14.5714 34 210.869
    endloop
  endfacet
  facet normal -0.751093 0 0.660196
    outer loop
      vertex 14.7094 34 211.026
      vertex 14.5714 31.3 210.869
      vertex 14.7094 31.3 211.026
    endloop
  endfacet
  facet normal 0.557998 0 -0.829843
    outer loop
      vertex 12.466 0 213.269
      vertex 12.64 1.2 213.386
      vertex 12.64 0 213.386
    endloop
  endfacet
  facet normal 0.557998 0 -0.829843
    outer loop
      vertex 12.64 1.2 213.386
      vertex 12.466 0 213.269
      vertex 12.466 1.2 213.269
    endloop
  endfacet
  facet normal 0.557998 0 -0.829843
    outer loop
      vertex 12.466 31.3 213.269
      vertex 12.64 34 213.386
      vertex 12.64 31.3 213.386
    endloop
  endfacet
  facet normal 0.557998 0 -0.829843
    outer loop
      vertex 12.64 34 213.386
      vertex 12.466 31.3 213.269
      vertex 12.466 34 213.269
    endloop
  endfacet
  facet normal 0.659248 0 0.751925
    outer loop
      vertex 12.3086 1.2 210.869
      vertex 12.466 0 210.731
      vertex 12.466 1.2 210.731
    endloop
  endfacet
  facet normal 0.659248 0 0.751925
    outer loop
      vertex 12.466 0 210.731
      vertex 12.3086 1.2 210.869
      vertex 12.3086 0 210.869
    endloop
  endfacet
  facet normal 0.659248 0 0.751925
    outer loop
      vertex 12.3086 34 210.869
      vertex 12.466 31.3 210.731
      vertex 12.466 34 210.731
    endloop
  endfacet
  facet normal 0.659248 0 0.751925
    outer loop
      vertex 12.466 31.3 210.731
      vertex 12.3086 34 210.869
      vertex 12.3086 31.3 210.869
    endloop
  endfacet
  facet normal 0.32024 0 -0.947336
    outer loop
      vertex 12.8277 0 213.478
      vertex 13.0259 1.2 213.545
      vertex 13.0259 0 213.545
    endloop
  endfacet
  facet normal 0.32024 0 -0.947336
    outer loop
      vertex 13.0259 1.2 213.545
      vertex 12.8277 0 213.478
      vertex 12.8277 1.2 213.478
    endloop
  endfacet
  facet normal 0.32024 0 -0.947336
    outer loop
      vertex 12.8277 31.3 213.478
      vertex 13.0259 34 213.545
      vertex 13.0259 31.3 213.545
    endloop
  endfacet
  facet normal 0.32024 0 -0.947336
    outer loop
      vertex 13.0259 34 213.545
      vertex 12.8277 31.3 213.478
      vertex 12.8277 34 213.478
    endloop
  endfacet
  facet normal -0.897083 0 0.441861
    outer loop
      vertex 14.8256 0 211.2
      vertex 14.9182 1.2 211.388
      vertex 14.8256 1.2 211.2
    endloop
  endfacet
  facet normal -0.897083 0 0.441861
    outer loop
      vertex 14.9182 1.2 211.388
      vertex 14.8256 0 211.2
      vertex 14.9182 0 211.388
    endloop
  endfacet
  facet normal -0.897083 0 0.441861
    outer loop
      vertex 14.8256 31.3 211.2
      vertex 14.9182 34 211.388
      vertex 14.8256 34 211.2
    endloop
  endfacet
  facet normal -0.897083 0 0.441861
    outer loop
      vertex 14.9182 34 211.388
      vertex 14.8256 31.3 211.2
      vertex 14.9182 31.3 211.388
    endloop
  endfacet
  facet normal -0.557998 0 -0.829843
    outer loop
      vertex 14.24 0 213.386
      vertex 14.414 1.2 213.269
      vertex 14.414 0 213.269
    endloop
  endfacet
  facet normal -0.557998 0 -0.829843
    outer loop
      vertex 14.414 1.2 213.269
      vertex 14.24 0 213.386
      vertex 14.24 1.2 213.386
    endloop
  endfacet
  facet normal -0.557998 0 -0.829843
    outer loop
      vertex 14.24 31.3 213.386
      vertex 14.414 34 213.269
      vertex 14.414 31.3 213.269
    endloop
  endfacet
  facet normal -0.557998 0 -0.829843
    outer loop
      vertex 14.414 34 213.269
      vertex 14.24 31.3 213.386
      vertex 14.24 34 213.386
    endloop
  endfacet
  facet normal -0.0668996 0 -0.99776
    outer loop
      vertex 13.44 31.3 213.6
      vertex 13.6488 34 213.586
      vertex 13.6488 31.3 213.586
    endloop
  endfacet
  facet normal -0.0668996 0 -0.99776
    outer loop
      vertex 13.6488 34 213.586
      vertex 13.44 31.3 213.6
      vertex 13.44 34 213.6
    endloop
  endfacet
  facet normal -0.0668996 0 -0.99776
    outer loop
      vertex 13.44 0 213.6
      vertex 13.6488 1.2 213.586
      vertex 13.6488 0 213.586
    endloop
  endfacet
  facet normal -0.0668996 0 -0.99776
    outer loop
      vertex 13.6488 1.2 213.586
      vertex 13.44 0 213.6
      vertex 13.44 1.2 213.6
    endloop
  endfacet
  facet normal 0.997858 0 -0.0654099
    outer loop
      vertex 11.8537 0 212.209
      vertex 11.84 1.2 212
      vertex 11.8537 1.2 212.209
    endloop
  endfacet
  facet normal 0.997858 0 -0.0654099
    outer loop
      vertex 11.84 1.2 212
      vertex 11.8537 0 212.209
      vertex 11.84 0 212
    endloop
  endfacet
  facet normal 0.997858 0 -0.0654099
    outer loop
      vertex 11.8537 31.3 212.209
      vertex 11.84 34 212
      vertex 11.8537 34 212.209
    endloop
  endfacet
  facet normal 0.997858 0 -0.0654099
    outer loop
      vertex 11.84 34 212
      vertex 11.8537 31.3 212.209
      vertex 11.84 31.3 212
    endloop
  endfacet
  facet normal -0.980764 0 -0.195196
    outer loop
      vertex 15.0263 0 212.209
      vertex 14.9855 1.2 212.414
      vertex 15.0263 1.2 212.209
    endloop
  endfacet
  facet normal -0.980764 -0 -0.195196
    outer loop
      vertex 14.9855 1.2 212.414
      vertex 15.0263 0 212.209
      vertex 14.9855 0 212.414
    endloop
  endfacet
  facet normal -0.980764 0 -0.195196
    outer loop
      vertex 15.0263 31.3 212.209
      vertex 14.9855 34 212.414
      vertex 15.0263 34 212.209
    endloop
  endfacet
  facet normal -0.980764 -0 -0.195196
    outer loop
      vertex 14.9855 34 212.414
      vertex 15.0263 31.3 212.209
      vertex 14.9855 31.3 212.414
    endloop
  endfacet
  facet normal 0.440119 0 -0.897939
    outer loop
      vertex 12.64 0 213.386
      vertex 12.8277 1.2 213.478
      vertex 12.8277 0 213.478
    endloop
  endfacet
  facet normal 0.440119 0 -0.897939
    outer loop
      vertex 12.8277 1.2 213.478
      vertex 12.64 0 213.386
      vertex 12.64 1.2 213.386
    endloop
  endfacet
  facet normal 0.440119 0 -0.897939
    outer loop
      vertex 12.64 31.3 213.386
      vertex 12.8277 34 213.478
      vertex 12.8277 31.3 213.478
    endloop
  endfacet
  facet normal 0.440119 0 -0.897939
    outer loop
      vertex 12.8277 34 213.478
      vertex 12.64 31.3 213.386
      vertex 12.64 34 213.386
    endloop
  endfacet
  facet normal 0.659248 0 -0.751925
    outer loop
      vertex 12.3086 0 213.131
      vertex 12.466 1.2 213.269
      vertex 12.466 0 213.269
    endloop
  endfacet
  facet normal 0.659248 0 -0.751925
    outer loop
      vertex 12.466 1.2 213.269
      vertex 12.3086 0 213.131
      vertex 12.3086 1.2 213.131
    endloop
  endfacet
  facet normal 0.659248 0 -0.751925
    outer loop
      vertex 12.3086 31.3 213.131
      vertex 12.466 34 213.269
      vertex 12.466 31.3 213.269
    endloop
  endfacet
  facet normal 0.659248 0 -0.751925
    outer loop
      vertex 12.466 34 213.269
      vertex 12.3086 31.3 213.131
      vertex 12.3086 34 213.131
    endloop
  endfacet
  facet normal 0.0668996 0 0.99776
    outer loop
      vertex 13.2312 1.2 210.414
      vertex 13.44 0 210.4
      vertex 13.44 1.2 210.4
    endloop
  endfacet
  facet normal 0.0668996 0 0.99776
    outer loop
      vertex 13.44 0 210.4
      vertex 13.2312 1.2 210.414
      vertex 13.2312 0 210.414
    endloop
  endfacet
  facet normal 0.0668996 0 0.99776
    outer loop
      vertex 13.2312 34 210.414
      vertex 13.44 31.3 210.4
      vertex 13.44 34 210.4
    endloop
  endfacet
  facet normal 0.0668996 0 0.99776
    outer loop
      vertex 13.44 31.3 210.4
      vertex 13.2312 34 210.414
      vertex 13.2312 31.3 210.414
    endloop
  endfacet
  facet normal -0.195841 0 0.980636
    outer loop
      vertex 13.6488 1.2 210.414
      vertex 13.8541 0 210.455
      vertex 13.8541 1.2 210.455
    endloop
  endfacet
  facet normal -0.195841 0 0.980636
    outer loop
      vertex 13.8541 0 210.455
      vertex 13.6488 1.2 210.414
      vertex 13.6488 0 210.414
    endloop
  endfacet
  facet normal -0.195841 0 0.980636
    outer loop
      vertex 13.6488 34 210.414
      vertex 13.8541 31.3 210.455
      vertex 13.8541 34 210.455
    endloop
  endfacet
  facet normal -0.195841 0 0.980636
    outer loop
      vertex 13.8541 31.3 210.455
      vertex 13.6488 34 210.414
      vertex 13.6488 31.3 210.414
    endloop
  endfacet
  facet normal 0.831609 -0 0.555362
    outer loop
      vertex 12.0544 0 211.2
      vertex 12.1706 1.2 211.026
      vertex 12.0544 1.2 211.2
    endloop
  endfacet
  facet normal 0.831609 0 0.555362
    outer loop
      vertex 12.1706 1.2 211.026
      vertex 12.0544 0 211.2
      vertex 12.1706 0 211.026
    endloop
  endfacet
  facet normal 0.831609 -0 0.555362
    outer loop
      vertex 12.0544 31.3 211.2
      vertex 12.1706 34 211.026
      vertex 12.0544 34 211.2
    endloop
  endfacet
  facet normal 0.831609 0 0.555362
    outer loop
      vertex 12.1706 34 211.026
      vertex 12.0544 31.3 211.2
      vertex 12.1706 31.3 211.026
    endloop
  endfacet
  facet normal -0.980764 0 0.195196
    outer loop
      vertex 14.9855 0 211.586
      vertex 15.0263 1.2 211.791
      vertex 14.9855 1.2 211.586
    endloop
  endfacet
  facet normal -0.980764 0 0.195196
    outer loop
      vertex 15.0263 1.2 211.791
      vertex 14.9855 0 211.586
      vertex 15.0263 0 211.791
    endloop
  endfacet
  facet normal -0.980764 0 0.195196
    outer loop
      vertex 14.9855 31.3 211.586
      vertex 15.0263 34 211.791
      vertex 14.9855 34 211.586
    endloop
  endfacet
  facet normal -0.980764 0 0.195196
    outer loop
      vertex 15.0263 34 211.791
      vertex 14.9855 31.3 211.586
      vertex 15.0263 31.3 211.791
    endloop
  endfacet
  facet normal 0.897083 -0 0.441861
    outer loop
      vertex 11.9618 0 211.388
      vertex 12.0544 1.2 211.2
      vertex 11.9618 1.2 211.388
    endloop
  endfacet
  facet normal 0.897083 0 0.441861
    outer loop
      vertex 12.0544 1.2 211.2
      vertex 11.9618 0 211.388
      vertex 12.0544 0 211.2
    endloop
  endfacet
  facet normal 0.897083 -0 0.441861
    outer loop
      vertex 11.9618 31.3 211.388
      vertex 12.0544 34 211.2
      vertex 11.9618 34 211.388
    endloop
  endfacet
  facet normal 0.897083 0 0.441861
    outer loop
      vertex 12.0544 34 211.2
      vertex 11.9618 31.3 211.388
      vertex 12.0544 31.3 211.2
    endloop
  endfacet
  facet normal 0.946802 0 -0.321817
    outer loop
      vertex 11.9618 0 212.612
      vertex 11.8945 1.2 212.414
      vertex 11.9618 1.2 212.612
    endloop
  endfacet
  facet normal 0.946802 0 -0.321817
    outer loop
      vertex 11.8945 1.2 212.414
      vertex 11.9618 0 212.612
      vertex 11.8945 0 212.414
    endloop
  endfacet
  facet normal 0.946802 0 -0.321817
    outer loop
      vertex 11.9618 31.3 212.612
      vertex 11.8945 34 212.414
      vertex 11.9618 34 212.612
    endloop
  endfacet
  facet normal 0.946802 0 -0.321817
    outer loop
      vertex 11.8945 34 212.414
      vertex 11.9618 31.3 212.612
      vertex 11.8945 31.3 212.414
    endloop
  endfacet
  facet normal -0.659248 0 -0.751925
    outer loop
      vertex 14.414 0 213.269
      vertex 14.5714 1.2 213.131
      vertex 14.5714 0 213.131
    endloop
  endfacet
  facet normal -0.659248 0 -0.751925
    outer loop
      vertex 14.5714 1.2 213.131
      vertex 14.414 0 213.269
      vertex 14.414 1.2 213.269
    endloop
  endfacet
  facet normal -0.659248 0 -0.751925
    outer loop
      vertex 14.414 31.3 213.269
      vertex 14.5714 34 213.131
      vertex 14.5714 31.3 213.131
    endloop
  endfacet
  facet normal -0.659248 0 -0.751925
    outer loop
      vertex 14.5714 34 213.131
      vertex 14.414 31.3 213.269
      vertex 14.414 34 213.269
    endloop
  endfacet
  facet normal -0.831609 0 0.555362
    outer loop
      vertex 14.7094 0 211.026
      vertex 14.8256 1.2 211.2
      vertex 14.7094 1.2 211.026
    endloop
  endfacet
  facet normal -0.831609 0 0.555362
    outer loop
      vertex 14.8256 1.2 211.2
      vertex 14.7094 0 211.026
      vertex 14.8256 0 211.2
    endloop
  endfacet
  facet normal -0.831609 0 0.555362
    outer loop
      vertex 14.7094 31.3 211.026
      vertex 14.8256 34 211.2
      vertex 14.7094 34 211.026
    endloop
  endfacet
  facet normal -0.831609 0 0.555362
    outer loop
      vertex 14.8256 34 211.2
      vertex 14.7094 31.3 211.026
      vertex 14.8256 31.3 211.2
    endloop
  endfacet
  facet normal 0.980764 -0 0.195196
    outer loop
      vertex 11.8537 0 211.791
      vertex 11.8945 1.2 211.586
      vertex 11.8537 1.2 211.791
    endloop
  endfacet
  facet normal 0.980764 0 0.195196
    outer loop
      vertex 11.8945 1.2 211.586
      vertex 11.8537 0 211.791
      vertex 11.8945 0 211.586
    endloop
  endfacet
  facet normal 0.980764 -0 0.195196
    outer loop
      vertex 11.8537 31.3 211.791
      vertex 11.8945 34 211.586
      vertex 11.8537 34 211.791
    endloop
  endfacet
  facet normal 0.980764 0 0.195196
    outer loop
      vertex 11.8945 34 211.586
      vertex 11.8537 31.3 211.791
      vertex 11.8945 31.3 211.586
    endloop
  endfacet
  facet normal 0.32024 0 0.947336
    outer loop
      vertex 12.8277 1.2 210.522
      vertex 13.0259 0 210.455
      vertex 13.0259 1.2 210.455
    endloop
  endfacet
  facet normal 0.32024 0 0.947336
    outer loop
      vertex 13.0259 0 210.455
      vertex 12.8277 1.2 210.522
      vertex 12.8277 0 210.522
    endloop
  endfacet
  facet normal 0.32024 0 0.947336
    outer loop
      vertex 12.8277 34 210.522
      vertex 13.0259 31.3 210.455
      vertex 13.0259 34 210.455
    endloop
  endfacet
  facet normal 0.32024 0 0.947336
    outer loop
      vertex 13.0259 31.3 210.455
      vertex 12.8277 34 210.522
      vertex 12.8277 31.3 210.522
    endloop
  endfacet
  facet normal 0.0668996 0 -0.99776
    outer loop
      vertex 13.2312 31.3 213.586
      vertex 13.44 34 213.6
      vertex 13.44 31.3 213.6
    endloop
  endfacet
  facet normal 0.0668996 0 -0.99776
    outer loop
      vertex 13.44 34 213.6
      vertex 13.2312 31.3 213.586
      vertex 13.2312 34 213.586
    endloop
  endfacet
  facet normal 0.0668996 0 -0.99776
    outer loop
      vertex 13.2312 0 213.586
      vertex 13.44 1.2 213.6
      vertex 13.44 0 213.6
    endloop
  endfacet
  facet normal 0.0668996 0 -0.99776
    outer loop
      vertex 13.44 1.2 213.6
      vertex 13.2312 0 213.586
      vertex 13.2312 1.2 213.586
    endloop
  endfacet
  facet normal 0.897083 0 -0.441861
    outer loop
      vertex 12.0544 0 212.8
      vertex 11.9618 1.2 212.612
      vertex 12.0544 1.2 212.8
    endloop
  endfacet
  facet normal 0.897083 0 -0.441861
    outer loop
      vertex 11.9618 1.2 212.612
      vertex 12.0544 0 212.8
      vertex 11.9618 0 212.612
    endloop
  endfacet
  facet normal 0.897083 0 -0.441861
    outer loop
      vertex 12.0544 31.3 212.8
      vertex 11.9618 34 212.612
      vertex 12.0544 34 212.8
    endloop
  endfacet
  facet normal 0.897083 0 -0.441861
    outer loop
      vertex 11.9618 34 212.612
      vertex 12.0544 31.3 212.8
      vertex 11.9618 31.3 212.612
    endloop
  endfacet
  facet normal 0.751093 -0 0.660196
    outer loop
      vertex 12.1706 0 211.026
      vertex 12.3086 1.2 210.869
      vertex 12.1706 1.2 211.026
    endloop
  endfacet
  facet normal 0.751093 0 0.660196
    outer loop
      vertex 12.3086 1.2 210.869
      vertex 12.1706 0 211.026
      vertex 12.3086 0 210.869
    endloop
  endfacet
  facet normal 0.751093 -0 0.660196
    outer loop
      vertex 12.1706 31.3 211.026
      vertex 12.3086 34 210.869
      vertex 12.1706 34 211.026
    endloop
  endfacet
  facet normal 0.751093 0 0.660196
    outer loop
      vertex 12.3086 34 210.869
      vertex 12.1706 31.3 211.026
      vertex 12.3086 31.3 210.869
    endloop
  endfacet
  facet normal 0.557998 0 0.829843
    outer loop
      vertex 12.466 1.2 210.731
      vertex 12.64 0 210.614
      vertex 12.64 1.2 210.614
    endloop
  endfacet
  facet normal 0.557998 0 0.829843
    outer loop
      vertex 12.64 0 210.614
      vertex 12.466 1.2 210.731
      vertex 12.466 0 210.731
    endloop
  endfacet
  facet normal 0.557998 0 0.829843
    outer loop
      vertex 12.466 34 210.731
      vertex 12.64 31.3 210.614
      vertex 12.64 34 210.614
    endloop
  endfacet
  facet normal 0.557998 0 0.829843
    outer loop
      vertex 12.64 31.3 210.614
      vertex 12.466 34 210.731
      vertex 12.466 31.3 210.731
    endloop
  endfacet
  facet normal 0.997858 -0 0.0654099
    outer loop
      vertex 11.84 0 212
      vertex 11.8537 1.2 211.791
      vertex 11.84 1.2 212
    endloop
  endfacet
  facet normal 0.997858 0 0.0654099
    outer loop
      vertex 11.8537 1.2 211.791
      vertex 11.84 0 212
      vertex 11.8537 0 211.791
    endloop
  endfacet
  facet normal 0.997858 -0 0.0654099
    outer loop
      vertex 11.84 31.3 212
      vertex 11.8537 34 211.791
      vertex 11.84 34 212
    endloop
  endfacet
  facet normal 0.997858 0 0.0654099
    outer loop
      vertex 11.8537 34 211.791
      vertex 11.84 31.3 212
      vertex 11.8537 31.3 211.791
    endloop
  endfacet
  facet normal -0.0668996 0 0.99776
    outer loop
      vertex 13.44 1.2 210.4
      vertex 13.6488 0 210.414
      vertex 13.6488 1.2 210.414
    endloop
  endfacet
  facet normal -0.0668996 0 0.99776
    outer loop
      vertex 13.6488 0 210.414
      vertex 13.44 1.2 210.4
      vertex 13.44 0 210.4
    endloop
  endfacet
  facet normal -0.0668996 0 0.99776
    outer loop
      vertex 13.44 34 210.4
      vertex 13.6488 31.3 210.414
      vertex 13.6488 34 210.414
    endloop
  endfacet
  facet normal -0.0668996 0 0.99776
    outer loop
      vertex 13.6488 31.3 210.414
      vertex 13.44 34 210.4
      vertex 13.44 31.3 210.4
    endloop
  endfacet
  facet normal 0.831609 0 -0.555362
    outer loop
      vertex 12.1706 0 212.974
      vertex 12.0544 1.2 212.8
      vertex 12.1706 1.2 212.974
    endloop
  endfacet
  facet normal 0.831609 0 -0.555362
    outer loop
      vertex 12.0544 1.2 212.8
      vertex 12.1706 0 212.974
      vertex 12.0544 0 212.8
    endloop
  endfacet
  facet normal 0.831609 0 -0.555362
    outer loop
      vertex 12.1706 31.3 212.974
      vertex 12.0544 34 212.8
      vertex 12.1706 34 212.974
    endloop
  endfacet
  facet normal 0.831609 0 -0.555362
    outer loop
      vertex 12.0544 34 212.8
      vertex 12.1706 31.3 212.974
      vertex 12.0544 31.3 212.8
    endloop
  endfacet
  facet normal -0.980764 0 -0.195196
    outer loop
      vertex 36.1463 0 212.209
      vertex 36.1055 1.2 212.414
      vertex 36.1463 1.2 212.209
    endloop
  endfacet
  facet normal -0.980764 -0 -0.195196
    outer loop
      vertex 36.1055 1.2 212.414
      vertex 36.1463 0 212.209
      vertex 36.1055 0 212.414
    endloop
  endfacet
  facet normal -0.980764 0 -0.195196
    outer loop
      vertex 36.1463 31.3 212.209
      vertex 36.1055 34 212.414
      vertex 36.1463 34 212.209
    endloop
  endfacet
  facet normal -0.980764 -0 -0.195196
    outer loop
      vertex 36.1055 34 212.414
      vertex 36.1463 31.3 212.209
      vertex 36.1055 31.3 212.414
    endloop
  endfacet
  facet normal -0.997858 0 -0.0654099
    outer loop
      vertex 36.16 0 212
      vertex 36.1463 1.2 212.209
      vertex 36.16 1.2 212
    endloop
  endfacet
  facet normal -0.997858 -0 -0.0654099
    outer loop
      vertex 36.1463 1.2 212.209
      vertex 36.16 0 212
      vertex 36.1463 0 212.209
    endloop
  endfacet
  facet normal -0.997858 0 -0.0654099
    outer loop
      vertex 36.16 31.3 212
      vertex 36.1463 34 212.209
      vertex 36.16 34 212
    endloop
  endfacet
  facet normal -0.997858 -0 -0.0654099
    outer loop
      vertex 36.1463 34 212.209
      vertex 36.16 31.3 212
      vertex 36.1463 31.3 212.209
    endloop
  endfacet
  facet normal -0.751093 0 -0.660196
    outer loop
      vertex 35.8294 0 212.974
      vertex 35.6914 1.2 213.131
      vertex 35.8294 1.2 212.974
    endloop
  endfacet
  facet normal -0.751093 -0 -0.660196
    outer loop
      vertex 35.6914 1.2 213.131
      vertex 35.8294 0 212.974
      vertex 35.6914 0 213.131
    endloop
  endfacet
  facet normal -0.751093 0 -0.660196
    outer loop
      vertex 35.8294 31.3 212.974
      vertex 35.6914 34 213.131
      vertex 35.8294 34 212.974
    endloop
  endfacet
  facet normal -0.751093 -0 -0.660196
    outer loop
      vertex 35.6914 34 213.131
      vertex 35.8294 31.3 212.974
      vertex 35.6914 31.3 213.131
    endloop
  endfacet
  facet normal -0.0668996 0 -0.99776
    outer loop
      vertex 34.56 31.3 213.6
      vertex 34.7688 34 213.586
      vertex 34.7688 31.3 213.586
    endloop
  endfacet
  facet normal -0.0668996 0 -0.99776
    outer loop
      vertex 34.7688 34 213.586
      vertex 34.56 31.3 213.6
      vertex 34.56 34 213.6
    endloop
  endfacet
  facet normal -0.0668996 0 -0.99776
    outer loop
      vertex 34.56 0 213.6
      vertex 34.7688 1.2 213.586
      vertex 34.7688 0 213.586
    endloop
  endfacet
  facet normal -0.0668996 0 -0.99776
    outer loop
      vertex 34.7688 1.2 213.586
      vertex 34.56 0 213.6
      vertex 34.56 1.2 213.6
    endloop
  endfacet
  facet normal 0.831609 0 -0.555362
    outer loop
      vertex 33.2906 0 212.974
      vertex 33.1744 1.2 212.8
      vertex 33.2906 1.2 212.974
    endloop
  endfacet
  facet normal 0.831609 0 -0.555362
    outer loop
      vertex 33.1744 1.2 212.8
      vertex 33.2906 0 212.974
      vertex 33.1744 0 212.8
    endloop
  endfacet
  facet normal 0.831609 0 -0.555362
    outer loop
      vertex 33.2906 31.3 212.974
      vertex 33.1744 34 212.8
      vertex 33.2906 34 212.974
    endloop
  endfacet
  facet normal 0.831609 0 -0.555362
    outer loop
      vertex 33.1744 34 212.8
      vertex 33.2906 31.3 212.974
      vertex 33.1744 31.3 212.8
    endloop
  endfacet
  facet normal -0.831609 0 0.555362
    outer loop
      vertex 35.8294 0 211.026
      vertex 35.9456 1.2 211.2
      vertex 35.8294 1.2 211.026
    endloop
  endfacet
  facet normal -0.831609 0 0.555362
    outer loop
      vertex 35.9456 1.2 211.2
      vertex 35.8294 0 211.026
      vertex 35.9456 0 211.2
    endloop
  endfacet
  facet normal -0.831609 0 0.555362
    outer loop
      vertex 35.8294 31.3 211.026
      vertex 35.9456 34 211.2
      vertex 35.8294 34 211.026
    endloop
  endfacet
  facet normal -0.831609 0 0.555362
    outer loop
      vertex 35.9456 34 211.2
      vertex 35.8294 31.3 211.026
      vertex 35.9456 31.3 211.2
    endloop
  endfacet
  facet normal -0.659248 0 -0.751925
    outer loop
      vertex 35.534 0 213.269
      vertex 35.6914 1.2 213.131
      vertex 35.6914 0 213.131
    endloop
  endfacet
  facet normal -0.659248 0 -0.751925
    outer loop
      vertex 35.6914 1.2 213.131
      vertex 35.534 0 213.269
      vertex 35.534 1.2 213.269
    endloop
  endfacet
  facet normal -0.659248 0 -0.751925
    outer loop
      vertex 35.534 31.3 213.269
      vertex 35.6914 34 213.131
      vertex 35.6914 31.3 213.131
    endloop
  endfacet
  facet normal -0.659248 0 -0.751925
    outer loop
      vertex 35.6914 34 213.131
      vertex 35.534 31.3 213.269
      vertex 35.534 34 213.269
    endloop
  endfacet
  facet normal -0.980764 0 0.195196
    outer loop
      vertex 36.1055 0 211.586
      vertex 36.1463 1.2 211.791
      vertex 36.1055 1.2 211.586
    endloop
  endfacet
  facet normal -0.980764 0 0.195196
    outer loop
      vertex 36.1463 1.2 211.791
      vertex 36.1055 0 211.586
      vertex 36.1463 0 211.791
    endloop
  endfacet
  facet normal -0.980764 0 0.195196
    outer loop
      vertex 36.1055 31.3 211.586
      vertex 36.1463 34 211.791
      vertex 36.1055 34 211.586
    endloop
  endfacet
  facet normal -0.980764 0 0.195196
    outer loop
      vertex 36.1463 34 211.791
      vertex 36.1055 31.3 211.586
      vertex 36.1463 31.3 211.791
    endloop
  endfacet
  facet normal 0.751093 0 -0.660196
    outer loop
      vertex 33.4286 0 213.131
      vertex 33.2906 1.2 212.974
      vertex 33.4286 1.2 213.131
    endloop
  endfacet
  facet normal 0.751093 0 -0.660196
    outer loop
      vertex 33.2906 1.2 212.974
      vertex 33.4286 0 213.131
      vertex 33.2906 0 212.974
    endloop
  endfacet
  facet normal 0.751093 0 -0.660196
    outer loop
      vertex 33.4286 31.3 213.131
      vertex 33.2906 34 212.974
      vertex 33.4286 34 213.131
    endloop
  endfacet
  facet normal 0.751093 0 -0.660196
    outer loop
      vertex 33.2906 34 212.974
      vertex 33.4286 31.3 213.131
      vertex 33.2906 31.3 212.974
    endloop
  endfacet
  facet normal 0.440119 0 0.897939
    outer loop
      vertex 33.76 1.2 210.614
      vertex 33.9477 0 210.522
      vertex 33.9477 1.2 210.522
    endloop
  endfacet
  facet normal 0.440119 0 0.897939
    outer loop
      vertex 33.9477 0 210.522
      vertex 33.76 1.2 210.614
      vertex 33.76 0 210.614
    endloop
  endfacet
  facet normal 0.440119 0 0.897939
    outer loop
      vertex 33.76 34 210.614
      vertex 33.9477 31.3 210.522
      vertex 33.9477 34 210.522
    endloop
  endfacet
  facet normal 0.440119 0 0.897939
    outer loop
      vertex 33.9477 31.3 210.522
      vertex 33.76 34 210.614
      vertex 33.76 31.3 210.614
    endloop
  endfacet
  facet normal -0.32024 0 -0.947336
    outer loop
      vertex 34.9741 0 213.545
      vertex 35.1723 1.2 213.478
      vertex 35.1723 0 213.478
    endloop
  endfacet
  facet normal -0.32024 0 -0.947336
    outer loop
      vertex 35.1723 1.2 213.478
      vertex 34.9741 0 213.545
      vertex 34.9741 1.2 213.545
    endloop
  endfacet
  facet normal -0.32024 0 -0.947336
    outer loop
      vertex 34.9741 31.3 213.545
      vertex 35.1723 34 213.478
      vertex 35.1723 31.3 213.478
    endloop
  endfacet
  facet normal -0.32024 0 -0.947336
    outer loop
      vertex 35.1723 34 213.478
      vertex 34.9741 31.3 213.545
      vertex 34.9741 34 213.545
    endloop
  endfacet
  facet normal 0.751093 -0 0.660196
    outer loop
      vertex 33.2906 0 211.026
      vertex 33.4286 1.2 210.869
      vertex 33.2906 1.2 211.026
    endloop
  endfacet
  facet normal 0.751093 0 0.660196
    outer loop
      vertex 33.4286 1.2 210.869
      vertex 33.2906 0 211.026
      vertex 33.4286 0 210.869
    endloop
  endfacet
  facet normal 0.751093 -0 0.660196
    outer loop
      vertex 33.2906 31.3 211.026
      vertex 33.4286 34 210.869
      vertex 33.2906 34 211.026
    endloop
  endfacet
  facet normal 0.751093 0 0.660196
    outer loop
      vertex 33.4286 34 210.869
      vertex 33.2906 31.3 211.026
      vertex 33.4286 31.3 210.869
    endloop
  endfacet
  facet normal -0.946802 0 0.321817
    outer loop
      vertex 36.0382 0 211.388
      vertex 36.1055 1.2 211.586
      vertex 36.0382 1.2 211.388
    endloop
  endfacet
  facet normal -0.946802 0 0.321817
    outer loop
      vertex 36.1055 1.2 211.586
      vertex 36.0382 0 211.388
      vertex 36.1055 0 211.586
    endloop
  endfacet
  facet normal -0.946802 0 0.321817
    outer loop
      vertex 36.0382 31.3 211.388
      vertex 36.1055 34 211.586
      vertex 36.0382 34 211.388
    endloop
  endfacet
  facet normal -0.946802 0 0.321817
    outer loop
      vertex 36.1055 34 211.586
      vertex 36.0382 31.3 211.388
      vertex 36.1055 31.3 211.586
    endloop
  endfacet
  facet normal -0.831609 0 -0.555362
    outer loop
      vertex 35.9456 0 212.8
      vertex 35.8294 1.2 212.974
      vertex 35.9456 1.2 212.8
    endloop
  endfacet
  facet normal -0.831609 -0 -0.555362
    outer loop
      vertex 35.8294 1.2 212.974
      vertex 35.9456 0 212.8
      vertex 35.8294 0 212.974
    endloop
  endfacet
  facet normal -0.831609 0 -0.555362
    outer loop
      vertex 35.9456 31.3 212.8
      vertex 35.8294 34 212.974
      vertex 35.9456 34 212.8
    endloop
  endfacet
  facet normal -0.831609 -0 -0.555362
    outer loop
      vertex 35.8294 34 212.974
      vertex 35.9456 31.3 212.8
      vertex 35.8294 31.3 212.974
    endloop
  endfacet
  facet normal -0.946802 0 -0.321817
    outer loop
      vertex 36.1055 0 212.414
      vertex 36.0382 1.2 212.612
      vertex 36.1055 1.2 212.414
    endloop
  endfacet
  facet normal -0.946802 -0 -0.321817
    outer loop
      vertex 36.0382 1.2 212.612
      vertex 36.1055 0 212.414
      vertex 36.0382 0 212.612
    endloop
  endfacet
  facet normal -0.946802 0 -0.321817
    outer loop
      vertex 36.1055 31.3 212.414
      vertex 36.0382 34 212.612
      vertex 36.1055 34 212.414
    endloop
  endfacet
  facet normal -0.946802 -0 -0.321817
    outer loop
      vertex 36.0382 34 212.612
      vertex 36.1055 31.3 212.414
      vertex 36.0382 31.3 212.612
    endloop
  endfacet
  facet normal -0.659248 0 0.751925
    outer loop
      vertex 35.534 1.2 210.731
      vertex 35.6914 0 210.869
      vertex 35.6914 1.2 210.869
    endloop
  endfacet
  facet normal -0.659248 0 0.751925
    outer loop
      vertex 35.6914 0 210.869
      vertex 35.534 1.2 210.731
      vertex 35.534 0 210.731
    endloop
  endfacet
  facet normal -0.659248 0 0.751925
    outer loop
      vertex 35.534 34 210.731
      vertex 35.6914 31.3 210.869
      vertex 35.6914 34 210.869
    endloop
  endfacet
  facet normal -0.659248 0 0.751925
    outer loop
      vertex 35.6914 31.3 210.869
      vertex 35.534 34 210.731
      vertex 35.534 31.3 210.731
    endloop
  endfacet
  facet normal 0.946802 -0 0.321817
    outer loop
      vertex 33.0145 0 211.586
      vertex 33.0818 1.2 211.388
      vertex 33.0145 1.2 211.586
    endloop
  endfacet
  facet normal 0.946802 0 0.321817
    outer loop
      vertex 33.0818 1.2 211.388
      vertex 33.0145 0 211.586
      vertex 33.0818 0 211.388
    endloop
  endfacet
  facet normal 0.946802 -0 0.321817
    outer loop
      vertex 33.0145 31.3 211.586
      vertex 33.0818 34 211.388
      vertex 33.0145 34 211.586
    endloop
  endfacet
  facet normal 0.946802 0 0.321817
    outer loop
      vertex 33.0818 34 211.388
      vertex 33.0145 31.3 211.586
      vertex 33.0818 31.3 211.388
    endloop
  endfacet
  facet normal 0.440119 0 -0.897939
    outer loop
      vertex 33.76 0 213.386
      vertex 33.9477 1.2 213.478
      vertex 33.9477 0 213.478
    endloop
  endfacet
  facet normal 0.440119 0 -0.897939
    outer loop
      vertex 33.9477 1.2 213.478
      vertex 33.76 0 213.386
      vertex 33.76 1.2 213.386
    endloop
  endfacet
  facet normal 0.440119 0 -0.897939
    outer loop
      vertex 33.76 31.3 213.386
      vertex 33.9477 34 213.478
      vertex 33.9477 31.3 213.478
    endloop
  endfacet
  facet normal 0.440119 0 -0.897939
    outer loop
      vertex 33.9477 34 213.478
      vertex 33.76 31.3 213.386
      vertex 33.76 34 213.386
    endloop
  endfacet
  facet normal -0.440119 0 -0.897939
    outer loop
      vertex 35.1723 0 213.478
      vertex 35.36 1.2 213.386
      vertex 35.36 0 213.386
    endloop
  endfacet
  facet normal -0.440119 0 -0.897939
    outer loop
      vertex 35.36 1.2 213.386
      vertex 35.1723 0 213.478
      vertex 35.1723 1.2 213.478
    endloop
  endfacet
  facet normal -0.440119 0 -0.897939
    outer loop
      vertex 35.1723 31.3 213.478
      vertex 35.36 34 213.386
      vertex 35.36 31.3 213.386
    endloop
  endfacet
  facet normal -0.440119 0 -0.897939
    outer loop
      vertex 35.36 34 213.386
      vertex 35.1723 31.3 213.478
      vertex 35.1723 34 213.478
    endloop
  endfacet
  facet normal -0.897083 0 -0.441861
    outer loop
      vertex 36.0382 0 212.612
      vertex 35.9456 1.2 212.8
      vertex 36.0382 1.2 212.612
    endloop
  endfacet
  facet normal -0.897083 -0 -0.441861
    outer loop
      vertex 35.9456 1.2 212.8
      vertex 36.0382 0 212.612
      vertex 35.9456 0 212.8
    endloop
  endfacet
  facet normal -0.897083 0 -0.441861
    outer loop
      vertex 36.0382 31.3 212.612
      vertex 35.9456 34 212.8
      vertex 36.0382 34 212.612
    endloop
  endfacet
  facet normal -0.897083 -0 -0.441861
    outer loop
      vertex 35.9456 34 212.8
      vertex 36.0382 31.3 212.612
      vertex 35.9456 31.3 212.8
    endloop
  endfacet
  facet normal 0.557998 0 -0.829843
    outer loop
      vertex 33.586 0 213.269
      vertex 33.76 1.2 213.386
      vertex 33.76 0 213.386
    endloop
  endfacet
  facet normal 0.557998 0 -0.829843
    outer loop
      vertex 33.76 1.2 213.386
      vertex 33.586 0 213.269
      vertex 33.586 1.2 213.269
    endloop
  endfacet
  facet normal 0.557998 0 -0.829843
    outer loop
      vertex 33.586 31.3 213.269
      vertex 33.76 34 213.386
      vertex 33.76 31.3 213.386
    endloop
  endfacet
  facet normal 0.557998 0 -0.829843
    outer loop
      vertex 33.76 34 213.386
      vertex 33.586 31.3 213.269
      vertex 33.586 34 213.269
    endloop
  endfacet
  facet normal -0.32024 0 0.947336
    outer loop
      vertex 34.9741 1.2 210.455
      vertex 35.1723 0 210.522
      vertex 35.1723 1.2 210.522
    endloop
  endfacet
  facet normal -0.32024 0 0.947336
    outer loop
      vertex 35.1723 0 210.522
      vertex 34.9741 1.2 210.455
      vertex 34.9741 0 210.455
    endloop
  endfacet
  facet normal -0.32024 0 0.947336
    outer loop
      vertex 34.9741 34 210.455
      vertex 35.1723 31.3 210.522
      vertex 35.1723 34 210.522
    endloop
  endfacet
  facet normal -0.32024 0 0.947336
    outer loop
      vertex 35.1723 31.3 210.522
      vertex 34.9741 34 210.455
      vertex 34.9741 31.3 210.455
    endloop
  endfacet
  facet normal 0.980764 -0 0.195196
    outer loop
      vertex 32.9737 0 211.791
      vertex 33.0145 1.2 211.586
      vertex 32.9737 1.2 211.791
    endloop
  endfacet
  facet normal 0.980764 0 0.195196
    outer loop
      vertex 33.0145 1.2 211.586
      vertex 32.9737 0 211.791
      vertex 33.0145 0 211.586
    endloop
  endfacet
  facet normal 0.980764 -0 0.195196
    outer loop
      vertex 32.9737 31.3 211.791
      vertex 33.0145 34 211.586
      vertex 32.9737 34 211.791
    endloop
  endfacet
  facet normal 0.980764 0 0.195196
    outer loop
      vertex 33.0145 34 211.586
      vertex 32.9737 31.3 211.791
      vertex 33.0145 31.3 211.586
    endloop
  endfacet
  facet normal 0.659248 0 0.751925
    outer loop
      vertex 33.4286 1.2 210.869
      vertex 33.586 0 210.731
      vertex 33.586 1.2 210.731
    endloop
  endfacet
  facet normal 0.659248 0 0.751925
    outer loop
      vertex 33.586 0 210.731
      vertex 33.4286 1.2 210.869
      vertex 33.4286 0 210.869
    endloop
  endfacet
  facet normal 0.659248 0 0.751925
    outer loop
      vertex 33.4286 34 210.869
      vertex 33.586 31.3 210.731
      vertex 33.586 34 210.731
    endloop
  endfacet
  facet normal 0.659248 0 0.751925
    outer loop
      vertex 33.586 31.3 210.731
      vertex 33.4286 34 210.869
      vertex 33.4286 31.3 210.869
    endloop
  endfacet
  facet normal 0.997858 0 -0.0654099
    outer loop
      vertex 32.9737 0 212.209
      vertex 32.96 1.2 212
      vertex 32.9737 1.2 212.209
    endloop
  endfacet
  facet normal 0.997858 0 -0.0654099
    outer loop
      vertex 32.96 1.2 212
      vertex 32.9737 0 212.209
      vertex 32.96 0 212
    endloop
  endfacet
  facet normal 0.997858 0 -0.0654099
    outer loop
      vertex 32.9737 31.3 212.209
      vertex 32.96 34 212
      vertex 32.9737 34 212.209
    endloop
  endfacet
  facet normal 0.997858 0 -0.0654099
    outer loop
      vertex 32.96 34 212
      vertex 32.9737 31.3 212.209
      vertex 32.96 31.3 212
    endloop
  endfacet
  facet normal 0.897083 0 -0.441861
    outer loop
      vertex 33.1744 0 212.8
      vertex 33.0818 1.2 212.612
      vertex 33.1744 1.2 212.8
    endloop
  endfacet
  facet normal 0.897083 0 -0.441861
    outer loop
      vertex 33.0818 1.2 212.612
      vertex 33.1744 0 212.8
      vertex 33.0818 0 212.612
    endloop
  endfacet
  facet normal 0.897083 0 -0.441861
    outer loop
      vertex 33.1744 31.3 212.8
      vertex 33.0818 34 212.612
      vertex 33.1744 34 212.8
    endloop
  endfacet
  facet normal 0.897083 0 -0.441861
    outer loop
      vertex 33.0818 34 212.612
      vertex 33.1744 31.3 212.8
      vertex 33.0818 31.3 212.612
    endloop
  endfacet
  facet normal 0.32024 0 -0.947336
    outer loop
      vertex 33.9477 0 213.478
      vertex 34.1459 1.2 213.545
      vertex 34.1459 0 213.545
    endloop
  endfacet
  facet normal 0.32024 0 -0.947336
    outer loop
      vertex 34.1459 1.2 213.545
      vertex 33.9477 0 213.478
      vertex 33.9477 1.2 213.478
    endloop
  endfacet
  facet normal 0.32024 0 -0.947336
    outer loop
      vertex 33.9477 31.3 213.478
      vertex 34.1459 34 213.545
      vertex 34.1459 31.3 213.545
    endloop
  endfacet
  facet normal 0.32024 0 -0.947336
    outer loop
      vertex 34.1459 34 213.545
      vertex 33.9477 31.3 213.478
      vertex 33.9477 34 213.478
    endloop
  endfacet
  facet normal -0.195841 0 -0.980636
    outer loop
      vertex 34.7688 31.3 213.586
      vertex 34.9741 34 213.545
      vertex 34.9741 31.3 213.545
    endloop
  endfacet
  facet normal -0.195841 0 -0.980636
    outer loop
      vertex 34.9741 34 213.545
      vertex 34.7688 31.3 213.586
      vertex 34.7688 34 213.586
    endloop
  endfacet
  facet normal -0.195841 0 -0.980636
    outer loop
      vertex 34.7688 0 213.586
      vertex 34.9741 1.2 213.545
      vertex 34.9741 0 213.545
    endloop
  endfacet
  facet normal -0.195841 0 -0.980636
    outer loop
      vertex 34.9741 1.2 213.545
      vertex 34.7688 0 213.586
      vertex 34.7688 1.2 213.586
    endloop
  endfacet
  facet normal 0.195841 0 -0.980636
    outer loop
      vertex 34.1459 31.3 213.545
      vertex 34.3512 34 213.586
      vertex 34.3512 31.3 213.586
    endloop
  endfacet
  facet normal 0.195841 0 -0.980636
    outer loop
      vertex 34.3512 34 213.586
      vertex 34.1459 31.3 213.545
      vertex 34.1459 34 213.545
    endloop
  endfacet
  facet normal 0.195841 0 -0.980636
    outer loop
      vertex 34.1459 0 213.545
      vertex 34.3512 1.2 213.586
      vertex 34.3512 0 213.586
    endloop
  endfacet
  facet normal 0.195841 0 -0.980636
    outer loop
      vertex 34.3512 1.2 213.586
      vertex 34.1459 0 213.545
      vertex 34.1459 1.2 213.545
    endloop
  endfacet
  facet normal 0.0668996 0 -0.99776
    outer loop
      vertex 34.3512 31.3 213.586
      vertex 34.56 34 213.6
      vertex 34.56 31.3 213.6
    endloop
  endfacet
  facet normal 0.0668996 0 -0.99776
    outer loop
      vertex 34.56 34 213.6
      vertex 34.3512 31.3 213.586
      vertex 34.3512 34 213.586
    endloop
  endfacet
  facet normal 0.0668996 0 -0.99776
    outer loop
      vertex 34.3512 0 213.586
      vertex 34.56 1.2 213.6
      vertex 34.56 0 213.6
    endloop
  endfacet
  facet normal 0.0668996 0 -0.99776
    outer loop
      vertex 34.56 1.2 213.6
      vertex 34.3512 0 213.586
      vertex 34.3512 1.2 213.586
    endloop
  endfacet
  facet normal -0.557998 0 -0.829843
    outer loop
      vertex 35.36 0 213.386
      vertex 35.534 1.2 213.269
      vertex 35.534 0 213.269
    endloop
  endfacet
  facet normal -0.557998 0 -0.829843
    outer loop
      vertex 35.534 1.2 213.269
      vertex 35.36 0 213.386
      vertex 35.36 1.2 213.386
    endloop
  endfacet
  facet normal -0.557998 0 -0.829843
    outer loop
      vertex 35.36 31.3 213.386
      vertex 35.534 34 213.269
      vertex 35.534 31.3 213.269
    endloop
  endfacet
  facet normal -0.557998 0 -0.829843
    outer loop
      vertex 35.534 34 213.269
      vertex 35.36 31.3 213.386
      vertex 35.36 34 213.386
    endloop
  endfacet
  facet normal 0.997858 -0 0.0654099
    outer loop
      vertex 32.96 0 212
      vertex 32.9737 1.2 211.791
      vertex 32.96 1.2 212
    endloop
  endfacet
  facet normal 0.997858 0 0.0654099
    outer loop
      vertex 32.9737 1.2 211.791
      vertex 32.96 0 212
      vertex 32.9737 0 211.791
    endloop
  endfacet
  facet normal 0.997858 -0 0.0654099
    outer loop
      vertex 32.96 31.3 212
      vertex 32.9737 34 211.791
      vertex 32.96 34 212
    endloop
  endfacet
  facet normal 0.997858 0 0.0654099
    outer loop
      vertex 32.9737 34 211.791
      vertex 32.96 31.3 212
      vertex 32.9737 31.3 211.791
    endloop
  endfacet
  facet normal 0.980764 0 -0.195196
    outer loop
      vertex 33.0145 0 212.414
      vertex 32.9737 1.2 212.209
      vertex 33.0145 1.2 212.414
    endloop
  endfacet
  facet normal 0.980764 0 -0.195196
    outer loop
      vertex 32.9737 1.2 212.209
      vertex 33.0145 0 212.414
      vertex 32.9737 0 212.209
    endloop
  endfacet
  facet normal 0.980764 0 -0.195196
    outer loop
      vertex 33.0145 31.3 212.414
      vertex 32.9737 34 212.209
      vertex 33.0145 34 212.414
    endloop
  endfacet
  facet normal 0.980764 0 -0.195196
    outer loop
      vertex 32.9737 34 212.209
      vertex 33.0145 31.3 212.414
      vertex 32.9737 31.3 212.209
    endloop
  endfacet
  facet normal -0.557998 0 0.829843
    outer loop
      vertex 35.36 1.2 210.614
      vertex 35.534 0 210.731
      vertex 35.534 1.2 210.731
    endloop
  endfacet
  facet normal -0.557998 0 0.829843
    outer loop
      vertex 35.534 0 210.731
      vertex 35.36 1.2 210.614
      vertex 35.36 0 210.614
    endloop
  endfacet
  facet normal -0.557998 0 0.829843
    outer loop
      vertex 35.36 34 210.614
      vertex 35.534 31.3 210.731
      vertex 35.534 34 210.731
    endloop
  endfacet
  facet normal -0.557998 0 0.829843
    outer loop
      vertex 35.534 31.3 210.731
      vertex 35.36 34 210.614
      vertex 35.36 31.3 210.614
    endloop
  endfacet
  facet normal 0.946802 0 -0.321817
    outer loop
      vertex 33.0818 0 212.612
      vertex 33.0145 1.2 212.414
      vertex 33.0818 1.2 212.612
    endloop
  endfacet
  facet normal 0.946802 0 -0.321817
    outer loop
      vertex 33.0145 1.2 212.414
      vertex 33.0818 0 212.612
      vertex 33.0145 0 212.414
    endloop
  endfacet
  facet normal 0.946802 0 -0.321817
    outer loop
      vertex 33.0818 31.3 212.612
      vertex 33.0145 34 212.414
      vertex 33.0818 34 212.612
    endloop
  endfacet
  facet normal 0.946802 0 -0.321817
    outer loop
      vertex 33.0145 34 212.414
      vertex 33.0818 31.3 212.612
      vertex 33.0145 31.3 212.414
    endloop
  endfacet
  facet normal 0.659248 0 -0.751925
    outer loop
      vertex 33.4286 0 213.131
      vertex 33.586 1.2 213.269
      vertex 33.586 0 213.269
    endloop
  endfacet
  facet normal 0.659248 0 -0.751925
    outer loop
      vertex 33.586 1.2 213.269
      vertex 33.4286 0 213.131
      vertex 33.4286 1.2 213.131
    endloop
  endfacet
  facet normal 0.659248 0 -0.751925
    outer loop
      vertex 33.4286 31.3 213.131
      vertex 33.586 34 213.269
      vertex 33.586 31.3 213.269
    endloop
  endfacet
  facet normal 0.659248 0 -0.751925
    outer loop
      vertex 33.586 34 213.269
      vertex 33.4286 31.3 213.131
      vertex 33.4286 34 213.131
    endloop
  endfacet
  facet normal 0.195841 0 0.980636
    outer loop
      vertex 34.1459 1.2 210.455
      vertex 34.3512 0 210.414
      vertex 34.3512 1.2 210.414
    endloop
  endfacet
  facet normal 0.195841 0 0.980636
    outer loop
      vertex 34.3512 0 210.414
      vertex 34.1459 1.2 210.455
      vertex 34.1459 0 210.455
    endloop
  endfacet
  facet normal 0.195841 0 0.980636
    outer loop
      vertex 34.1459 34 210.455
      vertex 34.3512 31.3 210.414
      vertex 34.3512 34 210.414
    endloop
  endfacet
  facet normal 0.195841 0 0.980636
    outer loop
      vertex 34.3512 31.3 210.414
      vertex 34.1459 34 210.455
      vertex 34.1459 31.3 210.455
    endloop
  endfacet
  facet normal -0.440119 0 0.897939
    outer loop
      vertex 35.1723 1.2 210.522
      vertex 35.36 0 210.614
      vertex 35.36 1.2 210.614
    endloop
  endfacet
  facet normal -0.440119 0 0.897939
    outer loop
      vertex 35.36 0 210.614
      vertex 35.1723 1.2 210.522
      vertex 35.1723 0 210.522
    endloop
  endfacet
  facet normal -0.440119 0 0.897939
    outer loop
      vertex 35.1723 34 210.522
      vertex 35.36 31.3 210.614
      vertex 35.36 34 210.614
    endloop
  endfacet
  facet normal -0.440119 0 0.897939
    outer loop
      vertex 35.36 31.3 210.614
      vertex 35.1723 34 210.522
      vertex 35.1723 31.3 210.522
    endloop
  endfacet
  facet normal -0.997858 0 0.0654099
    outer loop
      vertex 36.1463 0 211.791
      vertex 36.16 1.2 212
      vertex 36.1463 1.2 211.791
    endloop
  endfacet
  facet normal -0.997858 0 0.0654099
    outer loop
      vertex 36.16 1.2 212
      vertex 36.1463 0 211.791
      vertex 36.16 0 212
    endloop
  endfacet
  facet normal -0.997858 0 0.0654099
    outer loop
      vertex 36.1463 31.3 211.791
      vertex 36.16 34 212
      vertex 36.1463 34 211.791
    endloop
  endfacet
  facet normal -0.997858 0 0.0654099
    outer loop
      vertex 36.16 34 212
      vertex 36.1463 31.3 211.791
      vertex 36.16 31.3 212
    endloop
  endfacet
  facet normal -0.195841 0 0.980636
    outer loop
      vertex 34.7688 1.2 210.414
      vertex 34.9741 0 210.455
      vertex 34.9741 1.2 210.455
    endloop
  endfacet
  facet normal -0.195841 0 0.980636
    outer loop
      vertex 34.9741 0 210.455
      vertex 34.7688 1.2 210.414
      vertex 34.7688 0 210.414
    endloop
  endfacet
  facet normal -0.195841 0 0.980636
    outer loop
      vertex 34.7688 34 210.414
      vertex 34.9741 31.3 210.455
      vertex 34.9741 34 210.455
    endloop
  endfacet
  facet normal -0.195841 0 0.980636
    outer loop
      vertex 34.9741 31.3 210.455
      vertex 34.7688 34 210.414
      vertex 34.7688 31.3 210.414
    endloop
  endfacet
  facet normal -0.897083 0 0.441861
    outer loop
      vertex 35.9456 0 211.2
      vertex 36.0382 1.2 211.388
      vertex 35.9456 1.2 211.2
    endloop
  endfacet
  facet normal -0.897083 0 0.441861
    outer loop
      vertex 36.0382 1.2 211.388
      vertex 35.9456 0 211.2
      vertex 36.0382 0 211.388
    endloop
  endfacet
  facet normal -0.897083 0 0.441861
    outer loop
      vertex 35.9456 31.3 211.2
      vertex 36.0382 34 211.388
      vertex 35.9456 34 211.2
    endloop
  endfacet
  facet normal -0.897083 0 0.441861
    outer loop
      vertex 36.0382 34 211.388
      vertex 35.9456 31.3 211.2
      vertex 36.0382 31.3 211.388
    endloop
  endfacet
  facet normal 0.557998 0 0.829843
    outer loop
      vertex 33.586 1.2 210.731
      vertex 33.76 0 210.614
      vertex 33.76 1.2 210.614
    endloop
  endfacet
  facet normal 0.557998 0 0.829843
    outer loop
      vertex 33.76 0 210.614
      vertex 33.586 1.2 210.731
      vertex 33.586 0 210.731
    endloop
  endfacet
  facet normal 0.557998 0 0.829843
    outer loop
      vertex 33.586 34 210.731
      vertex 33.76 31.3 210.614
      vertex 33.76 34 210.614
    endloop
  endfacet
  facet normal 0.557998 0 0.829843
    outer loop
      vertex 33.76 31.3 210.614
      vertex 33.586 34 210.731
      vertex 33.586 31.3 210.731
    endloop
  endfacet
  facet normal -0.0668996 0 0.99776
    outer loop
      vertex 34.56 1.2 210.4
      vertex 34.7688 0 210.414
      vertex 34.7688 1.2 210.414
    endloop
  endfacet
  facet normal -0.0668996 0 0.99776
    outer loop
      vertex 34.7688 0 210.414
      vertex 34.56 1.2 210.4
      vertex 34.56 0 210.4
    endloop
  endfacet
  facet normal -0.0668996 0 0.99776
    outer loop
      vertex 34.56 34 210.4
      vertex 34.7688 31.3 210.414
      vertex 34.7688 34 210.414
    endloop
  endfacet
  facet normal -0.0668996 0 0.99776
    outer loop
      vertex 34.7688 31.3 210.414
      vertex 34.56 34 210.4
      vertex 34.56 31.3 210.4
    endloop
  endfacet
  facet normal 0.32024 0 0.947336
    outer loop
      vertex 33.9477 1.2 210.522
      vertex 34.1459 0 210.455
      vertex 34.1459 1.2 210.455
    endloop
  endfacet
  facet normal 0.32024 0 0.947336
    outer loop
      vertex 34.1459 0 210.455
      vertex 33.9477 1.2 210.522
      vertex 33.9477 0 210.522
    endloop
  endfacet
  facet normal 0.32024 0 0.947336
    outer loop
      vertex 33.9477 34 210.522
      vertex 34.1459 31.3 210.455
      vertex 34.1459 34 210.455
    endloop
  endfacet
  facet normal 0.32024 0 0.947336
    outer loop
      vertex 34.1459 31.3 210.455
      vertex 33.9477 34 210.522
      vertex 33.9477 31.3 210.522
    endloop
  endfacet
  facet normal 0.0668996 0 0.99776
    outer loop
      vertex 34.3512 1.2 210.414
      vertex 34.56 0 210.4
      vertex 34.56 1.2 210.4
    endloop
  endfacet
  facet normal 0.0668996 0 0.99776
    outer loop
      vertex 34.56 0 210.4
      vertex 34.3512 1.2 210.414
      vertex 34.3512 0 210.414
    endloop
  endfacet
  facet normal 0.0668996 0 0.99776
    outer loop
      vertex 34.3512 34 210.414
      vertex 34.56 31.3 210.4
      vertex 34.56 34 210.4
    endloop
  endfacet
  facet normal 0.0668996 0 0.99776
    outer loop
      vertex 34.56 31.3 210.4
      vertex 34.3512 34 210.414
      vertex 34.3512 31.3 210.414
    endloop
  endfacet
  facet normal -0.751093 0 0.660196
    outer loop
      vertex 35.6914 0 210.869
      vertex 35.8294 1.2 211.026
      vertex 35.6914 1.2 210.869
    endloop
  endfacet
  facet normal -0.751093 0 0.660196
    outer loop
      vertex 35.8294 1.2 211.026
      vertex 35.6914 0 210.869
      vertex 35.8294 0 211.026
    endloop
  endfacet
  facet normal -0.751093 0 0.660196
    outer loop
      vertex 35.6914 31.3 210.869
      vertex 35.8294 34 211.026
      vertex 35.6914 34 210.869
    endloop
  endfacet
  facet normal -0.751093 0 0.660196
    outer loop
      vertex 35.8294 34 211.026
      vertex 35.6914 31.3 210.869
      vertex 35.8294 31.3 211.026
    endloop
  endfacet
  facet normal 0.897083 -0 0.441861
    outer loop
      vertex 33.0818 0 211.388
      vertex 33.1744 1.2 211.2
      vertex 33.0818 1.2 211.388
    endloop
  endfacet
  facet normal 0.897083 0 0.441861
    outer loop
      vertex 33.1744 1.2 211.2
      vertex 33.0818 0 211.388
      vertex 33.1744 0 211.2
    endloop
  endfacet
  facet normal 0.897083 -0 0.441861
    outer loop
      vertex 33.0818 31.3 211.388
      vertex 33.1744 34 211.2
      vertex 33.0818 34 211.388
    endloop
  endfacet
  facet normal 0.897083 0 0.441861
    outer loop
      vertex 33.1744 34 211.2
      vertex 33.0818 31.3 211.388
      vertex 33.1744 31.3 211.2
    endloop
  endfacet
  facet normal 0.831609 -0 0.555362
    outer loop
      vertex 33.1744 0 211.2
      vertex 33.2906 1.2 211.026
      vertex 33.1744 1.2 211.2
    endloop
  endfacet
  facet normal 0.831609 0 0.555362
    outer loop
      vertex 33.2906 1.2 211.026
      vertex 33.1744 0 211.2
      vertex 33.2906 0 211.026
    endloop
  endfacet
  facet normal 0.831609 -0 0.555362
    outer loop
      vertex 33.1744 31.3 211.2
      vertex 33.2906 34 211.026
      vertex 33.1744 34 211.2
    endloop
  endfacet
  facet normal 0.831609 0 0.555362
    outer loop
      vertex 33.2906 34 211.026
      vertex 33.1744 31.3 211.2
      vertex 33.2906 31.3 211.026
    endloop
  endfacet
  facet normal 0 0.194922 -0.980819
    outer loop
      vertex 45.6 11.4859 51.5455
      vertex 48 11.6912 51.5863
      vertex 48 11.4859 51.5455
    endloop
  endfacet
  facet normal 0 0.194922 -0.980819
    outer loop
      vertex 48 11.6912 51.5863
      vertex 45.6 11.4859 51.5455
      vertex 45.6 11.6912 51.5863
    endloop
  endfacet
  facet normal 0 -0.321526 0.946901
    outer loop
      vertex 45.6 12.5123 48.5218
      vertex 48 12.3141 48.4545
      vertex 48 12.5123 48.5218
    endloop
  endfacet
  facet normal 0 -0.321526 0.946901
    outer loop
      vertex 48 12.3141 48.4545
      vertex 45.6 12.5123 48.5218
      vertex 45.6 12.3141 48.4545
    endloop
  endfacet
  facet normal 0 -0.555362 0.831609
    outer loop
      vertex 45.6 12.874 48.7306
      vertex 48 12.7 48.6144
      vertex 48 12.874 48.7306
    endloop
  endfacet
  facet normal 0 -0.555362 0.831609
    outer loop
      vertex 48 12.7 48.6144
      vertex 45.6 12.874 48.7306
      vertex 45.6 12.7 48.6144
    endloop
  endfacet
  facet normal -0 0.321526 0.946901
    outer loop
      vertex 45.6 11.4859 48.4545
      vertex 48 11.2877 48.5218
      vertex 48 11.4859 48.4545
    endloop
  endfacet
  facet normal 0 0.321526 0.946901
    outer loop
      vertex 48 11.2877 48.5218
      vertex 45.6 11.4859 48.4545
      vertex 45.6 11.2877 48.5218
    endloop
  endfacet
  facet normal 0 -0.751925 0.659248
    outer loop
      vertex 45.6 13.0314 48.8686
      vertex 48 13.1694 49.026
      vertex 45.6 13.1694 49.026
    endloop
  endfacet
  facet normal 0 -0.751925 0.659248
    outer loop
      vertex 48 13.1694 49.026
      vertex 45.6 13.0314 48.8686
      vertex 48 13.0314 48.8686
    endloop
  endfacet
  facet normal 0 -0.442429 0.896803
    outer loop
      vertex 45.6 12.7 48.6144
      vertex 48 12.5123 48.5218
      vertex 48 12.7 48.6144
    endloop
  endfacet
  facet normal 0 -0.442429 0.896803
    outer loop
      vertex 48 12.5123 48.5218
      vertex 45.6 12.7 48.6144
      vertex 45.6 12.5123 48.5218
    endloop
  endfacet
  facet normal 0 -0.0654722 0.997854
    outer loop
      vertex 45.6 12.1088 48.4137
      vertex 48 11.9 48.4
      vertex 48 12.1088 48.4137
    endloop
  endfacet
  facet normal 0 -0.0654722 0.997854
    outer loop
      vertex 48 11.9 48.4
      vertex 45.6 12.1088 48.4137
      vertex 45.6 11.9 48.4
    endloop
  endfacet
  facet normal 0 -0.997854 0.0654722
    outer loop
      vertex 45.6 13.4863 49.7912
      vertex 48 13.5 50
      vertex 45.6 13.5 50
    endloop
  endfacet
  facet normal 0 -0.997854 0.0654722
    outer loop
      vertex 48 13.5 50
      vertex 45.6 13.4863 49.7912
      vertex 48 13.4863 49.7912
    endloop
  endfacet
  facet normal 0 0.659248 -0.751925
    outer loop
      vertex 45.6 10.7686 51.1314
      vertex 48 10.926 51.2694
      vertex 48 10.7686 51.1314
    endloop
  endfacet
  facet normal 0 0.659248 -0.751925
    outer loop
      vertex 48 10.926 51.2694
      vertex 45.6 10.7686 51.1314
      vertex 45.6 10.926 51.2694
    endloop
  endfacet
  facet normal -0 0.442429 0.896803
    outer loop
      vertex 45.6 11.2877 48.5218
      vertex 48 11.1 48.6144
      vertex 48 11.2877 48.5218
    endloop
  endfacet
  facet normal 0 0.442429 0.896803
    outer loop
      vertex 48 11.1 48.6144
      vertex 45.6 11.2877 48.5218
      vertex 45.6 11.1 48.6144
    endloop
  endfacet
  facet normal 0 0.946901 -0.321526
    outer loop
      vertex 48 10.3545 50.4141
      vertex 45.6 10.4218 50.6123
      vertex 48 10.4218 50.6123
    endloop
  endfacet
  facet normal 0 0.946901 -0.321526
    outer loop
      vertex 45.6 10.4218 50.6123
      vertex 48 10.3545 50.4141
      vertex 45.6 10.3545 50.4141
    endloop
  endfacet
  facet normal 0 -0.980819 -0.194922
    outer loop
      vertex 45.6 13.4863 50.2088
      vertex 48 13.4455 50.4141
      vertex 45.6 13.4455 50.4141
    endloop
  endfacet
  facet normal 0 -0.980819 -0.194922
    outer loop
      vertex 48 13.4455 50.4141
      vertex 45.6 13.4863 50.2088
      vertex 48 13.4863 50.2088
    endloop
  endfacet
  facet normal 0 -0.946901 0.321526
    outer loop
      vertex 45.6 13.3782 49.3877
      vertex 48 13.4455 49.5859
      vertex 45.6 13.4455 49.5859
    endloop
  endfacet
  facet normal 0 -0.946901 0.321526
    outer loop
      vertex 48 13.4455 49.5859
      vertex 45.6 13.3782 49.3877
      vertex 48 13.3782 49.3877
    endloop
  endfacet
  facet normal 0 0.555362 -0.831609
    outer loop
      vertex 45.6 10.926 51.2694
      vertex 48 11.1 51.3856
      vertex 48 10.926 51.2694
    endloop
  endfacet
  facet normal 0 0.555362 -0.831609
    outer loop
      vertex 48 11.1 51.3856
      vertex 45.6 10.926 51.2694
      vertex 45.6 11.1 51.3856
    endloop
  endfacet
  facet normal 0 0.997854 0.0654722
    outer loop
      vertex 48 10.3137 49.7912
      vertex 45.6 10.3 50
      vertex 48 10.3 50
    endloop
  endfacet
  facet normal 0 0.997854 0.0654722
    outer loop
      vertex 45.6 10.3 50
      vertex 48 10.3137 49.7912
      vertex 45.6 10.3137 49.7912
    endloop
  endfacet
  facet normal 0 -0.946901 -0.321526
    outer loop
      vertex 45.6 13.4455 50.4141
      vertex 48 13.3782 50.6123
      vertex 45.6 13.3782 50.6123
    endloop
  endfacet
  facet normal 0 -0.946901 -0.321526
    outer loop
      vertex 48 13.3782 50.6123
      vertex 45.6 13.4455 50.4141
      vertex 48 13.4455 50.4141
    endloop
  endfacet
  facet normal 0 -0.896803 -0.442429
    outer loop
      vertex 45.6 13.3782 50.6123
      vertex 48 13.2856 50.8
      vertex 45.6 13.2856 50.8
    endloop
  endfacet
  facet normal 0 -0.896803 -0.442429
    outer loop
      vertex 48 13.2856 50.8
      vertex 45.6 13.3782 50.6123
      vertex 48 13.3782 50.6123
    endloop
  endfacet
  facet normal 0 0.997854 -0.0654722
    outer loop
      vertex 48 10.3 50
      vertex 45.6 10.3137 50.2088
      vertex 48 10.3137 50.2088
    endloop
  endfacet
  facet normal 0 0.997854 -0.0654722
    outer loop
      vertex 45.6 10.3137 50.2088
      vertex 48 10.3 50
      vertex 45.6 10.3 50
    endloop
  endfacet
  facet normal 0 0.946901 0.321526
    outer loop
      vertex 48 10.4218 49.3877
      vertex 45.6 10.3545 49.5859
      vertex 48 10.3545 49.5859
    endloop
  endfacet
  facet normal 0 0.946901 0.321526
    outer loop
      vertex 45.6 10.3545 49.5859
      vertex 48 10.4218 49.3877
      vertex 45.6 10.4218 49.3877
    endloop
  endfacet
  facet normal 0 -0.659248 -0.751925
    outer loop
      vertex 45.6 12.874 51.2694
      vertex 48 13.0314 51.1314
      vertex 48 12.874 51.2694
    endloop
  endfacet
  facet normal -0 -0.659248 -0.751925
    outer loop
      vertex 48 13.0314 51.1314
      vertex 45.6 12.874 51.2694
      vertex 45.6 13.0314 51.1314
    endloop
  endfacet
  facet normal 0 0.896803 0.442429
    outer loop
      vertex 48 10.5144 49.2
      vertex 45.6 10.4218 49.3877
      vertex 48 10.4218 49.3877
    endloop
  endfacet
  facet normal 0 0.896803 0.442429
    outer loop
      vertex 45.6 10.4218 49.3877
      vertex 48 10.5144 49.2
      vertex 45.6 10.5144 49.2
    endloop
  endfacet
  facet normal 0 0.831609 -0.555362
    outer loop
      vertex 48 10.5144 50.8
      vertex 45.6 10.6306 50.974
      vertex 48 10.6306 50.974
    endloop
  endfacet
  facet normal 0 0.831609 -0.555362
    outer loop
      vertex 45.6 10.6306 50.974
      vertex 48 10.5144 50.8
      vertex 45.6 10.5144 50.8
    endloop
  endfacet
  facet normal 0 -0.896803 0.442429
    outer loop
      vertex 45.6 13.2856 49.2
      vertex 48 13.3782 49.3877
      vertex 45.6 13.3782 49.3877
    endloop
  endfacet
  facet normal 0 -0.896803 0.442429
    outer loop
      vertex 48 13.3782 49.3877
      vertex 45.6 13.2856 49.2
      vertex 48 13.2856 49.2
    endloop
  endfacet
  facet normal 0 -0.997854 -0.0654722
    outer loop
      vertex 45.6 13.5 50
      vertex 48 13.4863 50.2088
      vertex 45.6 13.4863 50.2088
    endloop
  endfacet
  facet normal 0 -0.997854 -0.0654722
    outer loop
      vertex 48 13.4863 50.2088
      vertex 45.6 13.5 50
      vertex 48 13.5 50
    endloop
  endfacet
  facet normal 0 -0.831609 0.555362
    outer loop
      vertex 45.6 13.1694 49.026
      vertex 48 13.2856 49.2
      vertex 45.6 13.2856 49.2
    endloop
  endfacet
  facet normal 0 -0.831609 0.555362
    outer loop
      vertex 48 13.2856 49.2
      vertex 45.6 13.1694 49.026
      vertex 48 13.1694 49.026
    endloop
  endfacet
  facet normal 0 -0.831609 -0.555362
    outer loop
      vertex 45.6 13.2856 50.8
      vertex 48 13.1694 50.974
      vertex 45.6 13.1694 50.974
    endloop
  endfacet
  facet normal 0 -0.831609 -0.555362
    outer loop
      vertex 48 13.1694 50.974
      vertex 45.6 13.2856 50.8
      vertex 48 13.2856 50.8
    endloop
  endfacet
  facet normal -0 0.194922 0.980819
    outer loop
      vertex 45.6 11.6912 48.4137
      vertex 48 11.4859 48.4545
      vertex 48 11.6912 48.4137
    endloop
  endfacet
  facet normal 0 0.194922 0.980819
    outer loop
      vertex 48 11.4859 48.4545
      vertex 45.6 11.6912 48.4137
      vertex 45.6 11.4859 48.4545
    endloop
  endfacet
  facet normal 0 0.831609 0.555362
    outer loop
      vertex 48 10.6306 49.026
      vertex 45.6 10.5144 49.2
      vertex 48 10.5144 49.2
    endloop
  endfacet
  facet normal 0 0.831609 0.555362
    outer loop
      vertex 45.6 10.5144 49.2
      vertex 48 10.6306 49.026
      vertex 45.6 10.6306 49.026
    endloop
  endfacet
  facet normal 0 0.980819 0.194922
    outer loop
      vertex 48 10.3545 49.5859
      vertex 45.6 10.3137 49.7912
      vertex 48 10.3137 49.7912
    endloop
  endfacet
  facet normal 0 0.980819 0.194922
    outer loop
      vertex 45.6 10.3137 49.7912
      vertex 48 10.3545 49.5859
      vertex 45.6 10.3545 49.5859
    endloop
  endfacet
  facet normal 0 0.980819 -0.194922
    outer loop
      vertex 48 10.3137 50.2088
      vertex 45.6 10.3545 50.4141
      vertex 48 10.3545 50.4141
    endloop
  endfacet
  facet normal 0 0.980819 -0.194922
    outer loop
      vertex 45.6 10.3545 50.4141
      vertex 48 10.3137 50.2088
      vertex 45.6 10.3137 50.2088
    endloop
  endfacet
  facet normal 0 -0.194922 0.980819
    outer loop
      vertex 45.6 12.3141 48.4545
      vertex 48 12.1088 48.4137
      vertex 48 12.3141 48.4545
    endloop
  endfacet
  facet normal 0 -0.194922 0.980819
    outer loop
      vertex 48 12.1088 48.4137
      vertex 45.6 12.3141 48.4545
      vertex 45.6 12.1088 48.4137
    endloop
  endfacet
  facet normal -0 0.555362 0.831609
    outer loop
      vertex 45.6 11.1 48.6144
      vertex 48 10.926 48.7306
      vertex 48 11.1 48.6144
    endloop
  endfacet
  facet normal 0 0.555362 0.831609
    outer loop
      vertex 48 10.926 48.7306
      vertex 45.6 11.1 48.6144
      vertex 45.6 10.926 48.7306
    endloop
  endfacet
  facet normal 0 0.0654722 -0.997854
    outer loop
      vertex 45.6 11.6912 51.5863
      vertex 48 11.9 51.6
      vertex 48 11.6912 51.5863
    endloop
  endfacet
  facet normal 0 0.0654722 -0.997854
    outer loop
      vertex 48 11.9 51.6
      vertex 45.6 11.6912 51.5863
      vertex 45.6 11.9 51.6
    endloop
  endfacet
  facet normal 0 -0.751925 -0.659248
    outer loop
      vertex 45.6 13.1694 50.974
      vertex 48 13.0314 51.1314
      vertex 45.6 13.0314 51.1314
    endloop
  endfacet
  facet normal 0 -0.751925 -0.659248
    outer loop
      vertex 48 13.0314 51.1314
      vertex 45.6 13.1694 50.974
      vertex 48 13.1694 50.974
    endloop
  endfacet
  facet normal -0 0.0654722 0.997854
    outer loop
      vertex 45.6 11.9 48.4
      vertex 48 11.6912 48.4137
      vertex 48 11.9 48.4
    endloop
  endfacet
  facet normal 0 0.0654722 0.997854
    outer loop
      vertex 48 11.6912 48.4137
      vertex 45.6 11.9 48.4
      vertex 45.6 11.6912 48.4137
    endloop
  endfacet
  facet normal -0 0.659248 0.751925
    outer loop
      vertex 45.6 10.926 48.7306
      vertex 48 10.7686 48.8686
      vertex 48 10.926 48.7306
    endloop
  endfacet
  facet normal 0 0.659248 0.751925
    outer loop
      vertex 48 10.7686 48.8686
      vertex 45.6 10.926 48.7306
      vertex 45.6 10.7686 48.8686
    endloop
  endfacet
  facet normal 0 0.321526 -0.946901
    outer loop
      vertex 45.6 11.2877 51.4782
      vertex 48 11.4859 51.5455
      vertex 48 11.2877 51.4782
    endloop
  endfacet
  facet normal 0 0.321526 -0.946901
    outer loop
      vertex 48 11.4859 51.5455
      vertex 45.6 11.2877 51.4782
      vertex 45.6 11.4859 51.5455
    endloop
  endfacet
  facet normal 0 -0.194922 -0.980819
    outer loop
      vertex 45.6 12.1088 51.5863
      vertex 48 12.3141 51.5455
      vertex 48 12.1088 51.5863
    endloop
  endfacet
  facet normal -0 -0.194922 -0.980819
    outer loop
      vertex 48 12.3141 51.5455
      vertex 45.6 12.1088 51.5863
      vertex 45.6 12.3141 51.5455
    endloop
  endfacet
  facet normal 0 -0.980819 0.194922
    outer loop
      vertex 45.6 13.4455 49.5859
      vertex 48 13.4863 49.7912
      vertex 45.6 13.4863 49.7912
    endloop
  endfacet
  facet normal 0 -0.980819 0.194922
    outer loop
      vertex 48 13.4863 49.7912
      vertex 45.6 13.4455 49.5859
      vertex 48 13.4455 49.5859
    endloop
  endfacet
  facet normal 0 -0.659248 0.751925
    outer loop
      vertex 45.6 13.0314 48.8686
      vertex 48 12.874 48.7306
      vertex 48 13.0314 48.8686
    endloop
  endfacet
  facet normal 0 -0.659248 0.751925
    outer loop
      vertex 48 12.874 48.7306
      vertex 45.6 13.0314 48.8686
      vertex 45.6 12.874 48.7306
    endloop
  endfacet
  facet normal 0 0.751925 -0.659248
    outer loop
      vertex 48 10.6306 50.974
      vertex 45.6 10.7686 51.1314
      vertex 48 10.7686 51.1314
    endloop
  endfacet
  facet normal 0 0.751925 -0.659248
    outer loop
      vertex 45.6 10.7686 51.1314
      vertex 48 10.6306 50.974
      vertex 45.6 10.6306 50.974
    endloop
  endfacet
  facet normal 0 0.896803 -0.442429
    outer loop
      vertex 48 10.4218 50.6123
      vertex 45.6 10.5144 50.8
      vertex 48 10.5144 50.8
    endloop
  endfacet
  facet normal 0 0.896803 -0.442429
    outer loop
      vertex 45.6 10.5144 50.8
      vertex 48 10.4218 50.6123
      vertex 45.6 10.4218 50.6123
    endloop
  endfacet
  facet normal 0 -0.0654722 -0.997854
    outer loop
      vertex 45.6 11.9 51.6
      vertex 48 12.1088 51.5863
      vertex 48 11.9 51.6
    endloop
  endfacet
  facet normal -0 -0.0654722 -0.997854
    outer loop
      vertex 48 12.1088 51.5863
      vertex 45.6 11.9 51.6
      vertex 45.6 12.1088 51.5863
    endloop
  endfacet
  facet normal 0 0.751925 0.659248
    outer loop
      vertex 48 10.7686 48.8686
      vertex 45.6 10.6306 49.026
      vertex 48 10.6306 49.026
    endloop
  endfacet
  facet normal 0 0.751925 0.659248
    outer loop
      vertex 45.6 10.6306 49.026
      vertex 48 10.7686 48.8686
      vertex 45.6 10.7686 48.8686
    endloop
  endfacet
  facet normal 0 0.442429 -0.896803
    outer loop
      vertex 45.6 11.1 51.3856
      vertex 48 11.2877 51.4782
      vertex 48 11.1 51.3856
    endloop
  endfacet
  facet normal 0 0.442429 -0.896803
    outer loop
      vertex 48 11.2877 51.4782
      vertex 45.6 11.1 51.3856
      vertex 45.6 11.2877 51.4782
    endloop
  endfacet
  facet normal 0 -0.555362 -0.831609
    outer loop
      vertex 45.6 12.7 51.3856
      vertex 48 12.874 51.2694
      vertex 48 12.7 51.3856
    endloop
  endfacet
  facet normal -0 -0.555362 -0.831609
    outer loop
      vertex 48 12.874 51.2694
      vertex 45.6 12.7 51.3856
      vertex 45.6 12.874 51.2694
    endloop
  endfacet
  facet normal 0 -0.321526 -0.946901
    outer loop
      vertex 45.6 12.3141 51.5455
      vertex 48 12.5123 51.4782
      vertex 48 12.3141 51.5455
    endloop
  endfacet
  facet normal -0 -0.321526 -0.946901
    outer loop
      vertex 48 12.5123 51.4782
      vertex 45.6 12.3141 51.5455
      vertex 45.6 12.5123 51.4782
    endloop
  endfacet
  facet normal 0 -0.442429 -0.896803
    outer loop
      vertex 45.6 12.5123 51.4782
      vertex 48 12.7 51.3856
      vertex 48 12.5123 51.4782
    endloop
  endfacet
  facet normal -0 -0.442429 -0.896803
    outer loop
      vertex 48 12.7 51.3856
      vertex 45.6 12.5123 51.4782
      vertex 45.6 12.7 51.3856
    endloop
  endfacet
  facet normal 0 0.194922 -0.980819
    outer loop
      vertex 45.6 11.4859 81.5455
      vertex 48 11.6912 81.5863
      vertex 48 11.4859 81.5455
    endloop
  endfacet
  facet normal 0 0.194922 -0.980819
    outer loop
      vertex 48 11.6912 81.5863
      vertex 45.6 11.4859 81.5455
      vertex 45.6 11.6912 81.5863
    endloop
  endfacet
  facet normal 0 -0.321526 0.946901
    outer loop
      vertex 45.6 12.5123 78.5218
      vertex 48 12.3141 78.4545
      vertex 48 12.5123 78.5218
    endloop
  endfacet
  facet normal 0 -0.321526 0.946901
    outer loop
      vertex 48 12.3141 78.4545
      vertex 45.6 12.5123 78.5218
      vertex 45.6 12.3141 78.4545
    endloop
  endfacet
  facet normal 0 -0.555362 0.831609
    outer loop
      vertex 45.6 12.874 78.7306
      vertex 48 12.7 78.6144
      vertex 48 12.874 78.7306
    endloop
  endfacet
  facet normal 0 -0.555362 0.831609
    outer loop
      vertex 48 12.7 78.6144
      vertex 45.6 12.874 78.7306
      vertex 45.6 12.7 78.6144
    endloop
  endfacet
  facet normal -0 0.321526 0.946901
    outer loop
      vertex 45.6 11.4859 78.4545
      vertex 48 11.2877 78.5218
      vertex 48 11.4859 78.4545
    endloop
  endfacet
  facet normal 0 0.321526 0.946901
    outer loop
      vertex 48 11.2877 78.5218
      vertex 45.6 11.4859 78.4545
      vertex 45.6 11.2877 78.5218
    endloop
  endfacet
  facet normal 0 -0.751925 0.659248
    outer loop
      vertex 45.6 13.0314 78.8686
      vertex 48 13.1694 79.026
      vertex 45.6 13.1694 79.026
    endloop
  endfacet
  facet normal 0 -0.751925 0.659248
    outer loop
      vertex 48 13.1694 79.026
      vertex 45.6 13.0314 78.8686
      vertex 48 13.0314 78.8686
    endloop
  endfacet
  facet normal 0 -0.442429 0.896803
    outer loop
      vertex 45.6 12.7 78.6144
      vertex 48 12.5123 78.5218
      vertex 48 12.7 78.6144
    endloop
  endfacet
  facet normal 0 -0.442429 0.896803
    outer loop
      vertex 48 12.5123 78.5218
      vertex 45.6 12.7 78.6144
      vertex 45.6 12.5123 78.5218
    endloop
  endfacet
  facet normal 0 -0.0654722 0.997854
    outer loop
      vertex 45.6 12.1088 78.4137
      vertex 48 11.9 78.4
      vertex 48 12.1088 78.4137
    endloop
  endfacet
  facet normal 0 -0.0654722 0.997854
    outer loop
      vertex 48 11.9 78.4
      vertex 45.6 12.1088 78.4137
      vertex 45.6 11.9 78.4
    endloop
  endfacet
  facet normal 0 -0.997854 0.0654722
    outer loop
      vertex 45.6 13.4863 79.7912
      vertex 48 13.5 80
      vertex 45.6 13.5 80
    endloop
  endfacet
  facet normal 0 -0.997854 0.0654722
    outer loop
      vertex 48 13.5 80
      vertex 45.6 13.4863 79.7912
      vertex 48 13.4863 79.7912
    endloop
  endfacet
  facet normal 0 0.659248 -0.751925
    outer loop
      vertex 45.6 10.7686 81.1314
      vertex 48 10.926 81.2694
      vertex 48 10.7686 81.1314
    endloop
  endfacet
  facet normal 0 0.659248 -0.751925
    outer loop
      vertex 48 10.926 81.2694
      vertex 45.6 10.7686 81.1314
      vertex 45.6 10.926 81.2694
    endloop
  endfacet
  facet normal -0 0.442429 0.896803
    outer loop
      vertex 45.6 11.2877 78.5218
      vertex 48 11.1 78.6144
      vertex 48 11.2877 78.5218
    endloop
  endfacet
  facet normal 0 0.442429 0.896803
    outer loop
      vertex 48 11.1 78.6144
      vertex 45.6 11.2877 78.5218
      vertex 45.6 11.1 78.6144
    endloop
  endfacet
  facet normal 0 0.946901 -0.321526
    outer loop
      vertex 48 10.3545 80.4141
      vertex 45.6 10.4218 80.6123
      vertex 48 10.4218 80.6123
    endloop
  endfacet
  facet normal 0 0.946901 -0.321526
    outer loop
      vertex 45.6 10.4218 80.6123
      vertex 48 10.3545 80.4141
      vertex 45.6 10.3545 80.4141
    endloop
  endfacet
  facet normal 0 -0.980819 -0.194922
    outer loop
      vertex 45.6 13.4863 80.2088
      vertex 48 13.4455 80.4141
      vertex 45.6 13.4455 80.4141
    endloop
  endfacet
  facet normal 0 -0.980819 -0.194922
    outer loop
      vertex 48 13.4455 80.4141
      vertex 45.6 13.4863 80.2088
      vertex 48 13.4863 80.2088
    endloop
  endfacet
  facet normal 0 -0.946901 0.321526
    outer loop
      vertex 45.6 13.3782 79.3877
      vertex 48 13.4455 79.5859
      vertex 45.6 13.4455 79.5859
    endloop
  endfacet
  facet normal 0 -0.946901 0.321526
    outer loop
      vertex 48 13.4455 79.5859
      vertex 45.6 13.3782 79.3877
      vertex 48 13.3782 79.3877
    endloop
  endfacet
  facet normal 0 0.555362 -0.831609
    outer loop
      vertex 45.6 10.926 81.2694
      vertex 48 11.1 81.3856
      vertex 48 10.926 81.2694
    endloop
  endfacet
  facet normal 0 0.555362 -0.831609
    outer loop
      vertex 48 11.1 81.3856
      vertex 45.6 10.926 81.2694
      vertex 45.6 11.1 81.3856
    endloop
  endfacet
  facet normal 0 0.997854 0.0654722
    outer loop
      vertex 48 10.3137 79.7912
      vertex 45.6 10.3 80
      vertex 48 10.3 80
    endloop
  endfacet
  facet normal 0 0.997854 0.0654722
    outer loop
      vertex 45.6 10.3 80
      vertex 48 10.3137 79.7912
      vertex 45.6 10.3137 79.7912
    endloop
  endfacet
  facet normal 0 -0.946901 -0.321526
    outer loop
      vertex 45.6 13.4455 80.4141
      vertex 48 13.3782 80.6123
      vertex 45.6 13.3782 80.6123
    endloop
  endfacet
  facet normal 0 -0.946901 -0.321526
    outer loop
      vertex 48 13.3782 80.6123
      vertex 45.6 13.4455 80.4141
      vertex 48 13.4455 80.4141
    endloop
  endfacet
  facet normal 0 -0.896803 -0.442429
    outer loop
      vertex 45.6 13.3782 80.6123
      vertex 48 13.2856 80.8
      vertex 45.6 13.2856 80.8
    endloop
  endfacet
  facet normal 0 -0.896803 -0.442429
    outer loop
      vertex 48 13.2856 80.8
      vertex 45.6 13.3782 80.6123
      vertex 48 13.3782 80.6123
    endloop
  endfacet
  facet normal 0 0.997854 -0.0654722
    outer loop
      vertex 48 10.3 80
      vertex 45.6 10.3137 80.2088
      vertex 48 10.3137 80.2088
    endloop
  endfacet
  facet normal 0 0.997854 -0.0654722
    outer loop
      vertex 45.6 10.3137 80.2088
      vertex 48 10.3 80
      vertex 45.6 10.3 80
    endloop
  endfacet
  facet normal 0 0.946901 0.321526
    outer loop
      vertex 48 10.4218 79.3877
      vertex 45.6 10.3545 79.5859
      vertex 48 10.3545 79.5859
    endloop
  endfacet
  facet normal 0 0.946901 0.321526
    outer loop
      vertex 45.6 10.3545 79.5859
      vertex 48 10.4218 79.3877
      vertex 45.6 10.4218 79.3877
    endloop
  endfacet
  facet normal 0 -0.659248 -0.751925
    outer loop
      vertex 45.6 12.874 81.2694
      vertex 48 13.0314 81.1314
      vertex 48 12.874 81.2694
    endloop
  endfacet
  facet normal -0 -0.659248 -0.751925
    outer loop
      vertex 48 13.0314 81.1314
      vertex 45.6 12.874 81.2694
      vertex 45.6 13.0314 81.1314
    endloop
  endfacet
  facet normal 0 0.896803 0.442429
    outer loop
      vertex 48 10.5144 79.2
      vertex 45.6 10.4218 79.3877
      vertex 48 10.4218 79.3877
    endloop
  endfacet
  facet normal 0 0.896803 0.442429
    outer loop
      vertex 45.6 10.4218 79.3877
      vertex 48 10.5144 79.2
      vertex 45.6 10.5144 79.2
    endloop
  endfacet
  facet normal 0 0.831609 -0.555362
    outer loop
      vertex 48 10.5144 80.8
      vertex 45.6 10.6306 80.974
      vertex 48 10.6306 80.974
    endloop
  endfacet
  facet normal 0 0.831609 -0.555362
    outer loop
      vertex 45.6 10.6306 80.974
      vertex 48 10.5144 80.8
      vertex 45.6 10.5144 80.8
    endloop
  endfacet
  facet normal 0 -0.896803 0.442429
    outer loop
      vertex 45.6 13.2856 79.2
      vertex 48 13.3782 79.3877
      vertex 45.6 13.3782 79.3877
    endloop
  endfacet
  facet normal 0 -0.896803 0.442429
    outer loop
      vertex 48 13.3782 79.3877
      vertex 45.6 13.2856 79.2
      vertex 48 13.2856 79.2
    endloop
  endfacet
  facet normal 0 -0.997854 -0.0654722
    outer loop
      vertex 45.6 13.5 80
      vertex 48 13.4863 80.2088
      vertex 45.6 13.4863 80.2088
    endloop
  endfacet
  facet normal 0 -0.997854 -0.0654722
    outer loop
      vertex 48 13.4863 80.2088
      vertex 45.6 13.5 80
      vertex 48 13.5 80
    endloop
  endfacet
  facet normal 0 -0.831609 0.555362
    outer loop
      vertex 45.6 13.1694 79.026
      vertex 48 13.2856 79.2
      vertex 45.6 13.2856 79.2
    endloop
  endfacet
  facet normal 0 -0.831609 0.555362
    outer loop
      vertex 48 13.2856 79.2
      vertex 45.6 13.1694 79.026
      vertex 48 13.1694 79.026
    endloop
  endfacet
  facet normal 0 -0.831609 -0.555362
    outer loop
      vertex 45.6 13.2856 80.8
      vertex 48 13.1694 80.974
      vertex 45.6 13.1694 80.974
    endloop
  endfacet
  facet normal 0 -0.831609 -0.555362
    outer loop
      vertex 48 13.1694 80.974
      vertex 45.6 13.2856 80.8
      vertex 48 13.2856 80.8
    endloop
  endfacet
  facet normal -0 0.194922 0.980819
    outer loop
      vertex 45.6 11.6912 78.4137
      vertex 48 11.4859 78.4545
      vertex 48 11.6912 78.4137
    endloop
  endfacet
  facet normal 0 0.194922 0.980819
    outer loop
      vertex 48 11.4859 78.4545
      vertex 45.6 11.6912 78.4137
      vertex 45.6 11.4859 78.4545
    endloop
  endfacet
  facet normal 0 0.831609 0.555362
    outer loop
      vertex 48 10.6306 79.026
      vertex 45.6 10.5144 79.2
      vertex 48 10.5144 79.2
    endloop
  endfacet
  facet normal 0 0.831609 0.555362
    outer loop
      vertex 45.6 10.5144 79.2
      vertex 48 10.6306 79.026
      vertex 45.6 10.6306 79.026
    endloop
  endfacet
  facet normal 0 0.980819 0.194922
    outer loop
      vertex 48 10.3545 79.5859
      vertex 45.6 10.3137 79.7912
      vertex 48 10.3137 79.7912
    endloop
  endfacet
  facet normal 0 0.980819 0.194922
    outer loop
      vertex 45.6 10.3137 79.7912
      vertex 48 10.3545 79.5859
      vertex 45.6 10.3545 79.5859
    endloop
  endfacet
  facet normal 0 0.980819 -0.194922
    outer loop
      vertex 48 10.3137 80.2088
      vertex 45.6 10.3545 80.4141
      vertex 48 10.3545 80.4141
    endloop
  endfacet
  facet normal 0 0.980819 -0.194922
    outer loop
      vertex 45.6 10.3545 80.4141
      vertex 48 10.3137 80.2088
      vertex 45.6 10.3137 80.2088
    endloop
  endfacet
  facet normal 0 -0.194922 0.980819
    outer loop
      vertex 45.6 12.3141 78.4545
      vertex 48 12.1088 78.4137
      vertex 48 12.3141 78.4545
    endloop
  endfacet
  facet normal 0 -0.194922 0.980819
    outer loop
      vertex 48 12.1088 78.4137
      vertex 45.6 12.3141 78.4545
      vertex 45.6 12.1088 78.4137
    endloop
  endfacet
  facet normal -0 0.555362 0.831609
    outer loop
      vertex 45.6 11.1 78.6144
      vertex 48 10.926 78.7306
      vertex 48 11.1 78.6144
    endloop
  endfacet
  facet normal 0 0.555362 0.831609
    outer loop
      vertex 48 10.926 78.7306
      vertex 45.6 11.1 78.6144
      vertex 45.6 10.926 78.7306
    endloop
  endfacet
  facet normal 0 0.0654722 -0.997854
    outer loop
      vertex 45.6 11.6912 81.5863
      vertex 48 11.9 81.6
      vertex 48 11.6912 81.5863
    endloop
  endfacet
  facet normal 0 0.0654722 -0.997854
    outer loop
      vertex 48 11.9 81.6
      vertex 45.6 11.6912 81.5863
      vertex 45.6 11.9 81.6
    endloop
  endfacet
  facet normal 0 -0.751925 -0.659248
    outer loop
      vertex 45.6 13.1694 80.974
      vertex 48 13.0314 81.1314
      vertex 45.6 13.0314 81.1314
    endloop
  endfacet
  facet normal 0 -0.751925 -0.659248
    outer loop
      vertex 48 13.0314 81.1314
      vertex 45.6 13.1694 80.974
      vertex 48 13.1694 80.974
    endloop
  endfacet
  facet normal -0 0.0654722 0.997854
    outer loop
      vertex 45.6 11.9 78.4
      vertex 48 11.6912 78.4137
      vertex 48 11.9 78.4
    endloop
  endfacet
  facet normal 0 0.0654722 0.997854
    outer loop
      vertex 48 11.6912 78.4137
      vertex 45.6 11.9 78.4
      vertex 45.6 11.6912 78.4137
    endloop
  endfacet
  facet normal -0 0.659248 0.751925
    outer loop
      vertex 45.6 10.926 78.7306
      vertex 48 10.7686 78.8686
      vertex 48 10.926 78.7306
    endloop
  endfacet
  facet normal 0 0.659248 0.751925
    outer loop
      vertex 48 10.7686 78.8686
      vertex 45.6 10.926 78.7306
      vertex 45.6 10.7686 78.8686
    endloop
  endfacet
  facet normal 0 0.321526 -0.946901
    outer loop
      vertex 45.6 11.2877 81.4782
      vertex 48 11.4859 81.5455
      vertex 48 11.2877 81.4782
    endloop
  endfacet
  facet normal 0 0.321526 -0.946901
    outer loop
      vertex 48 11.4859 81.5455
      vertex 45.6 11.2877 81.4782
      vertex 45.6 11.4859 81.5455
    endloop
  endfacet
  facet normal 0 -0.194922 -0.980819
    outer loop
      vertex 45.6 12.1088 81.5863
      vertex 48 12.3141 81.5455
      vertex 48 12.1088 81.5863
    endloop
  endfacet
  facet normal -0 -0.194922 -0.980819
    outer loop
      vertex 48 12.3141 81.5455
      vertex 45.6 12.1088 81.5863
      vertex 45.6 12.3141 81.5455
    endloop
  endfacet
  facet normal 0 -0.980819 0.194922
    outer loop
      vertex 45.6 13.4455 79.5859
      vertex 48 13.4863 79.7912
      vertex 45.6 13.4863 79.7912
    endloop
  endfacet
  facet normal 0 -0.980819 0.194922
    outer loop
      vertex 48 13.4863 79.7912
      vertex 45.6 13.4455 79.5859
      vertex 48 13.4455 79.5859
    endloop
  endfacet
  facet normal 0 -0.659248 0.751925
    outer loop
      vertex 45.6 13.0314 78.8686
      vertex 48 12.874 78.7306
      vertex 48 13.0314 78.8686
    endloop
  endfacet
  facet normal 0 -0.659248 0.751925
    outer loop
      vertex 48 12.874 78.7306
      vertex 45.6 13.0314 78.8686
      vertex 45.6 12.874 78.7306
    endloop
  endfacet
  facet normal 0 0.751925 -0.659248
    outer loop
      vertex 48 10.6306 80.974
      vertex 45.6 10.7686 81.1314
      vertex 48 10.7686 81.1314
    endloop
  endfacet
  facet normal 0 0.751925 -0.659248
    outer loop
      vertex 45.6 10.7686 81.1314
      vertex 48 10.6306 80.974
      vertex 45.6 10.6306 80.974
    endloop
  endfacet
  facet normal 0 0.896803 -0.442429
    outer loop
      vertex 48 10.4218 80.6123
      vertex 45.6 10.5144 80.8
      vertex 48 10.5144 80.8
    endloop
  endfacet
  facet normal 0 0.896803 -0.442429
    outer loop
      vertex 45.6 10.5144 80.8
      vertex 48 10.4218 80.6123
      vertex 45.6 10.4218 80.6123
    endloop
  endfacet
  facet normal 0 -0.0654722 -0.997854
    outer loop
      vertex 45.6 11.9 81.6
      vertex 48 12.1088 81.5863
      vertex 48 11.9 81.6
    endloop
  endfacet
  facet normal -0 -0.0654722 -0.997854
    outer loop
      vertex 48 12.1088 81.5863
      vertex 45.6 11.9 81.6
      vertex 45.6 12.1088 81.5863
    endloop
  endfacet
  facet normal 0 0.751925 0.659248
    outer loop
      vertex 48 10.7686 78.8686
      vertex 45.6 10.6306 79.026
      vertex 48 10.6306 79.026
    endloop
  endfacet
  facet normal 0 0.751925 0.659248
    outer loop
      vertex 45.6 10.6306 79.026
      vertex 48 10.7686 78.8686
      vertex 45.6 10.7686 78.8686
    endloop
  endfacet
  facet normal 0 0.442429 -0.896803
    outer loop
      vertex 45.6 11.1 81.3856
      vertex 48 11.2877 81.4782
      vertex 48 11.1 81.3856
    endloop
  endfacet
  facet normal 0 0.442429 -0.896803
    outer loop
      vertex 48 11.2877 81.4782
      vertex 45.6 11.1 81.3856
      vertex 45.6 11.2877 81.4782
    endloop
  endfacet
  facet normal 0 -0.555362 -0.831609
    outer loop
      vertex 45.6 12.7 81.3856
      vertex 48 12.874 81.2694
      vertex 48 12.7 81.3856
    endloop
  endfacet
  facet normal -0 -0.555362 -0.831609
    outer loop
      vertex 48 12.874 81.2694
      vertex 45.6 12.7 81.3856
      vertex 45.6 12.874 81.2694
    endloop
  endfacet
  facet normal 0 -0.321526 -0.946901
    outer loop
      vertex 45.6 12.3141 81.5455
      vertex 48 12.5123 81.4782
      vertex 48 12.3141 81.5455
    endloop
  endfacet
  facet normal -0 -0.321526 -0.946901
    outer loop
      vertex 48 12.5123 81.4782
      vertex 45.6 12.3141 81.5455
      vertex 45.6 12.5123 81.4782
    endloop
  endfacet
  facet normal 0 -0.442429 -0.896803
    outer loop
      vertex 45.6 12.5123 81.4782
      vertex 48 12.7 81.3856
      vertex 48 12.5123 81.4782
    endloop
  endfacet
  facet normal -0 -0.442429 -0.896803
    outer loop
      vertex 48 12.7 81.3856
      vertex 45.6 12.5123 81.4782
      vertex 45.6 12.7 81.3856
    endloop
  endfacet
  facet normal 0 0.195841 -0.980636
    outer loop
      vertex 45.6 11.4859 111.545
      vertex 48 11.6912 111.586
      vertex 48 11.4859 111.545
    endloop
  endfacet
  facet normal 0 0.195841 -0.980636
    outer loop
      vertex 48 11.6912 111.586
      vertex 45.6 11.4859 111.545
      vertex 45.6 11.6912 111.586
    endloop
  endfacet
  facet normal 0 -0.32024 0.947336
    outer loop
      vertex 45.6 12.5123 108.522
      vertex 48 12.3141 108.455
      vertex 48 12.5123 108.522
    endloop
  endfacet
  facet normal 0 -0.32024 0.947336
    outer loop
      vertex 48 12.3141 108.455
      vertex 45.6 12.5123 108.522
      vertex 45.6 12.3141 108.455
    endloop
  endfacet
  facet normal 0 -0.557998 0.829843
    outer loop
      vertex 45.6 12.874 108.731
      vertex 48 12.7 108.614
      vertex 48 12.874 108.731
    endloop
  endfacet
  facet normal 0 -0.557998 0.829843
    outer loop
      vertex 48 12.7 108.614
      vertex 45.6 12.874 108.731
      vertex 45.6 12.7 108.614
    endloop
  endfacet
  facet normal -0 0.32024 0.947336
    outer loop
      vertex 45.6 11.4859 108.455
      vertex 48 11.2877 108.522
      vertex 48 11.4859 108.455
    endloop
  endfacet
  facet normal 0 0.32024 0.947336
    outer loop
      vertex 48 11.2877 108.522
      vertex 45.6 11.4859 108.455
      vertex 45.6 11.2877 108.522
    endloop
  endfacet
  facet normal 0 -0.751093 0.660196
    outer loop
      vertex 45.6 13.0314 108.869
      vertex 48 13.1694 109.026
      vertex 45.6 13.1694 109.026
    endloop
  endfacet
  facet normal 0 -0.751093 0.660196
    outer loop
      vertex 48 13.1694 109.026
      vertex 45.6 13.0314 108.869
      vertex 48 13.0314 108.869
    endloop
  endfacet
  facet normal 0 -0.440119 0.897939
    outer loop
      vertex 45.6 12.7 108.614
      vertex 48 12.5123 108.522
      vertex 48 12.7 108.614
    endloop
  endfacet
  facet normal 0 -0.440119 0.897939
    outer loop
      vertex 48 12.5123 108.522
      vertex 45.6 12.7 108.614
      vertex 45.6 12.5123 108.522
    endloop
  endfacet
  facet normal 0 -0.0668996 0.99776
    outer loop
      vertex 45.6 12.1088 108.414
      vertex 48 11.9 108.4
      vertex 48 12.1088 108.414
    endloop
  endfacet
  facet normal 0 -0.0668996 0.99776
    outer loop
      vertex 48 11.9 108.4
      vertex 45.6 12.1088 108.414
      vertex 45.6 11.9 108.4
    endloop
  endfacet
  facet normal 0 -0.997858 0.0654099
    outer loop
      vertex 45.6 13.4863 109.791
      vertex 48 13.5 110
      vertex 45.6 13.5 110
    endloop
  endfacet
  facet normal 0 -0.997858 0.0654099
    outer loop
      vertex 48 13.5 110
      vertex 45.6 13.4863 109.791
      vertex 48 13.4863 109.791
    endloop
  endfacet
  facet normal 0 0.659248 -0.751925
    outer loop
      vertex 45.6 10.7686 111.131
      vertex 48 10.926 111.269
      vertex 48 10.7686 111.131
    endloop
  endfacet
  facet normal 0 0.659248 -0.751925
    outer loop
      vertex 48 10.926 111.269
      vertex 45.6 10.7686 111.131
      vertex 45.6 10.926 111.269
    endloop
  endfacet
  facet normal -0 0.440119 0.897939
    outer loop
      vertex 45.6 11.2877 108.522
      vertex 48 11.1 108.614
      vertex 48 11.2877 108.522
    endloop
  endfacet
  facet normal 0 0.440119 0.897939
    outer loop
      vertex 48 11.1 108.614
      vertex 45.6 11.2877 108.522
      vertex 45.6 11.1 108.614
    endloop
  endfacet
  facet normal 0 0.946802 -0.321817
    outer loop
      vertex 48 10.3545 110.414
      vertex 45.6 10.4218 110.612
      vertex 48 10.4218 110.612
    endloop
  endfacet
  facet normal 0 0.946802 -0.321817
    outer loop
      vertex 45.6 10.4218 110.612
      vertex 48 10.3545 110.414
      vertex 45.6 10.3545 110.414
    endloop
  endfacet
  facet normal 0 -0.980764 -0.195196
    outer loop
      vertex 45.6 13.4863 110.209
      vertex 48 13.4455 110.414
      vertex 45.6 13.4455 110.414
    endloop
  endfacet
  facet normal 0 -0.980764 -0.195196
    outer loop
      vertex 48 13.4455 110.414
      vertex 45.6 13.4863 110.209
      vertex 48 13.4863 110.209
    endloop
  endfacet
  facet normal 0 -0.946802 0.321817
    outer loop
      vertex 45.6 13.3782 109.388
      vertex 48 13.4455 109.586
      vertex 45.6 13.4455 109.586
    endloop
  endfacet
  facet normal 0 -0.946802 0.321817
    outer loop
      vertex 48 13.4455 109.586
      vertex 45.6 13.3782 109.388
      vertex 48 13.3782 109.388
    endloop
  endfacet
  facet normal 0 0.557998 -0.829843
    outer loop
      vertex 45.6 10.926 111.269
      vertex 48 11.1 111.386
      vertex 48 10.926 111.269
    endloop
  endfacet
  facet normal 0 0.557998 -0.829843
    outer loop
      vertex 48 11.1 111.386
      vertex 45.6 10.926 111.269
      vertex 45.6 11.1 111.386
    endloop
  endfacet
  facet normal 0 -0.659248 0.751925
    outer loop
      vertex 45.6 13.0314 108.869
      vertex 48 12.874 108.731
      vertex 48 13.0314 108.869
    endloop
  endfacet
  facet normal 0 -0.659248 0.751925
    outer loop
      vertex 48 12.874 108.731
      vertex 45.6 13.0314 108.869
      vertex 45.6 12.874 108.731
    endloop
  endfacet
  facet normal 0 0.997858 0.0654099
    outer loop
      vertex 48 10.3137 109.791
      vertex 45.6 10.3 110
      vertex 48 10.3 110
    endloop
  endfacet
  facet normal 0 0.997858 0.0654099
    outer loop
      vertex 45.6 10.3 110
      vertex 48 10.3137 109.791
      vertex 45.6 10.3137 109.791
    endloop
  endfacet
  facet normal 0 -0.946802 -0.321817
    outer loop
      vertex 45.6 13.4455 110.414
      vertex 48 13.3782 110.612
      vertex 45.6 13.3782 110.612
    endloop
  endfacet
  facet normal 0 -0.946802 -0.321817
    outer loop
      vertex 48 13.3782 110.612
      vertex 45.6 13.4455 110.414
      vertex 48 13.4455 110.414
    endloop
  endfacet
  facet normal 0 -0.897083 -0.441861
    outer loop
      vertex 45.6 13.3782 110.612
      vertex 48 13.2856 110.8
      vertex 45.6 13.2856 110.8
    endloop
  endfacet
  facet normal 0 -0.897083 -0.441861
    outer loop
      vertex 48 13.2856 110.8
      vertex 45.6 13.3782 110.612
      vertex 48 13.3782 110.612
    endloop
  endfacet
  facet normal 0 0.997858 -0.0654099
    outer loop
      vertex 48 10.3 110
      vertex 45.6 10.3137 110.209
      vertex 48 10.3137 110.209
    endloop
  endfacet
  facet normal 0 0.997858 -0.0654099
    outer loop
      vertex 45.6 10.3137 110.209
      vertex 48 10.3 110
      vertex 45.6 10.3 110
    endloop
  endfacet
  facet normal 0 0.946802 0.321817
    outer loop
      vertex 48 10.4218 109.388
      vertex 45.6 10.3545 109.586
      vertex 48 10.3545 109.586
    endloop
  endfacet
  facet normal 0 0.946802 0.321817
    outer loop
      vertex 45.6 10.3545 109.586
      vertex 48 10.4218 109.388
      vertex 45.6 10.4218 109.388
    endloop
  endfacet
  facet normal 0 -0.659248 -0.751925
    outer loop
      vertex 45.6 12.874 111.269
      vertex 48 13.0314 111.131
      vertex 48 12.874 111.269
    endloop
  endfacet
  facet normal -0 -0.659248 -0.751925
    outer loop
      vertex 48 13.0314 111.131
      vertex 45.6 12.874 111.269
      vertex 45.6 13.0314 111.131
    endloop
  endfacet
  facet normal 0 0.897083 0.441861
    outer loop
      vertex 48 10.5144 109.2
      vertex 45.6 10.4218 109.388
      vertex 48 10.4218 109.388
    endloop
  endfacet
  facet normal 0 0.897083 0.441861
    outer loop
      vertex 45.6 10.4218 109.388
      vertex 48 10.5144 109.2
      vertex 45.6 10.5144 109.2
    endloop
  endfacet
  facet normal 0 0.831609 -0.555362
    outer loop
      vertex 48 10.5144 110.8
      vertex 45.6 10.6306 110.974
      vertex 48 10.6306 110.974
    endloop
  endfacet
  facet normal 0 0.831609 -0.555362
    outer loop
      vertex 45.6 10.6306 110.974
      vertex 48 10.5144 110.8
      vertex 45.6 10.5144 110.8
    endloop
  endfacet
  facet normal 0 -0.897083 0.441861
    outer loop
      vertex 45.6 13.2856 109.2
      vertex 48 13.3782 109.388
      vertex 45.6 13.3782 109.388
    endloop
  endfacet
  facet normal 0 -0.897083 0.441861
    outer loop
      vertex 48 13.3782 109.388
      vertex 45.6 13.2856 109.2
      vertex 48 13.2856 109.2
    endloop
  endfacet
  facet normal 0 -0.997858 -0.0654099
    outer loop
      vertex 45.6 13.5 110
      vertex 48 13.4863 110.209
      vertex 45.6 13.4863 110.209
    endloop
  endfacet
  facet normal 0 -0.997858 -0.0654099
    outer loop
      vertex 48 13.4863 110.209
      vertex 45.6 13.5 110
      vertex 48 13.5 110
    endloop
  endfacet
  facet normal 0 -0.831609 0.555362
    outer loop
      vertex 45.6 13.1694 109.026
      vertex 48 13.2856 109.2
      vertex 45.6 13.2856 109.2
    endloop
  endfacet
  facet normal 0 -0.831609 0.555362
    outer loop
      vertex 48 13.2856 109.2
      vertex 45.6 13.1694 109.026
      vertex 48 13.1694 109.026
    endloop
  endfacet
  facet normal 0 -0.831609 -0.555362
    outer loop
      vertex 45.6 13.2856 110.8
      vertex 48 13.1694 110.974
      vertex 45.6 13.1694 110.974
    endloop
  endfacet
  facet normal 0 -0.831609 -0.555362
    outer loop
      vertex 48 13.1694 110.974
      vertex 45.6 13.2856 110.8
      vertex 48 13.2856 110.8
    endloop
  endfacet
  facet normal -0 0.195841 0.980636
    outer loop
      vertex 45.6 11.6912 108.414
      vertex 48 11.4859 108.455
      vertex 48 11.6912 108.414
    endloop
  endfacet
  facet normal 0 0.195841 0.980636
    outer loop
      vertex 48 11.4859 108.455
      vertex 45.6 11.6912 108.414
      vertex 45.6 11.4859 108.455
    endloop
  endfacet
  facet normal 0 0.831609 0.555362
    outer loop
      vertex 48 10.6306 109.026
      vertex 45.6 10.5144 109.2
      vertex 48 10.5144 109.2
    endloop
  endfacet
  facet normal 0 0.831609 0.555362
    outer loop
      vertex 45.6 10.5144 109.2
      vertex 48 10.6306 109.026
      vertex 45.6 10.6306 109.026
    endloop
  endfacet
  facet normal 0 0.980764 0.195196
    outer loop
      vertex 48 10.3545 109.586
      vertex 45.6 10.3137 109.791
      vertex 48 10.3137 109.791
    endloop
  endfacet
  facet normal 0 0.980764 0.195196
    outer loop
      vertex 45.6 10.3137 109.791
      vertex 48 10.3545 109.586
      vertex 45.6 10.3545 109.586
    endloop
  endfacet
  facet normal 0 0.980764 -0.195196
    outer loop
      vertex 48 10.3137 110.209
      vertex 45.6 10.3545 110.414
      vertex 48 10.3545 110.414
    endloop
  endfacet
  facet normal 0 0.980764 -0.195196
    outer loop
      vertex 45.6 10.3545 110.414
      vertex 48 10.3137 110.209
      vertex 45.6 10.3137 110.209
    endloop
  endfacet
  facet normal 0 -0.195841 0.980636
    outer loop
      vertex 45.6 12.3141 108.455
      vertex 48 12.1088 108.414
      vertex 48 12.3141 108.455
    endloop
  endfacet
  facet normal 0 -0.195841 0.980636
    outer loop
      vertex 48 12.1088 108.414
      vertex 45.6 12.3141 108.455
      vertex 45.6 12.1088 108.414
    endloop
  endfacet
  facet normal -0 0.557998 0.829843
    outer loop
      vertex 45.6 11.1 108.614
      vertex 48 10.926 108.731
      vertex 48 11.1 108.614
    endloop
  endfacet
  facet normal 0 0.557998 0.829843
    outer loop
      vertex 48 10.926 108.731
      vertex 45.6 11.1 108.614
      vertex 45.6 10.926 108.731
    endloop
  endfacet
  facet normal 0 0.0668996 -0.99776
    outer loop
      vertex 45.6 11.6912 111.586
      vertex 48 11.9 111.6
      vertex 48 11.6912 111.586
    endloop
  endfacet
  facet normal 0 0.0668996 -0.99776
    outer loop
      vertex 48 11.9 111.6
      vertex 45.6 11.6912 111.586
      vertex 45.6 11.9 111.6
    endloop
  endfacet
  facet normal 0 -0.751093 -0.660196
    outer loop
      vertex 45.6 13.1694 110.974
      vertex 48 13.0314 111.131
      vertex 45.6 13.0314 111.131
    endloop
  endfacet
  facet normal 0 -0.751093 -0.660196
    outer loop
      vertex 48 13.0314 111.131
      vertex 45.6 13.1694 110.974
      vertex 48 13.1694 110.974
    endloop
  endfacet
  facet normal -0 0.0668996 0.99776
    outer loop
      vertex 45.6 11.9 108.4
      vertex 48 11.6912 108.414
      vertex 48 11.9 108.4
    endloop
  endfacet
  facet normal 0 0.0668996 0.99776
    outer loop
      vertex 48 11.6912 108.414
      vertex 45.6 11.9 108.4
      vertex 45.6 11.6912 108.414
    endloop
  endfacet
  facet normal -0 0.659248 0.751925
    outer loop
      vertex 45.6 10.926 108.731
      vertex 48 10.7686 108.869
      vertex 48 10.926 108.731
    endloop
  endfacet
  facet normal 0 0.659248 0.751925
    outer loop
      vertex 48 10.7686 108.869
      vertex 45.6 10.926 108.731
      vertex 45.6 10.7686 108.869
    endloop
  endfacet
  facet normal 0 0.32024 -0.947336
    outer loop
      vertex 45.6 11.2877 111.478
      vertex 48 11.4859 111.545
      vertex 48 11.2877 111.478
    endloop
  endfacet
  facet normal 0 0.32024 -0.947336
    outer loop
      vertex 48 11.4859 111.545
      vertex 45.6 11.2877 111.478
      vertex 45.6 11.4859 111.545
    endloop
  endfacet
  facet normal 0 -0.195841 -0.980636
    outer loop
      vertex 45.6 12.1088 111.586
      vertex 48 12.3141 111.545
      vertex 48 12.1088 111.586
    endloop
  endfacet
  facet normal -0 -0.195841 -0.980636
    outer loop
      vertex 48 12.3141 111.545
      vertex 45.6 12.1088 111.586
      vertex 45.6 12.3141 111.545
    endloop
  endfacet
  facet normal 0 -0.980764 0.195196
    outer loop
      vertex 45.6 13.4455 109.586
      vertex 48 13.4863 109.791
      vertex 45.6 13.4863 109.791
    endloop
  endfacet
  facet normal 0 -0.980764 0.195196
    outer loop
      vertex 48 13.4863 109.791
      vertex 45.6 13.4455 109.586
      vertex 48 13.4455 109.586
    endloop
  endfacet
  facet normal 0 0.751093 -0.660196
    outer loop
      vertex 48 10.6306 110.974
      vertex 45.6 10.7686 111.131
      vertex 48 10.7686 111.131
    endloop
  endfacet
  facet normal 0 0.751093 -0.660196
    outer loop
      vertex 45.6 10.7686 111.131
      vertex 48 10.6306 110.974
      vertex 45.6 10.6306 110.974
    endloop
  endfacet
  facet normal 0 0.897083 -0.441861
    outer loop
      vertex 48 10.4218 110.612
      vertex 45.6 10.5144 110.8
      vertex 48 10.5144 110.8
    endloop
  endfacet
  facet normal 0 0.897083 -0.441861
    outer loop
      vertex 45.6 10.5144 110.8
      vertex 48 10.4218 110.612
      vertex 45.6 10.4218 110.612
    endloop
  endfacet
  facet normal 0 -0.0668996 -0.99776
    outer loop
      vertex 45.6 11.9 111.6
      vertex 48 12.1088 111.586
      vertex 48 11.9 111.6
    endloop
  endfacet
  facet normal -0 -0.0668996 -0.99776
    outer loop
      vertex 48 12.1088 111.586
      vertex 45.6 11.9 111.6
      vertex 45.6 12.1088 111.586
    endloop
  endfacet
  facet normal 0 0.751093 0.660196
    outer loop
      vertex 48 10.7686 108.869
      vertex 45.6 10.6306 109.026
      vertex 48 10.6306 109.026
    endloop
  endfacet
  facet normal 0 0.751093 0.660196
    outer loop
      vertex 45.6 10.6306 109.026
      vertex 48 10.7686 108.869
      vertex 45.6 10.7686 108.869
    endloop
  endfacet
  facet normal 0 0.440119 -0.897939
    outer loop
      vertex 45.6 11.1 111.386
      vertex 48 11.2877 111.478
      vertex 48 11.1 111.386
    endloop
  endfacet
  facet normal 0 0.440119 -0.897939
    outer loop
      vertex 48 11.2877 111.478
      vertex 45.6 11.1 111.386
      vertex 45.6 11.2877 111.478
    endloop
  endfacet
  facet normal 0 -0.557998 -0.829843
    outer loop
      vertex 45.6 12.7 111.386
      vertex 48 12.874 111.269
      vertex 48 12.7 111.386
    endloop
  endfacet
  facet normal -0 -0.557998 -0.829843
    outer loop
      vertex 48 12.874 111.269
      vertex 45.6 12.7 111.386
      vertex 45.6 12.874 111.269
    endloop
  endfacet
  facet normal 0 -0.32024 -0.947336
    outer loop
      vertex 45.6 12.3141 111.545
      vertex 48 12.5123 111.478
      vertex 48 12.3141 111.545
    endloop
  endfacet
  facet normal -0 -0.32024 -0.947336
    outer loop
      vertex 48 12.5123 111.478
      vertex 45.6 12.3141 111.545
      vertex 45.6 12.5123 111.478
    endloop
  endfacet
  facet normal 0 -0.440119 -0.897939
    outer loop
      vertex 45.6 12.5123 111.478
      vertex 48 12.7 111.386
      vertex 48 12.5123 111.478
    endloop
  endfacet
  facet normal -0 -0.440119 -0.897939
    outer loop
      vertex 48 12.7 111.386
      vertex 45.6 12.5123 111.478
      vertex 45.6 12.7 111.386
    endloop
  endfacet
  facet normal 0 0.195841 -0.980636
    outer loop
      vertex 45.6 11.4859 141.545
      vertex 48 11.6912 141.586
      vertex 48 11.4859 141.545
    endloop
  endfacet
  facet normal 0 0.195841 -0.980636
    outer loop
      vertex 48 11.6912 141.586
      vertex 45.6 11.4859 141.545
      vertex 45.6 11.6912 141.586
    endloop
  endfacet
  facet normal 0 -0.32024 0.947336
    outer loop
      vertex 45.6 12.5123 138.522
      vertex 48 12.3141 138.455
      vertex 48 12.5123 138.522
    endloop
  endfacet
  facet normal 0 -0.32024 0.947336
    outer loop
      vertex 48 12.3141 138.455
      vertex 45.6 12.5123 138.522
      vertex 45.6 12.3141 138.455
    endloop
  endfacet
  facet normal 0 -0.557998 0.829843
    outer loop
      vertex 45.6 12.874 138.731
      vertex 48 12.7 138.614
      vertex 48 12.874 138.731
    endloop
  endfacet
  facet normal 0 -0.557998 0.829843
    outer loop
      vertex 48 12.7 138.614
      vertex 45.6 12.874 138.731
      vertex 45.6 12.7 138.614
    endloop
  endfacet
  facet normal -0 0.32024 0.947336
    outer loop
      vertex 45.6 11.4859 138.455
      vertex 48 11.2877 138.522
      vertex 48 11.4859 138.455
    endloop
  endfacet
  facet normal 0 0.32024 0.947336
    outer loop
      vertex 48 11.2877 138.522
      vertex 45.6 11.4859 138.455
      vertex 45.6 11.2877 138.522
    endloop
  endfacet
  facet normal 0 -0.751093 0.660196
    outer loop
      vertex 45.6 13.0314 138.869
      vertex 48 13.1694 139.026
      vertex 45.6 13.1694 139.026
    endloop
  endfacet
  facet normal 0 -0.751093 0.660196
    outer loop
      vertex 48 13.1694 139.026
      vertex 45.6 13.0314 138.869
      vertex 48 13.0314 138.869
    endloop
  endfacet
  facet normal 0 -0.440119 0.897939
    outer loop
      vertex 45.6 12.7 138.614
      vertex 48 12.5123 138.522
      vertex 48 12.7 138.614
    endloop
  endfacet
  facet normal 0 -0.440119 0.897939
    outer loop
      vertex 48 12.5123 138.522
      vertex 45.6 12.7 138.614
      vertex 45.6 12.5123 138.522
    endloop
  endfacet
  facet normal 0 -0.0668996 0.99776
    outer loop
      vertex 45.6 12.1088 138.414
      vertex 48 11.9 138.4
      vertex 48 12.1088 138.414
    endloop
  endfacet
  facet normal 0 -0.0668996 0.99776
    outer loop
      vertex 48 11.9 138.4
      vertex 45.6 12.1088 138.414
      vertex 45.6 11.9 138.4
    endloop
  endfacet
  facet normal 0 -0.997858 0.0654099
    outer loop
      vertex 45.6 13.4863 139.791
      vertex 48 13.5 140
      vertex 45.6 13.5 140
    endloop
  endfacet
  facet normal 0 -0.997858 0.0654099
    outer loop
      vertex 48 13.5 140
      vertex 45.6 13.4863 139.791
      vertex 48 13.4863 139.791
    endloop
  endfacet
  facet normal 0 0.659248 -0.751925
    outer loop
      vertex 45.6 10.7686 141.131
      vertex 48 10.926 141.269
      vertex 48 10.7686 141.131
    endloop
  endfacet
  facet normal 0 0.659248 -0.751925
    outer loop
      vertex 48 10.926 141.269
      vertex 45.6 10.7686 141.131
      vertex 45.6 10.926 141.269
    endloop
  endfacet
  facet normal -0 0.440119 0.897939
    outer loop
      vertex 45.6 11.2877 138.522
      vertex 48 11.1 138.614
      vertex 48 11.2877 138.522
    endloop
  endfacet
  facet normal 0 0.440119 0.897939
    outer loop
      vertex 48 11.1 138.614
      vertex 45.6 11.2877 138.522
      vertex 45.6 11.1 138.614
    endloop
  endfacet
  facet normal 0 0.946802 -0.321817
    outer loop
      vertex 48 10.3545 140.414
      vertex 45.6 10.4218 140.612
      vertex 48 10.4218 140.612
    endloop
  endfacet
  facet normal 0 0.946802 -0.321817
    outer loop
      vertex 45.6 10.4218 140.612
      vertex 48 10.3545 140.414
      vertex 45.6 10.3545 140.414
    endloop
  endfacet
  facet normal 0 -0.980764 -0.195196
    outer loop
      vertex 45.6 13.4863 140.209
      vertex 48 13.4455 140.414
      vertex 45.6 13.4455 140.414
    endloop
  endfacet
  facet normal 0 -0.980764 -0.195196
    outer loop
      vertex 48 13.4455 140.414
      vertex 45.6 13.4863 140.209
      vertex 48 13.4863 140.209
    endloop
  endfacet
  facet normal 0 -0.946802 0.321817
    outer loop
      vertex 45.6 13.3782 139.388
      vertex 48 13.4455 139.586
      vertex 45.6 13.4455 139.586
    endloop
  endfacet
  facet normal 0 -0.946802 0.321817
    outer loop
      vertex 48 13.4455 139.586
      vertex 45.6 13.3782 139.388
      vertex 48 13.3782 139.388
    endloop
  endfacet
  facet normal 0 0.557998 -0.829843
    outer loop
      vertex 45.6 10.926 141.269
      vertex 48 11.1 141.386
      vertex 48 10.926 141.269
    endloop
  endfacet
  facet normal 0 0.557998 -0.829843
    outer loop
      vertex 48 11.1 141.386
      vertex 45.6 10.926 141.269
      vertex 45.6 11.1 141.386
    endloop
  endfacet
  facet normal 0 0.997858 0.0654099
    outer loop
      vertex 48 10.3137 139.791
      vertex 45.6 10.3 140
      vertex 48 10.3 140
    endloop
  endfacet
  facet normal 0 0.997858 0.0654099
    outer loop
      vertex 45.6 10.3 140
      vertex 48 10.3137 139.791
      vertex 45.6 10.3137 139.791
    endloop
  endfacet
  facet normal 0 -0.946802 -0.321817
    outer loop
      vertex 45.6 13.4455 140.414
      vertex 48 13.3782 140.612
      vertex 45.6 13.3782 140.612
    endloop
  endfacet
  facet normal 0 -0.946802 -0.321817
    outer loop
      vertex 48 13.3782 140.612
      vertex 45.6 13.4455 140.414
      vertex 48 13.4455 140.414
    endloop
  endfacet
  facet normal 0 -0.897083 -0.441861
    outer loop
      vertex 45.6 13.3782 140.612
      vertex 48 13.2856 140.8
      vertex 45.6 13.2856 140.8
    endloop
  endfacet
  facet normal 0 -0.897083 -0.441861
    outer loop
      vertex 48 13.2856 140.8
      vertex 45.6 13.3782 140.612
      vertex 48 13.3782 140.612
    endloop
  endfacet
  facet normal 0 0.997858 -0.0654099
    outer loop
      vertex 48 10.3 140
      vertex 45.6 10.3137 140.209
      vertex 48 10.3137 140.209
    endloop
  endfacet
  facet normal 0 0.997858 -0.0654099
    outer loop
      vertex 45.6 10.3137 140.209
      vertex 48 10.3 140
      vertex 45.6 10.3 140
    endloop
  endfacet
  facet normal 0 0.946802 0.321817
    outer loop
      vertex 48 10.4218 139.388
      vertex 45.6 10.3545 139.586
      vertex 48 10.3545 139.586
    endloop
  endfacet
  facet normal 0 0.946802 0.321817
    outer loop
      vertex 45.6 10.3545 139.586
      vertex 48 10.4218 139.388
      vertex 45.6 10.4218 139.388
    endloop
  endfacet
  facet normal 0 -0.659248 -0.751925
    outer loop
      vertex 45.6 12.874 141.269
      vertex 48 13.0314 141.131
      vertex 48 12.874 141.269
    endloop
  endfacet
  facet normal -0 -0.659248 -0.751925
    outer loop
      vertex 48 13.0314 141.131
      vertex 45.6 12.874 141.269
      vertex 45.6 13.0314 141.131
    endloop
  endfacet
  facet normal 0 0.897083 0.441861
    outer loop
      vertex 48 10.5144 139.2
      vertex 45.6 10.4218 139.388
      vertex 48 10.4218 139.388
    endloop
  endfacet
  facet normal 0 0.897083 0.441861
    outer loop
      vertex 45.6 10.4218 139.388
      vertex 48 10.5144 139.2
      vertex 45.6 10.5144 139.2
    endloop
  endfacet
  facet normal 0 0.831609 -0.555362
    outer loop
      vertex 48 10.5144 140.8
      vertex 45.6 10.6306 140.974
      vertex 48 10.6306 140.974
    endloop
  endfacet
  facet normal 0 0.831609 -0.555362
    outer loop
      vertex 45.6 10.6306 140.974
      vertex 48 10.5144 140.8
      vertex 45.6 10.5144 140.8
    endloop
  endfacet
  facet normal 0 -0.897083 0.441861
    outer loop
      vertex 45.6 13.2856 139.2
      vertex 48 13.3782 139.388
      vertex 45.6 13.3782 139.388
    endloop
  endfacet
  facet normal 0 -0.897083 0.441861
    outer loop
      vertex 48 13.3782 139.388
      vertex 45.6 13.2856 139.2
      vertex 48 13.2856 139.2
    endloop
  endfacet
  facet normal 0 -0.997858 -0.0654099
    outer loop
      vertex 45.6 13.5 140
      vertex 48 13.4863 140.209
      vertex 45.6 13.4863 140.209
    endloop
  endfacet
  facet normal 0 -0.997858 -0.0654099
    outer loop
      vertex 48 13.4863 140.209
      vertex 45.6 13.5 140
      vertex 48 13.5 140
    endloop
  endfacet
  facet normal 0 -0.831609 0.555362
    outer loop
      vertex 45.6 13.1694 139.026
      vertex 48 13.2856 139.2
      vertex 45.6 13.2856 139.2
    endloop
  endfacet
  facet normal 0 -0.831609 0.555362
    outer loop
      vertex 48 13.2856 139.2
      vertex 45.6 13.1694 139.026
      vertex 48 13.1694 139.026
    endloop
  endfacet
  facet normal 0 -0.831609 -0.555362
    outer loop
      vertex 45.6 13.2856 140.8
      vertex 48 13.1694 140.974
      vertex 45.6 13.1694 140.974
    endloop
  endfacet
  facet normal 0 -0.831609 -0.555362
    outer loop
      vertex 48 13.1694 140.974
      vertex 45.6 13.2856 140.8
      vertex 48 13.2856 140.8
    endloop
  endfacet
  facet normal -0 0.195841 0.980636
    outer loop
      vertex 45.6 11.6912 138.414
      vertex 48 11.4859 138.455
      vertex 48 11.6912 138.414
    endloop
  endfacet
  facet normal 0 0.195841 0.980636
    outer loop
      vertex 48 11.4859 138.455
      vertex 45.6 11.6912 138.414
      vertex 45.6 11.4859 138.455
    endloop
  endfacet
  facet normal 0 0.831609 0.555362
    outer loop
      vertex 48 10.6306 139.026
      vertex 45.6 10.5144 139.2
      vertex 48 10.5144 139.2
    endloop
  endfacet
  facet normal 0 0.831609 0.555362
    outer loop
      vertex 45.6 10.5144 139.2
      vertex 48 10.6306 139.026
      vertex 45.6 10.6306 139.026
    endloop
  endfacet
  facet normal 0 0.980764 0.195196
    outer loop
      vertex 48 10.3545 139.586
      vertex 45.6 10.3137 139.791
      vertex 48 10.3137 139.791
    endloop
  endfacet
  facet normal 0 0.980764 0.195196
    outer loop
      vertex 45.6 10.3137 139.791
      vertex 48 10.3545 139.586
      vertex 45.6 10.3545 139.586
    endloop
  endfacet
  facet normal 0 0.980764 -0.195196
    outer loop
      vertex 48 10.3137 140.209
      vertex 45.6 10.3545 140.414
      vertex 48 10.3545 140.414
    endloop
  endfacet
  facet normal 0 0.980764 -0.195196
    outer loop
      vertex 45.6 10.3545 140.414
      vertex 48 10.3137 140.209
      vertex 45.6 10.3137 140.209
    endloop
  endfacet
  facet normal 0 -0.195841 0.980636
    outer loop
      vertex 45.6 12.3141 138.455
      vertex 48 12.1088 138.414
      vertex 48 12.3141 138.455
    endloop
  endfacet
  facet normal 0 -0.195841 0.980636
    outer loop
      vertex 48 12.1088 138.414
      vertex 45.6 12.3141 138.455
      vertex 45.6 12.1088 138.414
    endloop
  endfacet
  facet normal -0 0.557998 0.829843
    outer loop
      vertex 45.6 11.1 138.614
      vertex 48 10.926 138.731
      vertex 48 11.1 138.614
    endloop
  endfacet
  facet normal 0 0.557998 0.829843
    outer loop
      vertex 48 10.926 138.731
      vertex 45.6 11.1 138.614
      vertex 45.6 10.926 138.731
    endloop
  endfacet
  facet normal 0 0.0668996 -0.99776
    outer loop
      vertex 45.6 11.6912 141.586
      vertex 48 11.9 141.6
      vertex 48 11.6912 141.586
    endloop
  endfacet
  facet normal 0 0.0668996 -0.99776
    outer loop
      vertex 48 11.9 141.6
      vertex 45.6 11.6912 141.586
      vertex 45.6 11.9 141.6
    endloop
  endfacet
  facet normal 0 -0.751093 -0.660196
    outer loop
      vertex 45.6 13.1694 140.974
      vertex 48 13.0314 141.131
      vertex 45.6 13.0314 141.131
    endloop
  endfacet
  facet normal 0 -0.751093 -0.660196
    outer loop
      vertex 48 13.0314 141.131
      vertex 45.6 13.1694 140.974
      vertex 48 13.1694 140.974
    endloop
  endfacet
  facet normal -0 0.0668996 0.99776
    outer loop
      vertex 45.6 11.9 138.4
      vertex 48 11.6912 138.414
      vertex 48 11.9 138.4
    endloop
  endfacet
  facet normal 0 0.0668996 0.99776
    outer loop
      vertex 48 11.6912 138.414
      vertex 45.6 11.9 138.4
      vertex 45.6 11.6912 138.414
    endloop
  endfacet
  facet normal -0 0.659248 0.751925
    outer loop
      vertex 45.6 10.926 138.731
      vertex 48 10.7686 138.869
      vertex 48 10.926 138.731
    endloop
  endfacet
  facet normal 0 0.659248 0.751925
    outer loop
      vertex 48 10.7686 138.869
      vertex 45.6 10.926 138.731
      vertex 45.6 10.7686 138.869
    endloop
  endfacet
  facet normal 0 0.32024 -0.947336
    outer loop
      vertex 45.6 11.2877 141.478
      vertex 48 11.4859 141.545
      vertex 48 11.2877 141.478
    endloop
  endfacet
  facet normal 0 0.32024 -0.947336
    outer loop
      vertex 48 11.4859 141.545
      vertex 45.6 11.2877 141.478
      vertex 45.6 11.4859 141.545
    endloop
  endfacet
  facet normal 0 -0.195841 -0.980636
    outer loop
      vertex 45.6 12.1088 141.586
      vertex 48 12.3141 141.545
      vertex 48 12.1088 141.586
    endloop
  endfacet
  facet normal -0 -0.195841 -0.980636
    outer loop
      vertex 48 12.3141 141.545
      vertex 45.6 12.1088 141.586
      vertex 45.6 12.3141 141.545
    endloop
  endfacet
  facet normal 0 -0.980764 0.195196
    outer loop
      vertex 45.6 13.4455 139.586
      vertex 48 13.4863 139.791
      vertex 45.6 13.4863 139.791
    endloop
  endfacet
  facet normal 0 -0.980764 0.195196
    outer loop
      vertex 48 13.4863 139.791
      vertex 45.6 13.4455 139.586
      vertex 48 13.4455 139.586
    endloop
  endfacet
  facet normal 0 -0.659248 0.751925
    outer loop
      vertex 45.6 13.0314 138.869
      vertex 48 12.874 138.731
      vertex 48 13.0314 138.869
    endloop
  endfacet
  facet normal 0 -0.659248 0.751925
    outer loop
      vertex 48 12.874 138.731
      vertex 45.6 13.0314 138.869
      vertex 45.6 12.874 138.731
    endloop
  endfacet
  facet normal 0 0.751093 -0.660196
    outer loop
      vertex 48 10.6306 140.974
      vertex 45.6 10.7686 141.131
      vertex 48 10.7686 141.131
    endloop
  endfacet
  facet normal 0 0.751093 -0.660196
    outer loop
      vertex 45.6 10.7686 141.131
      vertex 48 10.6306 140.974
      vertex 45.6 10.6306 140.974
    endloop
  endfacet
  facet normal 0 0.897083 -0.441861
    outer loop
      vertex 48 10.4218 140.612
      vertex 45.6 10.5144 140.8
      vertex 48 10.5144 140.8
    endloop
  endfacet
  facet normal 0 0.897083 -0.441861
    outer loop
      vertex 45.6 10.5144 140.8
      vertex 48 10.4218 140.612
      vertex 45.6 10.4218 140.612
    endloop
  endfacet
  facet normal 0 -0.0668996 -0.99776
    outer loop
      vertex 45.6 11.9 141.6
      vertex 48 12.1088 141.586
      vertex 48 11.9 141.6
    endloop
  endfacet
  facet normal -0 -0.0668996 -0.99776
    outer loop
      vertex 48 12.1088 141.586
      vertex 45.6 11.9 141.6
      vertex 45.6 12.1088 141.586
    endloop
  endfacet
  facet normal 0 0.751093 0.660196
    outer loop
      vertex 48 10.7686 138.869
      vertex 45.6 10.6306 139.026
      vertex 48 10.6306 139.026
    endloop
  endfacet
  facet normal 0 0.751093 0.660196
    outer loop
      vertex 45.6 10.6306 139.026
      vertex 48 10.7686 138.869
      vertex 45.6 10.7686 138.869
    endloop
  endfacet
  facet normal 0 0.440119 -0.897939
    outer loop
      vertex 45.6 11.1 141.386
      vertex 48 11.2877 141.478
      vertex 48 11.1 141.386
    endloop
  endfacet
  facet normal 0 0.440119 -0.897939
    outer loop
      vertex 48 11.2877 141.478
      vertex 45.6 11.1 141.386
      vertex 45.6 11.2877 141.478
    endloop
  endfacet
  facet normal 0 -0.557998 -0.829843
    outer loop
      vertex 45.6 12.7 141.386
      vertex 48 12.874 141.269
      vertex 48 12.7 141.386
    endloop
  endfacet
  facet normal -0 -0.557998 -0.829843
    outer loop
      vertex 48 12.874 141.269
      vertex 45.6 12.7 141.386
      vertex 45.6 12.874 141.269
    endloop
  endfacet
  facet normal 0 -0.32024 -0.947336
    outer loop
      vertex 45.6 12.3141 141.545
      vertex 48 12.5123 141.478
      vertex 48 12.3141 141.545
    endloop
  endfacet
  facet normal -0 -0.32024 -0.947336
    outer loop
      vertex 48 12.5123 141.478
      vertex 45.6 12.3141 141.545
      vertex 45.6 12.5123 141.478
    endloop
  endfacet
  facet normal 0 -0.440119 -0.897939
    outer loop
      vertex 45.6 12.5123 141.478
      vertex 48 12.7 141.386
      vertex 48 12.5123 141.478
    endloop
  endfacet
  facet normal -0 -0.440119 -0.897939
    outer loop
      vertex 48 12.7 141.386
      vertex 45.6 12.5123 141.478
      vertex 45.6 12.7 141.386
    endloop
  endfacet
  facet normal 0 0.195841 -0.980636
    outer loop
      vertex 45.6 11.4859 283.545
      vertex 48 11.6912 283.586
      vertex 48 11.4859 283.545
    endloop
  endfacet
  facet normal 0 0.195841 -0.980636
    outer loop
      vertex 48 11.6912 283.586
      vertex 45.6 11.4859 283.545
      vertex 45.6 11.6912 283.586
    endloop
  endfacet
  facet normal 0 -0.32024 0.947336
    outer loop
      vertex 45.6 12.5123 280.522
      vertex 48 12.3141 280.455
      vertex 48 12.5123 280.522
    endloop
  endfacet
  facet normal 0 -0.32024 0.947336
    outer loop
      vertex 48 12.3141 280.455
      vertex 45.6 12.5123 280.522
      vertex 45.6 12.3141 280.455
    endloop
  endfacet
  facet normal 0 -0.557998 0.829843
    outer loop
      vertex 45.6 12.874 280.731
      vertex 48 12.7 280.614
      vertex 48 12.874 280.731
    endloop
  endfacet
  facet normal 0 -0.557998 0.829843
    outer loop
      vertex 48 12.7 280.614
      vertex 45.6 12.874 280.731
      vertex 45.6 12.7 280.614
    endloop
  endfacet
  facet normal -0 0.32024 0.947336
    outer loop
      vertex 45.6 11.4859 280.455
      vertex 48 11.2877 280.522
      vertex 48 11.4859 280.455
    endloop
  endfacet
  facet normal 0 0.32024 0.947336
    outer loop
      vertex 48 11.2877 280.522
      vertex 45.6 11.4859 280.455
      vertex 45.6 11.2877 280.522
    endloop
  endfacet
  facet normal 0 -0.751093 0.660196
    outer loop
      vertex 45.6 13.0314 280.869
      vertex 48 13.1694 281.026
      vertex 45.6 13.1694 281.026
    endloop
  endfacet
  facet normal 0 -0.751093 0.660196
    outer loop
      vertex 48 13.1694 281.026
      vertex 45.6 13.0314 280.869
      vertex 48 13.0314 280.869
    endloop
  endfacet
  facet normal 0 -0.440119 0.897939
    outer loop
      vertex 45.6 12.7 280.614
      vertex 48 12.5123 280.522
      vertex 48 12.7 280.614
    endloop
  endfacet
  facet normal 0 -0.440119 0.897939
    outer loop
      vertex 48 12.5123 280.522
      vertex 45.6 12.7 280.614
      vertex 45.6 12.5123 280.522
    endloop
  endfacet
  facet normal 0 -0.0668996 0.99776
    outer loop
      vertex 45.6 12.1088 280.414
      vertex 48 11.9 280.4
      vertex 48 12.1088 280.414
    endloop
  endfacet
  facet normal 0 -0.0668996 0.99776
    outer loop
      vertex 48 11.9 280.4
      vertex 45.6 12.1088 280.414
      vertex 45.6 11.9 280.4
    endloop
  endfacet
  facet normal 0 -0.997858 0.0654099
    outer loop
      vertex 45.6 13.4863 281.791
      vertex 48 13.5 282
      vertex 45.6 13.5 282
    endloop
  endfacet
  facet normal 0 -0.997858 0.0654099
    outer loop
      vertex 48 13.5 282
      vertex 45.6 13.4863 281.791
      vertex 48 13.4863 281.791
    endloop
  endfacet
  facet normal 0 0.659248 -0.751925
    outer loop
      vertex 45.6 10.7686 283.131
      vertex 48 10.926 283.269
      vertex 48 10.7686 283.131
    endloop
  endfacet
  facet normal 0 0.659248 -0.751925
    outer loop
      vertex 48 10.926 283.269
      vertex 45.6 10.7686 283.131
      vertex 45.6 10.926 283.269
    endloop
  endfacet
  facet normal -0 0.440119 0.897939
    outer loop
      vertex 45.6 11.2877 280.522
      vertex 48 11.1 280.614
      vertex 48 11.2877 280.522
    endloop
  endfacet
  facet normal 0 0.440119 0.897939
    outer loop
      vertex 48 11.1 280.614
      vertex 45.6 11.2877 280.522
      vertex 45.6 11.1 280.614
    endloop
  endfacet
  facet normal 0 0.946802 -0.321817
    outer loop
      vertex 48 10.3545 282.414
      vertex 45.6 10.4218 282.612
      vertex 48 10.4218 282.612
    endloop
  endfacet
  facet normal 0 0.946802 -0.321817
    outer loop
      vertex 45.6 10.4218 282.612
      vertex 48 10.3545 282.414
      vertex 45.6 10.3545 282.414
    endloop
  endfacet
  facet normal 0 -0.980764 -0.195196
    outer loop
      vertex 45.6 13.4863 282.209
      vertex 48 13.4455 282.414
      vertex 45.6 13.4455 282.414
    endloop
  endfacet
  facet normal 0 -0.980764 -0.195196
    outer loop
      vertex 48 13.4455 282.414
      vertex 45.6 13.4863 282.209
      vertex 48 13.4863 282.209
    endloop
  endfacet
  facet normal 0 -0.946802 0.321817
    outer loop
      vertex 45.6 13.3782 281.388
      vertex 48 13.4455 281.586
      vertex 45.6 13.4455 281.586
    endloop
  endfacet
  facet normal 0 -0.946802 0.321817
    outer loop
      vertex 48 13.4455 281.586
      vertex 45.6 13.3782 281.388
      vertex 48 13.3782 281.388
    endloop
  endfacet
  facet normal 0 0.557998 -0.829843
    outer loop
      vertex 45.6 10.926 283.269
      vertex 48 11.1 283.386
      vertex 48 10.926 283.269
    endloop
  endfacet
  facet normal 0 0.557998 -0.829843
    outer loop
      vertex 48 11.1 283.386
      vertex 45.6 10.926 283.269
      vertex 45.6 11.1 283.386
    endloop
  endfacet
  facet normal 0 0.997858 0.0654099
    outer loop
      vertex 48 10.3137 281.791
      vertex 45.6 10.3 282
      vertex 48 10.3 282
    endloop
  endfacet
  facet normal 0 0.997858 0.0654099
    outer loop
      vertex 45.6 10.3 282
      vertex 48 10.3137 281.791
      vertex 45.6 10.3137 281.791
    endloop
  endfacet
  facet normal 0 -0.946802 -0.321817
    outer loop
      vertex 45.6 13.4455 282.414
      vertex 48 13.3782 282.612
      vertex 45.6 13.3782 282.612
    endloop
  endfacet
  facet normal 0 -0.946802 -0.321817
    outer loop
      vertex 48 13.3782 282.612
      vertex 45.6 13.4455 282.414
      vertex 48 13.4455 282.414
    endloop
  endfacet
  facet normal 0 -0.897083 -0.441861
    outer loop
      vertex 45.6 13.3782 282.612
      vertex 48 13.2856 282.8
      vertex 45.6 13.2856 282.8
    endloop
  endfacet
  facet normal 0 -0.897083 -0.441861
    outer loop
      vertex 48 13.2856 282.8
      vertex 45.6 13.3782 282.612
      vertex 48 13.3782 282.612
    endloop
  endfacet
  facet normal 0 0.997858 -0.0654099
    outer loop
      vertex 48 10.3 282
      vertex 45.6 10.3137 282.209
      vertex 48 10.3137 282.209
    endloop
  endfacet
  facet normal 0 0.997858 -0.0654099
    outer loop
      vertex 45.6 10.3137 282.209
      vertex 48 10.3 282
      vertex 45.6 10.3 282
    endloop
  endfacet
  facet normal 0 0.946802 0.321817
    outer loop
      vertex 48 10.4218 281.388
      vertex 45.6 10.3545 281.586
      vertex 48 10.3545 281.586
    endloop
  endfacet
  facet normal 0 0.946802 0.321817
    outer loop
      vertex 45.6 10.3545 281.586
      vertex 48 10.4218 281.388
      vertex 45.6 10.4218 281.388
    endloop
  endfacet
  facet normal 0 -0.659248 -0.751925
    outer loop
      vertex 45.6 12.874 283.269
      vertex 48 13.0314 283.131
      vertex 48 12.874 283.269
    endloop
  endfacet
  facet normal -0 -0.659248 -0.751925
    outer loop
      vertex 48 13.0314 283.131
      vertex 45.6 12.874 283.269
      vertex 45.6 13.0314 283.131
    endloop
  endfacet
  facet normal 0 0.897083 0.441861
    outer loop
      vertex 48 10.5144 281.2
      vertex 45.6 10.4218 281.388
      vertex 48 10.4218 281.388
    endloop
  endfacet
  facet normal 0 0.897083 0.441861
    outer loop
      vertex 45.6 10.4218 281.388
      vertex 48 10.5144 281.2
      vertex 45.6 10.5144 281.2
    endloop
  endfacet
  facet normal 0 0.831609 -0.555362
    outer loop
      vertex 48 10.5144 282.8
      vertex 45.6 10.6306 282.974
      vertex 48 10.6306 282.974
    endloop
  endfacet
  facet normal 0 0.831609 -0.555362
    outer loop
      vertex 45.6 10.6306 282.974
      vertex 48 10.5144 282.8
      vertex 45.6 10.5144 282.8
    endloop
  endfacet
  facet normal 0 -0.897083 0.441861
    outer loop
      vertex 45.6 13.2856 281.2
      vertex 48 13.3782 281.388
      vertex 45.6 13.3782 281.388
    endloop
  endfacet
  facet normal 0 -0.897083 0.441861
    outer loop
      vertex 48 13.3782 281.388
      vertex 45.6 13.2856 281.2
      vertex 48 13.2856 281.2
    endloop
  endfacet
  facet normal 0 -0.997858 -0.0654099
    outer loop
      vertex 45.6 13.5 282
      vertex 48 13.4863 282.209
      vertex 45.6 13.4863 282.209
    endloop
  endfacet
  facet normal 0 -0.997858 -0.0654099
    outer loop
      vertex 48 13.4863 282.209
      vertex 45.6 13.5 282
      vertex 48 13.5 282
    endloop
  endfacet
  facet normal 0 -0.831609 0.555362
    outer loop
      vertex 45.6 13.1694 281.026
      vertex 48 13.2856 281.2
      vertex 45.6 13.2856 281.2
    endloop
  endfacet
  facet normal 0 -0.831609 0.555362
    outer loop
      vertex 48 13.2856 281.2
      vertex 45.6 13.1694 281.026
      vertex 48 13.1694 281.026
    endloop
  endfacet
  facet normal 0 -0.831609 -0.555362
    outer loop
      vertex 45.6 13.2856 282.8
      vertex 48 13.1694 282.974
      vertex 45.6 13.1694 282.974
    endloop
  endfacet
  facet normal 0 -0.831609 -0.555362
    outer loop
      vertex 48 13.1694 282.974
      vertex 45.6 13.2856 282.8
      vertex 48 13.2856 282.8
    endloop
  endfacet
  facet normal -0 0.195841 0.980636
    outer loop
      vertex 45.6 11.6912 280.414
      vertex 48 11.4859 280.455
      vertex 48 11.6912 280.414
    endloop
  endfacet
  facet normal 0 0.195841 0.980636
    outer loop
      vertex 48 11.4859 280.455
      vertex 45.6 11.6912 280.414
      vertex 45.6 11.4859 280.455
    endloop
  endfacet
  facet normal 0 0.831609 0.555362
    outer loop
      vertex 48 10.6306 281.026
      vertex 45.6 10.5144 281.2
      vertex 48 10.5144 281.2
    endloop
  endfacet
  facet normal 0 0.831609 0.555362
    outer loop
      vertex 45.6 10.5144 281.2
      vertex 48 10.6306 281.026
      vertex 45.6 10.6306 281.026
    endloop
  endfacet
  facet normal 0 0.980764 0.195196
    outer loop
      vertex 48 10.3545 281.586
      vertex 45.6 10.3137 281.791
      vertex 48 10.3137 281.791
    endloop
  endfacet
  facet normal 0 0.980764 0.195196
    outer loop
      vertex 45.6 10.3137 281.791
      vertex 48 10.3545 281.586
      vertex 45.6 10.3545 281.586
    endloop
  endfacet
  facet normal 0 0.980764 -0.195196
    outer loop
      vertex 48 10.3137 282.209
      vertex 45.6 10.3545 282.414
      vertex 48 10.3545 282.414
    endloop
  endfacet
  facet normal 0 0.980764 -0.195196
    outer loop
      vertex 45.6 10.3545 282.414
      vertex 48 10.3137 282.209
      vertex 45.6 10.3137 282.209
    endloop
  endfacet
  facet normal 0 -0.195841 0.980636
    outer loop
      vertex 45.6 12.3141 280.455
      vertex 48 12.1088 280.414
      vertex 48 12.3141 280.455
    endloop
  endfacet
  facet normal 0 -0.195841 0.980636
    outer loop
      vertex 48 12.1088 280.414
      vertex 45.6 12.3141 280.455
      vertex 45.6 12.1088 280.414
    endloop
  endfacet
  facet normal -0 0.557998 0.829843
    outer loop
      vertex 45.6 11.1 280.614
      vertex 48 10.926 280.731
      vertex 48 11.1 280.614
    endloop
  endfacet
  facet normal 0 0.557998 0.829843
    outer loop
      vertex 48 10.926 280.731
      vertex 45.6 11.1 280.614
      vertex 45.6 10.926 280.731
    endloop
  endfacet
  facet normal 0 0.0668996 -0.99776
    outer loop
      vertex 45.6 11.6912 283.586
      vertex 48 11.9 283.6
      vertex 48 11.6912 283.586
    endloop
  endfacet
  facet normal 0 0.0668996 -0.99776
    outer loop
      vertex 48 11.9 283.6
      vertex 45.6 11.6912 283.586
      vertex 45.6 11.9 283.6
    endloop
  endfacet
  facet normal 0 -0.751093 -0.660196
    outer loop
      vertex 45.6 13.1694 282.974
      vertex 48 13.0314 283.131
      vertex 45.6 13.0314 283.131
    endloop
  endfacet
  facet normal 0 -0.751093 -0.660196
    outer loop
      vertex 48 13.0314 283.131
      vertex 45.6 13.1694 282.974
      vertex 48 13.1694 282.974
    endloop
  endfacet
  facet normal -0 0.0668996 0.99776
    outer loop
      vertex 45.6 11.9 280.4
      vertex 48 11.6912 280.414
      vertex 48 11.9 280.4
    endloop
  endfacet
  facet normal 0 0.0668996 0.99776
    outer loop
      vertex 48 11.6912 280.414
      vertex 45.6 11.9 280.4
      vertex 45.6 11.6912 280.414
    endloop
  endfacet
  facet normal -0 0.659248 0.751925
    outer loop
      vertex 45.6 10.926 280.731
      vertex 48 10.7686 280.869
      vertex 48 10.926 280.731
    endloop
  endfacet
  facet normal 0 0.659248 0.751925
    outer loop
      vertex 48 10.7686 280.869
      vertex 45.6 10.926 280.731
      vertex 45.6 10.7686 280.869
    endloop
  endfacet
  facet normal 0 0.32024 -0.947336
    outer loop
      vertex 45.6 11.2877 283.478
      vertex 48 11.4859 283.545
      vertex 48 11.2877 283.478
    endloop
  endfacet
  facet normal 0 0.32024 -0.947336
    outer loop
      vertex 48 11.4859 283.545
      vertex 45.6 11.2877 283.478
      vertex 45.6 11.4859 283.545
    endloop
  endfacet
  facet normal 0 -0.195841 -0.980636
    outer loop
      vertex 45.6 12.1088 283.586
      vertex 48 12.3141 283.545
      vertex 48 12.1088 283.586
    endloop
  endfacet
  facet normal -0 -0.195841 -0.980636
    outer loop
      vertex 48 12.3141 283.545
      vertex 45.6 12.1088 283.586
      vertex 45.6 12.3141 283.545
    endloop
  endfacet
  facet normal 0 -0.980764 0.195196
    outer loop
      vertex 45.6 13.4455 281.586
      vertex 48 13.4863 281.791
      vertex 45.6 13.4863 281.791
    endloop
  endfacet
  facet normal 0 -0.980764 0.195196
    outer loop
      vertex 48 13.4863 281.791
      vertex 45.6 13.4455 281.586
      vertex 48 13.4455 281.586
    endloop
  endfacet
  facet normal 0 -0.659248 0.751925
    outer loop
      vertex 45.6 13.0314 280.869
      vertex 48 12.874 280.731
      vertex 48 13.0314 280.869
    endloop
  endfacet
  facet normal 0 -0.659248 0.751925
    outer loop
      vertex 48 12.874 280.731
      vertex 45.6 13.0314 280.869
      vertex 45.6 12.874 280.731
    endloop
  endfacet
  facet normal 0 0.751093 -0.660196
    outer loop
      vertex 48 10.6306 282.974
      vertex 45.6 10.7686 283.131
      vertex 48 10.7686 283.131
    endloop
  endfacet
  facet normal 0 0.751093 -0.660196
    outer loop
      vertex 45.6 10.7686 283.131
      vertex 48 10.6306 282.974
      vertex 45.6 10.6306 282.974
    endloop
  endfacet
  facet normal 0 0.897083 -0.441861
    outer loop
      vertex 48 10.4218 282.612
      vertex 45.6 10.5144 282.8
      vertex 48 10.5144 282.8
    endloop
  endfacet
  facet normal 0 0.897083 -0.441861
    outer loop
      vertex 45.6 10.5144 282.8
      vertex 48 10.4218 282.612
      vertex 45.6 10.4218 282.612
    endloop
  endfacet
  facet normal 0 -0.0668996 -0.99776
    outer loop
      vertex 45.6 11.9 283.6
      vertex 48 12.1088 283.586
      vertex 48 11.9 283.6
    endloop
  endfacet
  facet normal -0 -0.0668996 -0.99776
    outer loop
      vertex 48 12.1088 283.586
      vertex 45.6 11.9 283.6
      vertex 45.6 12.1088 283.586
    endloop
  endfacet
  facet normal 0 0.751093 0.660196
    outer loop
      vertex 48 10.7686 280.869
      vertex 45.6 10.6306 281.026
      vertex 48 10.6306 281.026
    endloop
  endfacet
  facet normal 0 0.751093 0.660196
    outer loop
      vertex 45.6 10.6306 281.026
      vertex 48 10.7686 280.869
      vertex 45.6 10.7686 280.869
    endloop
  endfacet
  facet normal 0 0.440119 -0.897939
    outer loop
      vertex 45.6 11.1 283.386
      vertex 48 11.2877 283.478
      vertex 48 11.1 283.386
    endloop
  endfacet
  facet normal 0 0.440119 -0.897939
    outer loop
      vertex 48 11.2877 283.478
      vertex 45.6 11.1 283.386
      vertex 45.6 11.2877 283.478
    endloop
  endfacet
  facet normal 0 -0.557998 -0.829843
    outer loop
      vertex 45.6 12.7 283.386
      vertex 48 12.874 283.269
      vertex 48 12.7 283.386
    endloop
  endfacet
  facet normal -0 -0.557998 -0.829843
    outer loop
      vertex 48 12.874 283.269
      vertex 45.6 12.7 283.386
      vertex 45.6 12.874 283.269
    endloop
  endfacet
  facet normal 0 -0.32024 -0.947336
    outer loop
      vertex 45.6 12.3141 283.545
      vertex 48 12.5123 283.478
      vertex 48 12.3141 283.545
    endloop
  endfacet
  facet normal -0 -0.32024 -0.947336
    outer loop
      vertex 48 12.5123 283.478
      vertex 45.6 12.3141 283.545
      vertex 45.6 12.5123 283.478
    endloop
  endfacet
  facet normal 0 -0.440119 -0.897939
    outer loop
      vertex 45.6 12.5123 283.478
      vertex 48 12.7 283.386
      vertex 48 12.5123 283.478
    endloop
  endfacet
  facet normal -0 -0.440119 -0.897939
    outer loop
      vertex 48 12.7 283.386
      vertex 45.6 12.5123 283.478
      vertex 45.6 12.7 283.386
    endloop
  endfacet
  facet normal -0.195234 0 0.980757
    outer loop
      vertex 24.4568 34 12.5299
      vertex 24.9059 31.3 12.6193
      vertex 24.9059 34 12.6193
    endloop
  endfacet
  facet normal -0.195234 0 0.980757
    outer loop
      vertex 24.9059 31.3 12.6193
      vertex 24.4568 34 12.5299
      vertex 24.4568 31.3 12.5299
    endloop
  endfacet
  facet normal -0.980757 0 -0.195234
    outer loop
      vertex 27.4701 31.3 16.4568
      vertex 27.3807 34 16.9059
      vertex 27.4701 34 16.4568
    endloop
  endfacet
  facet normal -0.980757 -0 -0.195234
    outer loop
      vertex 27.3807 34 16.9059
      vertex 27.4701 31.3 16.4568
      vertex 27.3807 31.3 16.9059
    endloop
  endfacet
  facet normal -0.997865 0 -0.0653156
    outer loop
      vertex 27.5 31.3 16
      vertex 27.4701 34 16.4568
      vertex 27.5 34 16
    endloop
  endfacet
  facet normal -0.997865 -0 -0.0653156
    outer loop
      vertex 27.4701 34 16.4568
      vertex 27.5 31.3 16
      vertex 27.4701 31.3 16.4568
    endloop
  endfacet
  facet normal 0.442314 0 -0.89686
    outer loop
      vertex 22.25 31.3 19.0311
      vertex 22.6606 34 19.2336
      vertex 22.6606 31.3 19.2336
    endloop
  endfacet
  facet normal 0.442314 0 -0.89686
    outer loop
      vertex 22.6606 34 19.2336
      vertex 22.25 31.3 19.0311
      vertex 22.25 34 19.0311
    endloop
  endfacet
  facet normal -0.946966 0 -0.321335
    outer loop
      vertex 27.3807 31.3 16.9059
      vertex 27.2336 34 17.3394
      vertex 27.3807 34 16.9059
    endloop
  endfacet
  facet normal -0.946966 -0 -0.321335
    outer loop
      vertex 27.2336 34 17.3394
      vertex 27.3807 31.3 16.9059
      vertex 27.2336 31.3 17.3394
    endloop
  endfacet
  facet normal -0.659278 0 -0.7519
    outer loop
      vertex 26.1307 31.3 18.7767
      vertex 26.4749 34 18.4749
      vertex 26.4749 31.3 18.4749
    endloop
  endfacet
  facet normal -0.659278 0 -0.7519
    outer loop
      vertex 26.4749 34 18.4749
      vertex 26.1307 31.3 18.7767
      vertex 26.1307 34 18.7767
    endloop
  endfacet
  facet normal -0.0653156 0 -0.997865
    outer loop
      vertex 24 31.3 19.5
      vertex 24.4568 34 19.4701
      vertex 24.4568 31.3 19.4701
    endloop
  endfacet
  facet normal -0.0653156 0 -0.997865
    outer loop
      vertex 24.4568 34 19.4701
      vertex 24 31.3 19.5
      vertex 24 34 19.5
    endloop
  endfacet
  facet normal 0.946966 0 -0.321335
    outer loop
      vertex 20.7664 31.3 17.3394
      vertex 20.6193 34 16.9059
      vertex 20.7664 34 17.3394
    endloop
  endfacet
  facet normal 0.946966 0 -0.321335
    outer loop
      vertex 20.6193 34 16.9059
      vertex 20.7664 31.3 17.3394
      vertex 20.6193 31.3 16.9059
    endloop
  endfacet
  facet normal -0.831445 0 0.555607
    outer loop
      vertex 26.7767 31.3 13.8693
      vertex 27.0311 34 14.25
      vertex 26.7767 34 13.8693
    endloop
  endfacet
  facet normal -0.831445 0 0.555607
    outer loop
      vertex 27.0311 34 14.25
      vertex 26.7767 31.3 13.8693
      vertex 27.0311 31.3 14.25
    endloop
  endfacet
  facet normal 0.0653156 0 -0.997865
    outer loop
      vertex 23.5432 31.3 19.4701
      vertex 24 34 19.5
      vertex 24 31.3 19.5
    endloop
  endfacet
  facet normal 0.0653156 0 -0.997865
    outer loop
      vertex 24 34 19.5
      vertex 23.5432 31.3 19.4701
      vertex 23.5432 34 19.4701
    endloop
  endfacet
  facet normal 0.195234 0 0.980757
    outer loop
      vertex 23.0941 34 12.6193
      vertex 23.5432 31.3 12.5299
      vertex 23.5432 34 12.5299
    endloop
  endfacet
  facet normal 0.195234 0 0.980757
    outer loop
      vertex 23.5432 31.3 12.5299
      vertex 23.0941 34 12.6193
      vertex 23.0941 31.3 12.6193
    endloop
  endfacet
  facet normal -0.89686 0 0.442314
    outer loop
      vertex 27.0311 31.3 14.25
      vertex 27.2336 34 14.6606
      vertex 27.0311 34 14.25
    endloop
  endfacet
  facet normal -0.89686 0 0.442314
    outer loop
      vertex 27.2336 34 14.6606
      vertex 27.0311 31.3 14.25
      vertex 27.2336 31.3 14.6606
    endloop
  endfacet
  facet normal 0.997865 -0 0.0653156
    outer loop
      vertex 20.5 31.3 16
      vertex 20.5299 34 15.5432
      vertex 20.5 34 16
    endloop
  endfacet
  facet normal 0.997865 0 0.0653156
    outer loop
      vertex 20.5299 34 15.5432
      vertex 20.5 31.3 16
      vertex 20.5299 31.3 15.5432
    endloop
  endfacet
  facet normal 0.195234 0 -0.980757
    outer loop
      vertex 23.0941 31.3 19.3807
      vertex 23.5432 34 19.4701
      vertex 23.5432 31.3 19.4701
    endloop
  endfacet
  facet normal 0.195234 0 -0.980757
    outer loop
      vertex 23.5432 34 19.4701
      vertex 23.0941 31.3 19.3807
      vertex 23.0941 34 19.3807
    endloop
  endfacet
  facet normal 0.997865 0 -0.0653156
    outer loop
      vertex 20.5299 31.3 16.4568
      vertex 20.5 34 16
      vertex 20.5299 34 16.4568
    endloop
  endfacet
  facet normal 0.997865 0 -0.0653156
    outer loop
      vertex 20.5 34 16
      vertex 20.5299 31.3 16.4568
      vertex 20.5 31.3 16
    endloop
  endfacet
  facet normal 0.946966 -0 0.321335
    outer loop
      vertex 20.6193 31.3 15.0941
      vertex 20.7664 34 14.6606
      vertex 20.6193 34 15.0941
    endloop
  endfacet
  facet normal 0.946966 0 0.321335
    outer loop
      vertex 20.7664 34 14.6606
      vertex 20.6193 31.3 15.0941
      vertex 20.7664 31.3 14.6606
    endloop
  endfacet
  facet normal 0.89686 0 -0.442314
    outer loop
      vertex 20.9689 31.3 17.75
      vertex 20.7664 34 17.3394
      vertex 20.9689 34 17.75
    endloop
  endfacet
  facet normal 0.89686 0 -0.442314
    outer loop
      vertex 20.7664 34 17.3394
      vertex 20.9689 31.3 17.75
      vertex 20.7664 31.3 17.3394
    endloop
  endfacet
  facet normal 0.831445 -0 0.555607
    outer loop
      vertex 20.9689 31.3 14.25
      vertex 21.2233 34 13.8693
      vertex 20.9689 34 14.25
    endloop
  endfacet
  facet normal 0.831445 0 0.555607
    outer loop
      vertex 21.2233 34 13.8693
      vertex 20.9689 31.3 14.25
      vertex 21.2233 31.3 13.8693
    endloop
  endfacet
  facet normal 0.321335 0 -0.946966
    outer loop
      vertex 22.6606 31.3 19.2336
      vertex 23.0941 34 19.3807
      vertex 23.0941 31.3 19.3807
    endloop
  endfacet
  facet normal 0.321335 0 -0.946966
    outer loop
      vertex 23.0941 34 19.3807
      vertex 22.6606 31.3 19.2336
      vertex 22.6606 34 19.2336
    endloop
  endfacet
  facet normal 0.831445 0 -0.555607
    outer loop
      vertex 21.2233 31.3 18.1307
      vertex 20.9689 34 17.75
      vertex 21.2233 34 18.1307
    endloop
  endfacet
  facet normal 0.831445 0 -0.555607
    outer loop
      vertex 20.9689 34 17.75
      vertex 21.2233 31.3 18.1307
      vertex 20.9689 31.3 17.75
    endloop
  endfacet
  facet normal -0.831445 0 -0.555607
    outer loop
      vertex 27.0311 31.3 17.75
      vertex 26.7767 34 18.1307
      vertex 27.0311 34 17.75
    endloop
  endfacet
  facet normal -0.831445 -0 -0.555607
    outer loop
      vertex 26.7767 34 18.1307
      vertex 27.0311 31.3 17.75
      vertex 26.7767 31.3 18.1307
    endloop
  endfacet
  facet normal -0.555607 0 -0.831445
    outer loop
      vertex 25.75 31.3 19.0311
      vertex 26.1307 34 18.7767
      vertex 26.1307 31.3 18.7767
    endloop
  endfacet
  facet normal -0.555607 0 -0.831445
    outer loop
      vertex 26.1307 34 18.7767
      vertex 25.75 31.3 19.0311
      vertex 25.75 34 19.0311
    endloop
  endfacet
  facet normal -0.980757 0 0.195234
    outer loop
      vertex 27.3807 31.3 15.0941
      vertex 27.4701 34 15.5432
      vertex 27.3807 34 15.0941
    endloop
  endfacet
  facet normal -0.980757 0 0.195234
    outer loop
      vertex 27.4701 34 15.5432
      vertex 27.3807 31.3 15.0941
      vertex 27.4701 31.3 15.5432
    endloop
  endfacet
  facet normal 0.7519 0 -0.659278
    outer loop
      vertex 21.5251 31.3 18.4749
      vertex 21.2233 34 18.1307
      vertex 21.5251 34 18.4749
    endloop
  endfacet
  facet normal 0.7519 0 -0.659278
    outer loop
      vertex 21.2233 34 18.1307
      vertex 21.5251 31.3 18.4749
      vertex 21.2233 31.3 18.1307
    endloop
  endfacet
  facet normal 0.980757 0 -0.195234
    outer loop
      vertex 20.6193 31.3 16.9059
      vertex 20.5299 34 16.4568
      vertex 20.6193 34 16.9059
    endloop
  endfacet
  facet normal 0.980757 0 -0.195234
    outer loop
      vertex 20.5299 34 16.4568
      vertex 20.6193 31.3 16.9059
      vertex 20.5299 31.3 16.4568
    endloop
  endfacet
  facet normal -0.195234 0 -0.980757
    outer loop
      vertex 24.4568 31.3 19.4701
      vertex 24.9059 34 19.3807
      vertex 24.9059 31.3 19.3807
    endloop
  endfacet
  facet normal -0.195234 0 -0.980757
    outer loop
      vertex 24.9059 34 19.3807
      vertex 24.4568 31.3 19.4701
      vertex 24.4568 34 19.4701
    endloop
  endfacet
  facet normal -0.442314 0 -0.89686
    outer loop
      vertex 25.3394 31.3 19.2336
      vertex 25.75 34 19.0311
      vertex 25.75 31.3 19.0311
    endloop
  endfacet
  facet normal -0.442314 0 -0.89686
    outer loop
      vertex 25.75 34 19.0311
      vertex 25.3394 31.3 19.2336
      vertex 25.3394 34 19.2336
    endloop
  endfacet
  facet normal -0.0653156 0 0.997865
    outer loop
      vertex 24 34 12.5
      vertex 24.4568 31.3 12.5299
      vertex 24.4568 34 12.5299
    endloop
  endfacet
  facet normal -0.0653156 0 0.997865
    outer loop
      vertex 24.4568 31.3 12.5299
      vertex 24 34 12.5
      vertex 24 31.3 12.5
    endloop
  endfacet
  facet normal 0.555607 0 0.831445
    outer loop
      vertex 21.8693 34 13.2233
      vertex 22.25 31.3 12.9689
      vertex 22.25 34 12.9689
    endloop
  endfacet
  facet normal 0.555607 0 0.831445
    outer loop
      vertex 22.25 31.3 12.9689
      vertex 21.8693 34 13.2233
      vertex 21.8693 31.3 13.2233
    endloop
  endfacet
  facet normal -0.321335 0 0.946966
    outer loop
      vertex 24.9059 34 12.6193
      vertex 25.3394 31.3 12.7664
      vertex 25.3394 34 12.7664
    endloop
  endfacet
  facet normal -0.321335 0 0.946966
    outer loop
      vertex 25.3394 31.3 12.7664
      vertex 24.9059 34 12.6193
      vertex 24.9059 31.3 12.6193
    endloop
  endfacet
  facet normal -0.321335 0 -0.946966
    outer loop
      vertex 24.9059 31.3 19.3807
      vertex 25.3394 34 19.2336
      vertex 25.3394 31.3 19.2336
    endloop
  endfacet
  facet normal -0.321335 0 -0.946966
    outer loop
      vertex 25.3394 34 19.2336
      vertex 24.9059 31.3 19.3807
      vertex 24.9059 34 19.3807
    endloop
  endfacet
  facet normal -0.659278 0 0.7519
    outer loop
      vertex 26.1307 34 13.2233
      vertex 26.4749 31.3 13.5251
      vertex 26.4749 34 13.5251
    endloop
  endfacet
  facet normal -0.659278 0 0.7519
    outer loop
      vertex 26.4749 31.3 13.5251
      vertex 26.1307 34 13.2233
      vertex 26.1307 31.3 13.2233
    endloop
  endfacet
  facet normal -0.555607 0 0.831445
    outer loop
      vertex 25.75 34 12.9689
      vertex 26.1307 31.3 13.2233
      vertex 26.1307 34 13.2233
    endloop
  endfacet
  facet normal -0.555607 0 0.831445
    outer loop
      vertex 26.1307 31.3 13.2233
      vertex 25.75 34 12.9689
      vertex 25.75 31.3 12.9689
    endloop
  endfacet
  facet normal -0.89686 0 -0.442314
    outer loop
      vertex 27.2336 31.3 17.3394
      vertex 27.0311 34 17.75
      vertex 27.2336 34 17.3394
    endloop
  endfacet
  facet normal -0.89686 -0 -0.442314
    outer loop
      vertex 27.0311 34 17.75
      vertex 27.2336 31.3 17.3394
      vertex 27.0311 31.3 17.75
    endloop
  endfacet
  facet normal 0.980757 -0 0.195234
    outer loop
      vertex 20.5299 31.3 15.5432
      vertex 20.6193 34 15.0941
      vertex 20.5299 34 15.5432
    endloop
  endfacet
  facet normal 0.980757 0 0.195234
    outer loop
      vertex 20.6193 34 15.0941
      vertex 20.5299 31.3 15.5432
      vertex 20.6193 31.3 15.0941
    endloop
  endfacet
  facet normal 0.659278 0 0.7519
    outer loop
      vertex 21.5251 34 13.5251
      vertex 21.8693 31.3 13.2233
      vertex 21.8693 34 13.2233
    endloop
  endfacet
  facet normal 0.659278 0 0.7519
    outer loop
      vertex 21.8693 31.3 13.2233
      vertex 21.5251 34 13.5251
      vertex 21.5251 31.3 13.5251
    endloop
  endfacet
  facet normal -0.7519 0 0.659278
    outer loop
      vertex 26.4749 31.3 13.5251
      vertex 26.7767 34 13.8693
      vertex 26.4749 34 13.5251
    endloop
  endfacet
  facet normal -0.7519 0 0.659278
    outer loop
      vertex 26.7767 34 13.8693
      vertex 26.4749 31.3 13.5251
      vertex 26.7767 31.3 13.8693
    endloop
  endfacet
  facet normal 0.89686 -0 0.442314
    outer loop
      vertex 20.7664 31.3 14.6606
      vertex 20.9689 34 14.25
      vertex 20.7664 34 14.6606
    endloop
  endfacet
  facet normal 0.89686 0 0.442314
    outer loop
      vertex 20.9689 34 14.25
      vertex 20.7664 31.3 14.6606
      vertex 20.9689 31.3 14.25
    endloop
  endfacet
  facet normal 0.0653156 0 0.997865
    outer loop
      vertex 23.5432 34 12.5299
      vertex 24 31.3 12.5
      vertex 24 34 12.5
    endloop
  endfacet
  facet normal 0.0653156 0 0.997865
    outer loop
      vertex 24 31.3 12.5
      vertex 23.5432 34 12.5299
      vertex 23.5432 31.3 12.5299
    endloop
  endfacet
  facet normal -0.7519 0 -0.659278
    outer loop
      vertex 26.7767 31.3 18.1307
      vertex 26.4749 34 18.4749
      vertex 26.7767 34 18.1307
    endloop
  endfacet
  facet normal -0.7519 -0 -0.659278
    outer loop
      vertex 26.4749 34 18.4749
      vertex 26.7767 31.3 18.1307
      vertex 26.4749 31.3 18.4749
    endloop
  endfacet
  facet normal 0.555607 0 -0.831445
    outer loop
      vertex 21.8693 31.3 18.7767
      vertex 22.25 34 19.0311
      vertex 22.25 31.3 19.0311
    endloop
  endfacet
  facet normal 0.555607 0 -0.831445
    outer loop
      vertex 22.25 34 19.0311
      vertex 21.8693 31.3 18.7767
      vertex 21.8693 34 18.7767
    endloop
  endfacet
  facet normal -0.997865 0 0.0653156
    outer loop
      vertex 27.4701 31.3 15.5432
      vertex 27.5 34 16
      vertex 27.4701 34 15.5432
    endloop
  endfacet
  facet normal -0.997865 0 0.0653156
    outer loop
      vertex 27.5 34 16
      vertex 27.4701 31.3 15.5432
      vertex 27.5 31.3 16
    endloop
  endfacet
  facet normal -0.442314 0 0.89686
    outer loop
      vertex 25.3394 34 12.7664
      vertex 25.75 31.3 12.9689
      vertex 25.75 34 12.9689
    endloop
  endfacet
  facet normal -0.442314 0 0.89686
    outer loop
      vertex 25.75 31.3 12.9689
      vertex 25.3394 34 12.7664
      vertex 25.3394 31.3 12.7664
    endloop
  endfacet
  facet normal 0.321335 0 0.946966
    outer loop
      vertex 22.6606 34 12.7664
      vertex 23.0941 31.3 12.6193
      vertex 23.0941 34 12.6193
    endloop
  endfacet
  facet normal 0.321335 0 0.946966
    outer loop
      vertex 23.0941 31.3 12.6193
      vertex 22.6606 34 12.7664
      vertex 22.6606 31.3 12.7664
    endloop
  endfacet
  facet normal -0.946966 0 0.321335
    outer loop
      vertex 27.2336 31.3 14.6606
      vertex 27.3807 34 15.0941
      vertex 27.2336 34 14.6606
    endloop
  endfacet
  facet normal -0.946966 0 0.321335
    outer loop
      vertex 27.3807 34 15.0941
      vertex 27.2336 31.3 14.6606
      vertex 27.3807 31.3 15.0941
    endloop
  endfacet
  facet normal 0.659278 0 -0.7519
    outer loop
      vertex 21.5251 31.3 18.4749
      vertex 21.8693 34 18.7767
      vertex 21.8693 31.3 18.7767
    endloop
  endfacet
  facet normal 0.659278 0 -0.7519
    outer loop
      vertex 21.8693 34 18.7767
      vertex 21.5251 31.3 18.4749
      vertex 21.5251 34 18.4749
    endloop
  endfacet
  facet normal 0.442314 0 0.89686
    outer loop
      vertex 22.25 34 12.9689
      vertex 22.6606 31.3 12.7664
      vertex 22.6606 34 12.7664
    endloop
  endfacet
  facet normal 0.442314 0 0.89686
    outer loop
      vertex 22.6606 31.3 12.7664
      vertex 22.25 34 12.9689
      vertex 22.25 31.3 12.9689
    endloop
  endfacet
  facet normal 0.7519 -0 0.659278
    outer loop
      vertex 21.2233 31.3 13.8693
      vertex 21.5251 34 13.5251
      vertex 21.2233 34 13.8693
    endloop
  endfacet
  facet normal 0.7519 0 0.659278
    outer loop
      vertex 21.5251 34 13.5251
      vertex 21.2233 31.3 13.8693
      vertex 21.5251 31.3 13.5251
    endloop
  endfacet
  facet normal -1 0 0
    outer loop
      vertex 43.6 29.6 9.99
      vertex 43.6 7.2 12.4
      vertex 43.6 29.6 12.4
    endloop
  endfacet
  facet normal -1 0 0
    outer loop
      vertex 43.6 6 9.99
      vertex 43.6 7.2 12.4
      vertex 43.6 29.6 9.99
    endloop
  endfacet
  facet normal -1 0 0
    outer loop
      vertex 43.6 6 10
      vertex 43.6 7.2 12.4
      vertex 43.6 6 9.99
    endloop
  endfacet
  facet normal -1 0 0
    outer loop
      vertex 43.6 4.4 13.49
      vertex 43.6 7.2 12.4
      vertex 43.6 6 10
    endloop
  endfacet
  facet normal -1 0 0
    outer loop
      vertex 43.6 4.4 13.49
      vertex 43.6 6 10
      vertex 43.6 4.4 10
    endloop
  endfacet
  facet normal -1 0 0
    outer loop
      vertex 43.6 7.2 12.4
      vertex 43.6 4.4 13.49
      vertex 43.6 7.2 13.49
    endloop
  endfacet
  facet normal 0 0 -1
    outer loop
      vertex 4.4 4.4 13.49
      vertex 43.6 7.2 13.49
      vertex 43.6 4.4 13.49
    endloop
  endfacet
  facet normal -0 0 -1
    outer loop
      vertex 43.6 7.2 13.49
      vertex 4.4 4.4 13.49
      vertex 4.4 7.2 13.49
    endloop
  endfacet
  facet normal -0 0 1
    outer loop
      vertex 36 29.6 9.99
      vertex 43.6 6 9.99
      vertex 43.6 29.6 9.99
    endloop
  endfacet
  facet normal 0 0 1
    outer loop
      vertex 43.6 6 9.99
      vertex 36 29.6 9.99
      vertex 36 6 9.99
    endloop
  endfacet
  facet normal -0 0 1
    outer loop
      vertex 4.4 29.6 9.99
      vertex 12 6 9.99
      vertex 12 29.6 9.99
    endloop
  endfacet
  facet normal 0 0 1
    outer loop
      vertex 12 6 9.99
      vertex 4.4 29.6 9.99
      vertex 4.4 6 9.99
    endloop
  endfacet
  facet normal 1 -0 0
    outer loop
      vertex 4.4 4.4 13.49
      vertex 4.4 7.2 12.4
      vertex 4.4 7.2 13.49
    endloop
  endfacet
  facet normal 1 0 0
    outer loop
      vertex 4.4 7.2 12.4
      vertex 4.4 4.4 13.49
      vertex 4.4 6 10
    endloop
  endfacet
  facet normal 1 0 0
    outer loop
      vertex 4.4 6 10
      vertex 4.4 4.4 13.49
      vertex 4.4 4.4 10
    endloop
  endfacet
  facet normal 1 -0 0
    outer loop
      vertex 4.4 7.2 12.4
      vertex 4.4 29.6 9.99
      vertex 4.4 29.6 12.4
    endloop
  endfacet
  facet normal 1 0 0
    outer loop
      vertex 4.4 6 9.99
      vertex 4.4 7.2 12.4
      vertex 4.4 6 10
    endloop
  endfacet
  facet normal 1 0 0
    outer loop
      vertex 4.4 7.2 12.4
      vertex 4.4 6 9.99
      vertex 4.4 29.6 9.99
    endloop
  endfacet
  facet normal 0 -1 0
    outer loop
      vertex 4.4 29.6 12.4
      vertex 12 29.6 10
      vertex 43.6 29.6 12.4
    endloop
  endfacet
  facet normal 0 -1 0
    outer loop
      vertex 4.4 29.6 9.99
      vertex 12 29.6 10
      vertex 4.4 29.6 12.4
    endloop
  endfacet
  facet normal 0 -1 -0
    outer loop
      vertex 12 29.6 10
      vertex 4.4 29.6 9.99
      vertex 12 29.6 9.99
    endloop
  endfacet
  facet normal 0 -1 0
    outer loop
      vertex 36 29.6 10
      vertex 43.6 29.6 12.4
      vertex 12 29.6 10
    endloop
  endfacet
  facet normal 0 -1 0
    outer loop
      vertex 43.6 29.6 9.99
      vertex 36 29.6 10
      vertex 36 29.6 9.99
    endloop
  endfacet
  facet normal 0 -1 0
    outer loop
      vertex 36 29.6 10
      vertex 43.6 29.6 9.99
      vertex 43.6 29.6 12.4
    endloop
  endfacet
  facet normal 0 1 -0
    outer loop
      vertex 43.6 4.4 10
      vertex 4.4 4.4 13.49
      vertex 43.6 4.4 13.49
    endloop
  endfacet
  facet normal 0 1 0
    outer loop
      vertex 4.4 4.4 13.49
      vertex 43.6 4.4 10
      vertex 4.4 4.4 10
    endloop
  endfacet
  facet normal 1 -0 0
    outer loop
      vertex 29 8.2 195
      vertex 29 12.2 115
      vertex 29 12.2 195
    endloop
  endfacet
  facet normal 1 0 0
    outer loop
      vertex 29 12.2 115
      vertex 29 8.2 195
      vertex 29 8.2 115
    endloop
  endfacet
  facet normal -0 0 1
    outer loop
      vertex 19 12.2 195
      vertex 29 8.2 195
      vertex 29 12.2 195
    endloop
  endfacet
  facet normal 0 0 1
    outer loop
      vertex 29 8.2 195
      vertex 19 12.2 195
      vertex 19 8.2 195
    endloop
  endfacet
  facet normal 0 0 -1
    outer loop
      vertex 27 8.2 115
      vertex 29 12.2 115
      vertex 29 8.2 115
    endloop
  endfacet
  facet normal -0 0 -1
    outer loop
      vertex 29 12.2 115
      vertex 27 8.2 115
      vertex 27 12.2 115
    endloop
  endfacet
  facet normal 0 0 -1
    outer loop
      vertex 19 8.2 115
      vertex 21 12.2 115
      vertex 21 8.2 115
    endloop
  endfacet
  facet normal -0 0 -1
    outer loop
      vertex 21 12.2 115
      vertex 19 8.2 115
      vertex 19 12.2 115
    endloop
  endfacet
  facet normal -1 0 0
    outer loop
      vertex 19 8.2 115
      vertex 19 12.2 195
      vertex 19 12.2 115
    endloop
  endfacet
  facet normal -1 -0 0
    outer loop
      vertex 19 12.2 195
      vertex 19 8.2 115
      vertex 19 8.2 195
    endloop
  endfacet
  facet normal 0 1 0
    outer loop
      vertex 29 12.2 195
      vertex 27 12.2 120
      vertex 19 12.2 195
    endloop
  endfacet
  facet normal 0 1 -0
    outer loop
      vertex 29 12.2 115
      vertex 27 12.2 120
      vertex 29 12.2 195
    endloop
  endfacet
  facet normal 0 1 0
    outer loop
      vertex 27 12.2 120
      vertex 29 12.2 115
      vertex 27 12.2 115
    endloop
  endfacet
  facet normal 0 1 -0
    outer loop
      vertex 21 12.2 120
      vertex 19 12.2 195
      vertex 27 12.2 120
    endloop
  endfacet
  facet normal 0 1 0
    outer loop
      vertex 19 12.2 115
      vertex 21 12.2 120
      vertex 21 12.2 115
    endloop
  endfacet
  facet normal 0 1 0
    outer loop
      vertex 21 12.2 120
      vertex 19 12.2 115
      vertex 19 12.2 195
    endloop
  endfacet
  facet normal 0 -1 0
    outer loop
      vertex 19 8.2 195
      vertex 21 8.2 120
      vertex 29 8.2 195
    endloop
  endfacet
  facet normal 0 -1 0
    outer loop
      vertex 19 8.2 115
      vertex 21 8.2 120
      vertex 19 8.2 195
    endloop
  endfacet
  facet normal 0 -1 -0
    outer loop
      vertex 21 8.2 120
      vertex 19 8.2 115
      vertex 21 8.2 115
    endloop
  endfacet
  facet normal 0 -1 0
    outer loop
      vertex 27 8.2 120
      vertex 29 8.2 195
      vertex 21 8.2 120
    endloop
  endfacet
  facet normal 0 -1 0
    outer loop
      vertex 29 8.2 115
      vertex 27 8.2 120
      vertex 27 8.2 115
    endloop
  endfacet
  facet normal 0 -1 0
    outer loop
      vertex 27 8.2 120
      vertex 29 8.2 115
      vertex 29 8.2 195
    endloop
  endfacet
  facet normal 1 0 0
    outer loop
      vertex 27 8.2 120
      vertex 27 8 120
      vertex 27 8.2 115
    endloop
  endfacet
  facet normal 1 0 0
    outer loop
      vertex 27 12.2 115
      vertex 27 22.46 120
      vertex 27 12.2 120
    endloop
  endfacet
  facet normal 1 0 0
    outer loop
      vertex 27 22.46 120
      vertex 27 12.2 115
      vertex 27 22.46 10
    endloop
  endfacet
  facet normal 1 0 0
    outer loop
      vertex 27 8 10
      vertex 27 12.2 115
      vertex 27 8.2 115
    endloop
  endfacet
  facet normal 1 0 0
    outer loop
      vertex 27 12.2 115
      vertex 27 8 10
      vertex 27 22.46 10
    endloop
  endfacet
  facet normal 1 0 0
    outer loop
      vertex 27 8 10
      vertex 27 8.2 115
      vertex 27 8 120
    endloop
  endfacet
  facet normal -0 0 1
    outer loop
      vertex 21 22.46 120
      vertex 27 12.2 120
      vertex 27 22.46 120
    endloop
  endfacet
  facet normal 0 0 1
    outer loop
      vertex 27 12.2 120
      vertex 21 22.46 120
      vertex 21 12.2 120
    endloop
  endfacet
  facet normal -0 0 1
    outer loop
      vertex 21 8.2 120
      vertex 27 8 120
      vertex 27 8.2 120
    endloop
  endfacet
  facet normal 0 0 1
    outer loop
      vertex 27 8 120
      vertex 21 8.2 120
      vertex 21 8 120
    endloop
  endfacet
  facet normal 0 0 -1
    outer loop
      vertex 21 8 10
      vertex 27 22.46 10
      vertex 27 8 10
    endloop
  endfacet
  facet normal -0 0 -1
    outer loop
      vertex 27 22.46 10
      vertex 21 8 10
      vertex 21 22.46 10
    endloop
  endfacet
  facet normal -1 0 0
    outer loop
      vertex 21 22.46 10
      vertex 21 12.2 115
      vertex 21 22.46 120
    endloop
  endfacet
  facet normal -1 0 0
    outer loop
      vertex 21 8 10
      vertex 21 12.2 115
      vertex 21 22.46 10
    endloop
  endfacet
  facet normal -1 -0 0
    outer loop
      vertex 21 12.2 115
      vertex 21 8 10
      vertex 21 8.2 115
    endloop
  endfacet
  facet normal -1 0 0
    outer loop
      vertex 21 8 120
      vertex 21 8.2 115
      vertex 21 8 10
    endloop
  endfacet
  facet normal -1 0 0
    outer loop
      vertex 21 8.2 115
      vertex 21 8 120
      vertex 21 8.2 120
    endloop
  endfacet
  facet normal -1 -0 0
    outer loop
      vertex 21 22.46 120
      vertex 21 12.2 115
      vertex 21 12.2 120
    endloop
  endfacet
  facet normal 0 1 -0
    outer loop
      vertex 27 22.46 10
      vertex 21 22.46 120
      vertex 27 22.46 120
    endloop
  endfacet
  facet normal 0 1 0
    outer loop
      vertex 21 22.46 120
      vertex 27 22.46 10
      vertex 21 22.46 10
    endloop
  endfacet
  facet normal 0 -1 0
    outer loop
      vertex 21 8 10
      vertex 27 8 120
      vertex 21 8 120
    endloop
  endfacet
  facet normal 0 -1 -0
    outer loop
      vertex 27 8 120
      vertex 21 8 10
      vertex 27 8 10
    endloop
  endfacet
endsolid OpenSCAD_Model
